title,date,duration_s,enclosure_url,enclosure_bytes,guid
Don Cox on the Economics of Parenting,2006-03-16,2096,https://cdn.simplecast.com/audio/6fdba5/6fdba516-8381-43b0-b29f-59d05512b693/104f5e24-afbe-4721-8a99-adca4c58a6eb/cox-radio_tc.mp3?aid=rss_feed&feed=wgl4xEgL,16771137,http://www.econlib.org/library/Downloads/Cox_Radio.mp3
Michael Munger on Ticket Scalping and Opportunity Cost,2006-04-10,1785,https://cdn.simplecast.com/audio/6fdba5/6fdba516-8381-43b0-b29f-59d05512b693/6f832c26-88db-42ce-936d-436f19b97eeb/munger-radio_tc.mp3?aid=rss_feed&feed=wgl4xEgL,14283235,http://www.econlib.org/library/Downloads/Munger_Radio.mp3
Skip Sauer on the Economics of Sports,2006-04-18,2381,https://cdn.simplecast.com/audio/6fdba5/6fdba516-8381-43b0-b29f-59d05512b693/d91d2b69-9b8e-4e89-93fe-fea5669aff07/sauer-sports_tc.mp3?aid=rss_feed&feed=wgl4xEgL,19050896,http://www.econlib.org/library/Downloads/Sauer_Sports.mp3
Don Cox on the Economics of Inheritance,2006-05-04,2347,https://cdn.simplecast.com/audio/6fdba5/6fdba516-8381-43b0-b29f-59d05512b693/f5392114-336d-4648-ba67-40369a3a1e64/cox-parents_tc.mp3?aid=rss_feed&feed=wgl4xEgL,18777341,http://www.econlib.org/library/Downloads/Cox_Parents.mp3
Alex Tabarrok on the Economics of Medical Malpractice,2006-05-30,2352,https://cdn.simplecast.com/audio/6fdba5/6fdba516-8381-43b0-b29f-59d05512b693/fa34716d-b6d4-45b7-8806-15d74abc0c9b/malpractice_tc.mp3?aid=rss_feed&feed=wgl4xEgL,18821018,http://www.econlib.org/library/Downloads/Malpractice.mp3
Richard Epstein on the Economics of Organ Donation,2006-06-05,2387,https://cdn.simplecast.com/audio/6fdba5/6fdba516-8381-43b0-b29f-59d05512b693/71fcc0eb-7c4c-416c-bbab-c4d9146687a6/kidneys_tc.mp3?aid=rss_feed&feed=wgl4xEgL,19103350,http://www.econlib.org/library/Downloads/Kidneys.mp3
Russ Roberts on Intermittent Explosive Disorder: Mental Illness or Made-Up Malady?,2006-06-16,1452,https://cdn.simplecast.com/audio/6fdba5/6fdba516-8381-43b0-b29f-59d05512b693/2dc8add0-427d-4fa0-8a3e-6c2a17d2da92/robertsdisorder_tc.mp3?aid=rss_feed&feed=wgl4xEgL,5811120,http://www.econlib.org/library/Downloads/Robertsdisorder.mp3
Michael Munger on Giving Away Money: An Economist's Guide to Political Life,2006-06-23,1731,https://cdn.simplecast.com/audio/6fdba5/6fdba516-8381-43b0-b29f-59d05512b693/8a77e83a-c481-434d-a8d7-c767294f549b/mungerrentseeking_tc.mp3?aid=rss_feed&feed=wgl4xEgL,6927696,http://www.econlib.org/library/Downloads/Mungerrentseeking.mp3
An Interview with Gary Becker,2006-07-10,1790,https://cdn.simplecast.com/audio/6fdba5/6fdba516-8381-43b0-b29f-59d05512b693/1b12802c-798b-4749-ba33-9d7e005880ed/beckerinterview_tc.mp3?aid=rss_feed&feed=wgl4xEgL,7161120,http://www.econlib.org/library/Downloads/Beckerinterview.mp3
Robert Barro on Growth,2006-07-17,2839,https://cdn.simplecast.com/audio/6fdba5/6fdba516-8381-43b0-b29f-59d05512b693/7567041e-9970-4f0e-9314-f5a204b687bd/barrogrowth_tc.mp3?aid=rss_feed&feed=wgl4xEgL,11358432,http://www.econlib.org/library/Downloads/Barrogrowth.mp3
Making Schools Better: A Conversation with Rick Hanushek,2006-07-24,2067,https://cdn.simplecast.com/audio/6fdba5/6fdba516-8381-43b0-b29f-59d05512b693/68a348a5-4d74-4e48-b1f8-1d1753d026e7/hanushekeducation_tc.mp3?aid=rss_feed&feed=wgl4xEgL,8270928,http://www.econlib.org/library/Downloads/Hanushekeducation.mp3
John Cogan on Improving the Health Care System,2006-07-31,3157,https://cdn.simplecast.com/audio/6fdba5/6fdba516-8381-43b0-b29f-59d05512b693/df2e8117-c97e-475a-a7fe-dda631d222de/coganhealth_tc.mp3?aid=rss_feed&feed=wgl4xEgL,12629232,http://www.econlib.org/library/Downloads/Coganhealth.mp3
Chris Anderson and the Long Tail,2006-08-07,3156,https://cdn.simplecast.com/audio/6fdba5/6fdba516-8381-43b0-b29f-59d05512b693/e096a07a-2389-4d73-939b-95beed701b9e/andersontail_tc.mp3?aid=rss_feed&feed=wgl4xEgL,12626651,http://www.econlib.org/library/Downloads/Andersontail.mp3
The Political Economy of Power,2006-08-14,5282,https://cdn.simplecast.com/audio/6fdba5/6fdba516-8381-43b0-b29f-59d05512b693/9aba1b0e-7ccf-445d-893c-9f539d6a1ae4/buenodemesquitapower_tc.mp3?aid=rss_feed&feed=wgl4xEgL,21128359,http://www.econlib.org/library/Downloads/BuenodeMesquitapower.mp3
Milton Friedman on Money,2006-08-28,1603,https://cdn.simplecast.com/audio/6fdba5/6fdba516-8381-43b0-b29f-59d05512b693/7fe25c30-1e21-4cea-be7c-581487494780/friedmanmoney_tc.mp3?aid=rss_feed&feed=wgl4xEgL,6412748,http://www.econlib.org/library/Downloads/Friedmanmoney.mp3
Milton Friedman on Capitalism and Freedom,2006-09-04,2608,https://cdn.simplecast.com/audio/6fdba5/6fdba516-8381-43b0-b29f-59d05512b693/276f872b-bfb7-47cf-927b-c83dca21e1d2/friedmanfreedom_tc.mp3?aid=rss_feed&feed=wgl4xEgL,10432888,http://www.econlib.org/library/Downloads/Friedmanfreedom.mp3
Richard Epstein on Legislators vs. Wal-Mart,2006-09-11,2643,https://cdn.simplecast.com/audio/6fdba5/6fdba516-8381-43b0-b29f-59d05512b693/27d6d163-17b0-4fa3-ab23-2b7bc7dbeea4/epsteinwalmart_tc.mp3?aid=rss_feed&feed=wgl4xEgL,10573845,http://www.econlib.org/library/Downloads/Epsteinwalmart.mp3
Ed Glaeser on the Economics of Paternalism,2006-09-18,2629,https://cdn.simplecast.com/audio/6fdba5/6fdba516-8381-43b0-b29f-59d05512b693/37bcf80c-d00a-43c4-bd62-19e511852f63/glaesergovernment_tc.mp3?aid=rss_feed&feed=wgl4xEgL,10518465,http://www.econlib.org/library/Downloads/Glaesergovernment.mp3
Darius Lakdawalla on the Economics of Obesity,2006-09-25,2814,https://cdn.simplecast.com/audio/6fdba5/6fdba516-8381-43b0-b29f-59d05512b693/8c9a55f1-8b12-4b5e-898f-028bc89095c2/lakdawallafat_tc.mp3?aid=rss_feed&feed=wgl4xEgL,11256686,http://www.econlib.org/library/Downloads/Lakdawallafat.mp3
Michael Munger on Private vs. Public Risk-Taking,2006-10-03,3110,https://cdn.simplecast.com/audio/6fdba5/6fdba516-8381-43b0-b29f-59d05512b693/caabd44e-a1d5-4ae7-afb7-d8a7f9fd1e4f/mungerpublic_tc.mp3?aid=rss_feed&feed=wgl4xEgL,12443040,http://www.econlib.org/library/Downloads/Mungerpublic.mp3
Larry Iannaccone on the Economics of Religion,2006-10-09,4094,https://cdn.simplecast.com/audio/6fdba5/6fdba516-8381-43b0-b29f-59d05512b693/08cb2943-8e88-4997-9a3d-41359067308b/iannacconereligion_tc.mp3?aid=rss_feed&feed=wgl4xEgL,16376976,http://www.econlib.org/library/Downloads/Iannacconereligion.mp3
"Walter Williams on Life, Liberty and Economics",2006-10-16,3789,https://cdn.simplecast.com/audio/6fdba5/6fdba516-8381-43b0-b29f-59d05512b693/f12c2563-e5ca-48f0-8741-59408c2da739/williamsinterview_tc.mp3?aid=rss_feed&feed=wgl4xEgL,15156432,http://www.econlib.org/library/Downloads/Williamsinterview.mp3
Skip Sauer on the Economics of Moneyball,2006-10-23,3675,https://cdn.simplecast.com/audio/6fdba5/6fdba516-8381-43b0-b29f-59d05512b693/f1e7a1f7-fcae-489d-9d40-aeeee4c07fa1/sauermoneyball_tc.mp3?aid=rss_feed&feed=wgl4xEgL,14701536,http://www.econlib.org/library/Downloads/SauerMoneyball.mp3
Clint Bolick Defends Judicial Activism,2006-10-31,3339,https://cdn.simplecast.com/audio/6fdba5/6fdba516-8381-43b0-b29f-59d05512b693/055a4d5c-d30f-4001-b90d-650ff0f241a2/bolickjudicial_tc.mp3?aid=rss_feed&feed=wgl4xEgL,13359744,http://www.econlib.org/library/Downloads/Bolickjudicial.mp3
Richard Thaler on Libertarian Paternalism,2006-11-06,3760,https://cdn.simplecast.com/audio/6fdba5/6fdba516-8381-43b0-b29f-59d05512b693/9fef3992-9e6c-43f5-b062-84728b163971/thalergovernment_tc.mp3?aid=rss_feed&feed=wgl4xEgL,15042142,http://www.econlib.org/library/Downloads/Thalergovernment.mp3
Sam Peltzman on Regulation,2006-11-13,3238,https://cdn.simplecast.com/audio/6fdba5/6fdba516-8381-43b0-b29f-59d05512b693/f55fd220-4b4a-4df7-8cba-6ea21d806698/peltzmanregulationa_tc.mp3?aid=rss_feed&feed=wgl4xEgL,12953496,http://files.libertyfund.org/econtalk/PeltzmanregulationA.mp3
Stanley Engerman on Slavery,2006-11-21,4251,https://cdn.simplecast.com/audio/6fdba5/6fdba516-8381-43b0-b29f-59d05512b693/6e43cee4-ddb6-46e6-87ed-83eebfdb44a5/engermanslavery_tc.mp3?aid=rss_feed&feed=wgl4xEgL,17006237,http://www.econlib.org/library/Downloads/Engermanslavery.mp3
Virginia Postrel on Style,2006-11-27,3510,https://cdn.simplecast.com/audio/6fdba5/6fdba516-8381-43b0-b29f-59d05512b693/b4b48abf-de9e-4c8b-b1c6-5a3022236dd0/postrelstyle_tc.mp3?aid=rss_feed&feed=wgl4xEgL,14041652,http://www.econlib.org/library/Downloads/Postrelstyle.mp3
Bryan Caplan on Discrimination and Labor Markets,2006-12-04,3465,https://cdn.simplecast.com/audio/6fdba5/6fdba516-8381-43b0-b29f-59d05512b693/c20a294d-4bfa-4bae-87f0-74b58b1e277b/caplandiscrimination_tc.mp3?aid=rss_feed&feed=wgl4xEgL,13860571,http://www.econlib.org/library/Downloads/Caplandiscrimination.mp3
Don Boudreaux on Law and Legislation,2006-12-11,4407,https://cdn.simplecast.com/audio/6fdba5/6fdba516-8381-43b0-b29f-59d05512b693/e620ca4a-0daa-4f8e-8fdb-21e066a71d15/boudreauxhayek_tc.mp3?aid=rss_feed&feed=wgl4xEgL,17631086,http://www.econlib.org/library/Downloads/BoudreauxHayek.mp3
Peter Boettke on Katrina and the Economics of Disaster,2006-12-18,4511,https://cdn.simplecast.com/audio/6fdba5/6fdba516-8381-43b0-b29f-59d05512b693/325c102a-712d-4165-8711-6668a4c56710/boettkedisasters_tc.mp3?aid=rss_feed&feed=wgl4xEgL,18046015,http://www.econlib.org/library/Downloads/Boettkedisasters.mp3
Michael Munger on Price Gouging,2007-01-08,3608,https://cdn.simplecast.com/audio/6fdba5/6fdba516-8381-43b0-b29f-59d05512b693/27bfe15d-5473-45e0-8faa-0b053a264d94/mungergouging_tc.mp3?aid=rss_feed&feed=wgl4xEgL,14433176,http://www.econlib.org/library/Downloads/Mungergouging.mp3
Bruce Yandle on Bootleggers and Baptists,2007-01-15,4127,https://cdn.simplecast.com/audio/6fdba5/6fdba516-8381-43b0-b29f-59d05512b693/7fe4bde3-5c3c-48de-b142-08c1978a7d77/yandleregulation_tc.mp3?aid=rss_feed&feed=wgl4xEgL,16511582,http://www.econlib.org/library/Downloads/y2007/Yandleregulation.mp3
"Greg Mankiw on Gasoline Taxes, Keynes and Macroeconomics",2007-01-22,3624,https://cdn.simplecast.com/audio/6fdba5/6fdba516-8381-43b0-b29f-59d05512b693/6def6ad8-ddfc-4ea3-b3b8-12e1eed53372/mankiwmacro_tc.mp3?aid=rss_feed&feed=wgl4xEgL,14499213,http://www.econlib.org/library/Downloads/y2007/Mankiwmacro.mp3
Michael Lewis on the Hidden Economics of Baseball and Football,2007-01-29,4556,https://cdn.simplecast.com/audio/6fdba5/6fdba516-8381-43b0-b29f-59d05512b693/abb60933-35a5-4104-a256-c62b8194d921/lewissports_tc.mp3?aid=rss_feed&feed=wgl4xEgL,18227931,http://www.econlib.org/library/Downloads/y2007/Lewissports.mp3
"Bob Lucas on Growth, Poverty and Business Cycles",2007-02-05,2894,https://cdn.simplecast.com/audio/6fdba5/6fdba516-8381-43b0-b29f-59d05512b693/19ea9846-659e-420a-af6c-a844eb48324c/lucasgrowth_tc.mp3?aid=rss_feed&feed=wgl4xEgL,11578201,http://www.econlib.org/library/Downloads/y2007/Lucasgrowth.mp3
Bruce Bueno de Mesquita on Democracies and Dictatorships,2007-02-12,4015,https://cdn.simplecast.com/audio/6fdba5/6fdba516-8381-43b0-b29f-59d05512b693/b0453023-a97b-49c3-96ed-7d81c7a541d2/buenodemesquitademocracy_tc.mp3?aid=rss_feed&feed=wgl4xEgL,16060604,http://www.econlib.org/library/Downloads/y2007/BuenodeMesquitademocracy.mp3
Richard Epstein on Property Rights and Drug Patents,2007-02-19,3972,https://cdn.simplecast.com/audio/6fdba5/6fdba516-8381-43b0-b29f-59d05512b693/4cf24773-ed13-49e9-8d2a-7581a9eb46f3/epsteindrugs_tc.mp3?aid=rss_feed&feed=wgl4xEgL,15888718,http://www.econlib.org/library/Downloads/y2007/Epsteindrugs.mp3
Viviana Zelizer on Money and Intimacy,2007-02-26,3298,https://cdn.simplecast.com/audio/6fdba5/6fdba516-8381-43b0-b29f-59d05512b693/8328502b-9a47-4e06-a27c-aa10381bc570/zelizermoney_tc.mp3?aid=rss_feed&feed=wgl4xEgL,13195703,http://www.econlib.org/library/Downloads/y2007/Zelizermoney.mp3
Gregg Easterbrook on the American Standard of Living,2007-03-05,3322,https://cdn.simplecast.com/audio/6fdba5/6fdba516-8381-43b0-b29f-59d05512b693/dcca31ec-cfd0-452d-b901-96c6028f69e7/easterbrookamerica_tc.mp3?aid=rss_feed&feed=wgl4xEgL,13289430,http://www.econlib.org/library/Downloads/y2007/EasterbrookAmerica.mp3
"Tyler Cowen on Liberty, Art, Food and Everything Else in Between",2007-03-12,3331,https://cdn.simplecast.com/audio/6fdba5/6fdba516-8381-43b0-b29f-59d05512b693/4470e2b8-f792-466e-b5ae-fdabcb41bae9/cowenart_tc.mp3?aid=rss_feed&feed=wgl4xEgL,13325793,http://www.econlib.org/library/Downloads/y2007/Cowenart.mp3
David Leonhardt on the Media,2007-03-19,3463,https://cdn.simplecast.com/audio/6fdba5/6fdba516-8381-43b0-b29f-59d05512b693/5a31e7d4-d944-4354-87de-552da1ea1b00/leonhardtmedia_tc.mp3?aid=rss_feed&feed=wgl4xEgL,13853153,http://www.econlib.org/library/Downloads/y2007/Leonhardtmedia.mp3
Kevin Kelly on the Future of the Web and Everything Else,2007-03-26,4193,https://cdn.simplecast.com/audio/6fdba5/6fdba516-8381-43b0-b29f-59d05512b693/0e9a7595-b287-4649-b0aa-88c3ce333d5e/kellyweb_tc.mp3?aid=rss_feed&feed=wgl4xEgL,16774060,http://www.econlib.org/library/Downloads/y2007/Kellyweb.mp3
Mike Munger on the Division of Labor,2007-04-02,3697,https://cdn.simplecast.com/audio/6fdba5/6fdba516-8381-43b0-b29f-59d05512b693/6f178987-cd97-4ee4-90df-989c309495b3/mungerlabor_tc.mp3?aid=rss_feed&feed=wgl4xEgL,14788963,http://www.econlib.org/library/Downloads/y2007/Mungerlabor.mp3
John Bogle on Investing,2007-04-09,3510,https://cdn.simplecast.com/audio/6fdba5/6fdba516-8381-43b0-b29f-59d05512b693/7ebbb6a1-c253-4609-b0bd-61658c05fd9b/bogleinvesting_tc.mp3?aid=rss_feed&feed=wgl4xEgL,14042279,http://www.econlib.org/library/Downloads/y2007/Bogleinvesting.mp3
"Don Boudreaux on the Economics of ""Buy Local""",2007-04-16,3351,https://cdn.simplecast.com/audio/6fdba5/6fdba516-8381-43b0-b29f-59d05512b693/041bb216-4c70-49f9-b383-2c6d7cbedcdf/boudreauxlocal_tc.mp3?aid=rss_feed&feed=wgl4xEgL,13407608,http://www.econlib.org/library/Downloads/y2007/Boudreauxlocal.mp3
Alvin Rabushka on the Flat Tax,2007-04-23,3856,https://cdn.simplecast.com/audio/6fdba5/6fdba516-8381-43b0-b29f-59d05512b693/224e88fc-7c26-4218-bc8b-400dcf6ba2fb/rabushkataxes_tc.mp3?aid=rss_feed&feed=wgl4xEgL,15427187,http://www.econlib.org/library/Downloads/y2007/Rabushkataxes.mp3
Nassim Nicholas Taleb on Black Swans,2007-04-30,5010,https://cdn.simplecast.com/audio/6fdba5/6fdba516-8381-43b0-b29f-59d05512b693/4972e12a-3ac0-4f71-8897-8cf714634d60/talebswan_tc.mp3?aid=rss_feed&feed=wgl4xEgL,20041352,http://www.econlib.org/library/Downloads/y2007/Talebswan.mp3
"John Allison on Strategy, Profits, and Self-Interest",2007-05-07,3431,https://cdn.simplecast.com/audio/6fdba5/6fdba516-8381-43b0-b29f-59d05512b693/f2d817ed-5f5c-49a5-85e2-96d89eb4a2f9/allisonstrategy_tc.mp3?aid=rss_feed&feed=wgl4xEgL,13724839,http://www.econlib.org/library/Downloads/y2007/Allisonstrategy.mp3
"Cass Sunstein on Infotopia, Information and Decision-Making",2007-05-14,3904,https://cdn.simplecast.com/audio/6fdba5/6fdba516-8381-43b0-b29f-59d05512b693/5ac56310-6d0b-4d73-81af-1298a95ef288/sunsteininformation_tc.mp3?aid=rss_feed&feed=wgl4xEgL,15617463,http://www.econlib.org/library/Downloads/y2007/Sunsteininformation.mp3
Vernon Smith on Markets and Experimental Economics,2007-05-21,3973,https://cdn.simplecast.com/audio/6fdba5/6fdba516-8381-43b0-b29f-59d05512b693/07f76249-8342-4861-aad4-e68b4247e931/smithexperimental_tc.mp3?aid=rss_feed&feed=wgl4xEgL,15895719,http://www.econlib.org/library/Downloads/y2007/Smithexperimental.mp3
Robin Hanson on Health,2007-05-28,4336,https://cdn.simplecast.com/audio/6fdba5/6fdba516-8381-43b0-b29f-59d05512b693/09aab913-6c95-4a64-821a-c4bb63de9206/hansonhealth_tc.mp3?aid=rss_feed&feed=wgl4xEgL,34689148,http://www.econlib.org/library/Downloads/y2007/Hansonhealth.mp3
Amity Shlaes on the Great Depression,2007-06-04,3990,https://cdn.simplecast.com/audio/6fdba5/6fdba516-8381-43b0-b29f-59d05512b693/369331d7-cf21-472d-816a-59f66679e091/shlaesgreatdepression_tc.mp3?aid=rss_feed&feed=wgl4xEgL,31922467,http://www.econlib.org/library/Downloads/y2007/Shlaesgreatdepression.mp3
Dan Pink on How Half Your Brain Can Save Your Job,2007-06-11,4033,https://cdn.simplecast.com/audio/6fdba5/6fdba516-8381-43b0-b29f-59d05512b693/62084d41-9a59-4677-bc35-175043d78422/pinkmind_tc.mp3?aid=rss_feed&feed=wgl4xEgL,32266656,http://www.econlib.org/library/Downloads/y2007/Pinkmind.mp3
David Weinberger on Everything is Miscellaneous and the Wonderful World of Digital Information,2007-06-18,4492,https://cdn.simplecast.com/audio/6fdba5/6fdba516-8381-43b0-b29f-59d05512b693/929c8b23-f235-45f6-b309-796622f56ac6/weinbergerinformation_tc.mp3?aid=rss_feed&feed=wgl4xEgL,35939891,http://www.econlib.org/library/Downloads/y2007/Weinbergerinformation.mp3
Bryan Caplan on the Myth of the Rational Voter,2007-06-25,4869,https://cdn.simplecast.com/audio/6fdba5/6fdba516-8381-43b0-b29f-59d05512b693/582d47fa-f516-49c8-8bdf-9c94a9d661fc/caplanmyth_tc.mp3?aid=rss_feed&feed=wgl4xEgL,38952541,http://www.econlib.org/library/Downloads/y2007/Caplanmyth.mp3
Michael Munger on Recycling,2007-07-02,3750,https://cdn.simplecast.com/audio/6fdba5/6fdba516-8381-43b0-b29f-59d05512b693/7e0f5b64-2326-4683-b4ab-91f261ee3a70/mungerrecycling_tc.mp3?aid=rss_feed&feed=wgl4xEgL,30004452,http://www.econlib.org/library/Downloads/y2007/Mungerrecycling.mp3
Ed Leamer on Outsourcing and Globalization,2007-07-09,3909,https://cdn.simplecast.com/audio/6fdba5/6fdba516-8381-43b0-b29f-59d05512b693/3b522903-b774-4a32-9083-bf2ff4f429f6/leameroutsourcing_tc.mp3?aid=rss_feed&feed=wgl4xEgL,31275048,http://www.econlib.org/library/Downloads/y2007/Leameroutsourcing.mp3
Russ Roberts on Ticket Prices and Scalping,2007-07-16,2429,https://cdn.simplecast.com/audio/6fdba5/6fdba516-8381-43b0-b29f-59d05512b693/8123ca61-c978-43fd-9803-4a4cf72bcfb8/robertsscalping_tc.mp3?aid=rss_feed&feed=wgl4xEgL,19433011,http://www.econlib.org/library/Downloads/y2007/Robertsscalping.mp3
"Bruce Bueno de Mesquita on Reagan, Yeltsin, and the Strategy of Political Campaigning",2007-07-23,4023,https://cdn.simplecast.com/audio/6fdba5/6fdba516-8381-43b0-b29f-59d05512b693/afa990f5-44a2-421b-9558-244a1253c58a/buenodemesquitacampaign_tc.mp3?aid=rss_feed&feed=wgl4xEgL,32186826,http://www.econlib.org/library/Downloads/y2007/BuenodeMesquitacampaign.mp3
David Henderson on Disagreeable Economists,2007-07-30,3610,https://cdn.simplecast.com/audio/6fdba5/6fdba516-8381-43b0-b29f-59d05512b693/da2249f6-0b2a-4ea7-8634-03071fd70aa5/hendersoneconomists_tc.mp3?aid=rss_feed&feed=wgl4xEgL,28887665,http://www.econlib.org/library/Downloads/y2007/Hendersoneconomists.mp3
Eric Hanushek on Educational Quality and Economic Growth,2007-08-06,3789,https://cdn.simplecast.com/audio/6fdba5/6fdba516-8381-43b0-b29f-59d05512b693/df59c9b4-7397-44b1-b711-f6c9902fe5bc/hanushekquality_tc.mp3?aid=rss_feed&feed=wgl4xEgL,30315623,http://www.econlib.org/library/Downloads/y2007/Hanushekquality.mp3
"Barry Weingast on Violence, Power and a Theory of Nearly Everything",2007-08-13,3922,https://cdn.simplecast.com/audio/6fdba5/6fdba516-8381-43b0-b29f-59d05512b693/f5ab4775-22fd-4cf4-883b-209d2f9434d5/weingastpower_tc.mp3?aid=rss_feed&feed=wgl4xEgL,31383300,http://www.econlib.org/library/Downloads/y2007/Weingastpower.mp3
"Deborah Gordon on Ants, Humans, the Division of Labor and Emergent Order",2007-08-20,3969,https://cdn.simplecast.com/audio/6fdba5/6fdba516-8381-43b0-b29f-59d05512b693/0634a4d7-94c4-4751-bbad-1246268215b9/gordonants_tc.mp3?aid=rss_feed&feed=wgl4xEgL,31757373,http://www.econlib.org/library/Downloads/y2007/Gordonants.mp3
Paul Romer on Growth,2007-08-27,4628,https://cdn.simplecast.com/audio/6fdba5/6fdba516-8381-43b0-b29f-59d05512b693/0fe11031-45ea-4043-8a1f-39202f1d11ad/romergrowth_tc.mp3?aid=rss_feed&feed=wgl4xEgL,37029719,http://www.econlib.org/library/Downloads/y2007/Romergrowth.mp3
"George Shultz on Economics, Human Rights and the Fall of the Soviet Union",2007-09-03,2148,https://cdn.simplecast.com/audio/6fdba5/6fdba516-8381-43b0-b29f-59d05512b693/98c3299b-e08d-416b-983e-e0542e126f50/shultzeconomics_tc.mp3?aid=rss_feed&feed=wgl4xEgL,17190451,http://www.econlib.org/library/Downloads/y2007/Shultzeconomics.mp3
Tyler Cowen on Your Inner Economist,2007-09-10,3503,https://cdn.simplecast.com/audio/6fdba5/6fdba516-8381-43b0-b29f-59d05512b693/cd7f4b96-20a0-4a86-b06b-fa6eca8ad2ac/coweneconomist_tc.mp3?aid=rss_feed&feed=wgl4xEgL,28028968,http://www.econlib.org/library/Downloads/y2007/Coweneconomist.mp3
"Richard Epstein on Property Rights, Zoning and Kelo",2007-09-17,2489,https://cdn.simplecast.com/audio/6fdba5/6fdba516-8381-43b0-b29f-59d05512b693/e8e3edab-bf9e-4e6e-9b82-974c1b164231/epsteinzoning_tc.mp3?aid=rss_feed&feed=wgl4xEgL,19916799,http://www.econlib.org/library/Downloads/y2007/Epsteinzoning.mp3
"Grab Bag: Mike Munger and Russ Roberts on Recycling, Peak Oil and Steroids",2007-09-24,3919,https://cdn.simplecast.com/audio/6fdba5/6fdba516-8381-43b0-b29f-59d05512b693/28f17148-8970-42cd-b540-ae709b69a3cb/mungergrabbag_tc.mp3?aid=rss_feed&feed=wgl4xEgL,31352998,http://www.econlib.org/library/Downloads/y2007/Mungergrabbag.mp3
"Don Boudreaux on Market Failure, Government Failure and the Economics of Antitrust Regulation",2007-10-01,3992,https://cdn.simplecast.com/audio/6fdba5/6fdba516-8381-43b0-b29f-59d05512b693/c65e3a5c-cb8c-41f0-8016-b0786a4a5aee/boudreauxantitrust_tc.mp3?aid=rss_feed&feed=wgl4xEgL,31943783,http://www.econlib.org/library/Downloads/y2007/Boudreauxantitrust.mp3
"Thomas McCraw on Schumpeter, Innovation, and Creative Destruction",2007-10-08,4002,https://cdn.simplecast.com/audio/6fdba5/6fdba516-8381-43b0-b29f-59d05512b693/ab417c5e-7876-4989-a1f1-2caed74b68ae/mccrawinnovation_tc.mp3?aid=rss_feed&feed=wgl4xEgL,32022986,http://www.econlib.org/library/Downloads/y2007/Mccrawinnovation.mp3
Robert Frank on Economics Education and the Economic Naturalist,2007-10-15,4142,https://cdn.simplecast.com/audio/6fdba5/6fdba516-8381-43b0-b29f-59d05512b693/884a70b8-890d-4ac9-b77e-13579b4043ca/franknaturalist_tc.mp3?aid=rss_feed&feed=wgl4xEgL,33142072,http://www.econlib.org/library/Downloads/y2007/Franknaturalist.mp3
Ian Ayres on Super Crunchers and the Power of Data,2007-10-22,3764,https://cdn.simplecast.com/audio/6fdba5/6fdba516-8381-43b0-b29f-59d05512b693/529ca34d-b0f7-4344-b007-ce5cc8ca5f78/ayresdata_tc.mp3?aid=rss_feed&feed=wgl4xEgL,30112704,http://www.econlib.org/library/Downloads/y2007/Ayresdata.mp3
Bruce Yandle on the Tragedy of the Commons and the Implications for Environmental Regulation,2007-10-29,5072,https://cdn.simplecast.com/audio/6fdba5/6fdba516-8381-43b0-b29f-59d05512b693/d9c1bd86-ee20-4ba2-8d56-c61996ff5b39/yandlecommons_tc.mp3?aid=rss_feed&feed=wgl4xEgL,40577357,http://www.econlib.org/library/Downloads/y2007/Yandlecommons.mp3
Arnold Kling on the Economics of Health Care and the Crisis of Abundance,2007-11-05,3533,https://cdn.simplecast.com/audio/6fdba5/6fdba516-8381-43b0-b29f-59d05512b693/15a03756-c5e9-4b4d-a291-a6d26150d768/klinghealthcare_tc.mp3?aid=rss_feed&feed=wgl4xEgL,28265115,http://www.econlib.org/library/Downloads/y2007/klinghealthcare.mp3
"Joel Waldfogel on Markets, Choice, and the Tyranny of the Market",2007-11-12,3101,https://cdn.simplecast.com/audio/6fdba5/6fdba516-8381-43b0-b29f-59d05512b693/d94fea90-2c16-405a-a95e-8dc836a09aaa/waldfogelmarkets_tc.mp3?aid=rss_feed&feed=wgl4xEgL,24809847,http://www.econlib.org/library/Downloads/y2007/Waldfogelmarkets.mp3
Henry Aaron on Health Care Costs,2007-11-15,2375,https://cdn.simplecast.com/audio/6fdba5/6fdba516-8381-43b0-b29f-59d05512b693/f9e8ab4b-08d5-4526-89db-e99a2e347f36/aaronhealth_tc.mp3?aid=rss_feed&feed=wgl4xEgL,19000214,http://www.econlib.org/library/Downloads/y2007/Aaronhealth.mp3
Cass Sunstein on Worst-case Scenarios,2007-11-19,3866,https://cdn.simplecast.com/audio/6fdba5/6fdba516-8381-43b0-b29f-59d05512b693/626de606-87af-4073-8080-a14ac99e0802/sunsteinworstcase_tc.mp3?aid=rss_feed&feed=wgl4xEgL,30930650,http://www.econlib.org/library/Downloads/y2007/Sunsteinworstcase.mp3
"Daniel Botkin on Nature, the Environment and Global Warming",2007-11-26,3977,https://cdn.simplecast.com/audio/6fdba5/6fdba516-8381-43b0-b29f-59d05512b693/9945b5d9-8fd6-4a15-9a53-08911690f9b5/botkinnature_tc.mp3?aid=rss_feed&feed=wgl4xEgL,31820694,http://www.econlib.org/library/Downloads/y2007/Botkinnature.mp3
Michael Munger on Fair Trade and Free Trade,2007-12-03,3537,https://cdn.simplecast.com/audio/6fdba5/6fdba516-8381-43b0-b29f-59d05512b693/27022bcd-888f-423a-9c8b-60f68e8f4da6/mungertrade_tc.mp3?aid=rss_feed&feed=wgl4xEgL,28303776,http://www.econlib.org/library/Downloads/y2007/Mungertrade.mp3
Peter Boettke on Austrian Economics,2007-12-10,4673,https://cdn.simplecast.com/audio/6fdba5/6fdba516-8381-43b0-b29f-59d05512b693/3f9c13ea-e15e-4262-bc91-377f90227d3d/boettkeaustrian_tc.mp3?aid=rss_feed&feed=wgl4xEgL,37390836,http://www.econlib.org/library/Downloads/y2007/Boettkeaustrian.mp3
Karol Boudreaux on Property Rights and Incentives in Africa,2007-12-17,3627,https://cdn.simplecast.com/audio/6fdba5/6fdba516-8381-43b0-b29f-59d05512b693/27fe81c7-a651-4a4d-a4af-34a8b64c00fa/boudreauxkafrica_tc.mp3?aid=rss_feed&feed=wgl4xEgL,29017024,http://www.econlib.org/library/Downloads/y2007/BoudreauxKafrica.mp3
William Duggan on Strategic Intuition,2007-12-24,3329,https://cdn.simplecast.com/audio/6fdba5/6fdba516-8381-43b0-b29f-59d05512b693/cbda34e9-b8c2-46e1-b06f-763a1481b601/dugganstrategy_tc.mp3?aid=rss_feed&feed=wgl4xEgL,26638836,http://www.econlib.org/library/Downloads/y2007/Dugganstrategy.mp3
Edward Castronova on the Exodus to the Virtual World,2008-01-07,4303,https://cdn.simplecast.com/audio/6fdba5/6fdba516-8381-43b0-b29f-59d05512b693/ee3bb55c-ab07-4caa-bf4f-e345d4cf993c/castronovavirtual_tc.mp3?aid=rss_feed&feed=wgl4xEgL,34429595,http://www.econlib.org/library/Downloads/y2008/Castronovavirtual.mp3
Michael Munger on the Nature of the Firm,2008-01-14,3743,https://cdn.simplecast.com/audio/6fdba5/6fdba516-8381-43b0-b29f-59d05512b693/db7c0e45-4934-4210-befc-9c89969b4406/mungerfirms_tc.mp3?aid=rss_feed&feed=wgl4xEgL,29944475,http://www.econlib.org/library/Downloads/y2008/Mungerfirms.mp3
Don Boudreaux on Globalization and Trade Deficits,2008-01-21,4794,https://cdn.simplecast.com/audio/6fdba5/6fdba516-8381-43b0-b29f-59d05512b693/28c271d6-74f6-4ccc-a788-b8cddfeb5aba/boudreauxglobal_tc.mp3?aid=rss_feed&feed=wgl4xEgL,38354859,http://www.econlib.org/library/Downloads/y2008/Boudreauxglobal.mp3
Paul Collier on the Bottom Billion,2008-01-28,4126,https://cdn.simplecast.com/audio/6fdba516-8381-43b0-b29f-59d05512b693/episodes/8c624eca-9615-434d-9b32-ea7ba9f0763f/audio/586e72b1-35ed-4b42-b135-1378b676daa8/default_tc.mp3?aid=rss_feed&feed=wgl4xEgL,33015221,http://www.econlib.org/library/Downloads/y2008/Collierbillion.mp3
Dan Klein on Coordination and Cooperation,2008-02-04,4133,https://cdn.simplecast.com/audio/6fdba516-8381-43b0-b29f-59d05512b693/episodes/93fc0894-4b9f-4351-a3ec-6356cecc1671/audio/523a6dc3-1562-4037-9aeb-fa6583dbdca9/default_tc.mp3?aid=rss_feed&feed=wgl4xEgL,33067675,http://www.econlib.org/library/Downloads/y2008/Kleincoordination.mp3
"William Easterly on Growth, Poverty, and Aid",2008-02-11,3697,https://cdn.simplecast.com/audio/6fdba516-8381-43b0-b29f-59d05512b693/episodes/1bf01aa5-2030-4dab-99aa-d284441501d9/audio/549b9eac-d251-41fd-82da-07e011ec62c3/default_tc.mp3?aid=rss_feed&feed=wgl4xEgL,29581687,http://www.econlib.org/library/Downloads/y2008/Easterlypoverty.mp3
Timothy Brook on Vermeer's Hat and the Dawn of Global Trade,2008-02-19,3662,https://cdn.simplecast.com/audio/6fdba516-8381-43b0-b29f-59d05512b693/episodes/da6729e4-fd49-47ed-9bb2-2e97f6d02f5c/audio/5a1bc4be-43b0-4589-9d87-1591de5751dd/default_tc.mp3?aid=rss_feed&feed=wgl4xEgL,29296639,http://www.econlib.org/library/Downloads/y2008/Brooktrade.mp3
Thomas Sowell on Economic Facts and Fallacies,2008-02-25,3982,https://cdn.simplecast.com/audio/6fdba516-8381-43b0-b29f-59d05512b693/episodes/caa8b2b2-1bf0-4e6e-915f-b57217333fa6/audio/45786f52-8ecc-46a8-8273-dd036f630fe1/default_tc.mp3?aid=rss_feed&feed=wgl4xEgL,31858728,http://www.econlib.org/library/Downloads/y2008/Sowellfallacies.mp3
Vernon Smith on Rationality in Economics,2008-03-03,3663,https://cdn.simplecast.com/audio/6fdba516-8381-43b0-b29f-59d05512b693/episodes/1e1b7896-a35b-4958-9e20-bead6e70508f/audio/d9ccb235-c60f-440a-b638-9fc118031391/default_tc.mp3?aid=rss_feed&feed=wgl4xEgL,29305416,http://www.econlib.org/library/Downloads/y2008/Smithrationality.mp3
Stephen Marglin on Markets and Community,2008-03-10,3927,https://cdn.simplecast.com/audio/6fdba516-8381-43b0-b29f-59d05512b693/episodes/071e7894-51b9-4b7a-8186-9872cbb18b5b/audio/4129d43e-fa7d-4f42-8209-dd90cafec63a/default_tc.mp3?aid=rss_feed&feed=wgl4xEgL,31419244,http://www.econlib.org/library/Downloads/y2008/Marglinmarkets.mp3
Tyler Cowen on Monetary Policy,2008-03-17,4130,https://cdn.simplecast.com/audio/6fdba516-8381-43b0-b29f-59d05512b693/episodes/25f10388-1f82-4ecc-91cb-e15a7106b3fa/audio/53ff2ddc-0bbf-4b6d-a2ed-88ca15ab754c/default_tc.mp3?aid=rss_feed&feed=wgl4xEgL,33041971,http://www.econlib.org/library/Downloads/y2008/Cowenmoney.mp3
Michael Munger on Subsidies and Externalities,2008-03-24,3738,https://cdn.simplecast.com/audio/6fdba516-8381-43b0-b29f-59d05512b693/episodes/8ed7918b-888f-4d3f-9a95-f5e7158ee0a4/audio/72e6ed40-1105-406a-8c67-d67cd37b0d66/default_tc.mp3?aid=rss_feed&feed=wgl4xEgL,29906650,http://www.econlib.org/library/Downloads/y2008/Mungersubsidies.mp3
Deirdre McCloskey on Capitalism and the Bourgeois Virtues,2008-03-31,3598,https://cdn.simplecast.com/audio/6fdba516-8381-43b0-b29f-59d05512b693/episodes/ac098a6f-49eb-4bc7-abfd-2e8b9b7d43ac/audio/2f2cbebd-1889-4df7-9384-fd9f0eab90b4/default_tc.mp3?aid=rss_feed&feed=wgl4xEgL,28790281,http://www.econlib.org/library/Downloads/y2008/Mccloskeycapitalism.mp3
Christopher Coyne on Exporting Democracy after War,2008-04-07,4783,https://cdn.simplecast.com/audio/6fdba516-8381-43b0-b29f-59d05512b693/episodes/bb10e0dd-df3b-41c3-b1c7-dcab1a4f0d17/audio/2d6dbb58-96ae-42b0-b890-41430a6e0f4c/default_tc.mp3?aid=rss_feed&feed=wgl4xEgL,38270849,http://www.econlib.org/library/Downloads/y2008/Coynedemocracy.mp3
Diane Coyle on the Soulful Science,2008-04-14,3854,https://cdn.simplecast.com/audio/6fdba516-8381-43b0-b29f-59d05512b693/episodes/483257e6-cbf6-40b5-8702-a87e9c225d6f/audio/830e237f-163e-4b07-8d8f-2a3c63333991/default_tc.mp3?aid=rss_feed&feed=wgl4xEgL,30837863,http://www.econlib.org/library/Downloads/y2008/Coylescience.mp3
Russ Roberts on the Least Pleasant Jobs,2008-04-21,3818,https://cdn.simplecast.com/audio/6fdba516-8381-43b0-b29f-59d05512b693/episodes/08aebcf3-c1c5-47c1-a5e1-1829e2ee70dd/audio/8593b7c2-eaca-4bf5-ab9f-a6166ef77a9f/default_tc.mp3?aid=rss_feed&feed=wgl4xEgL,30550934,http://www.econlib.org/library/Downloads/y2008/Robertsjobs.mp3
William Bernstein on the History of Trade,2008-04-28,4226,https://cdn.simplecast.com/audio/6fdba516-8381-43b0-b29f-59d05512b693/episodes/9d2dbc4d-0b0c-4376-a63e-c893f9728735/audio/9acf71e6-16c2-482a-a6dd-66c6fe8af120/default_tc.mp3?aid=rss_feed&feed=wgl4xEgL,33811016,http://www.econlib.org/library/Downloads/y2008/Bernsteintrade.mp3
"John Nye on Wine, War and Trade",2008-05-05,3860,https://cdn.simplecast.com/audio/6fdba516-8381-43b0-b29f-59d05512b693/episodes/3b44f527-461a-4fa1-b830-40d8db911ac8/audio/8cd229b2-cd84-46eb-a1c3-998f5d2463cd/default_tc.mp3?aid=rss_feed&feed=wgl4xEgL,30887391,http://www.econlib.org/library/Downloads/y2008/Nyetrade.mp3
Chris Anderson on Free,2008-05-12,4304,https://cdn.simplecast.com/audio/6fdba516-8381-43b0-b29f-59d05512b693/episodes/6b382ad7-ac8c-4866-8968-0238a43203b2/audio/8850de31-330c-4ba7-b089-326896c4921e/default_tc.mp3?aid=rss_feed&feed=wgl4xEgL,34434820,http://www.econlib.org/library/Downloads/y2008/Andersonfree.mp3
"Allan Meltzer on the Fed, Money, and Gold",2008-05-19,4815,https://cdn.simplecast.com/audio/6fdba516-8381-43b0-b29f-59d05512b693/episodes/e5232185-54e4-45a9-ba3d-e265b07bb04d/audio/48f0341a-a391-47a0-9e25-abb3657f96de/default_tc.mp3?aid=rss_feed&feed=wgl4xEgL,38523714,http://www.econlib.org/library/Downloads/y2008/Meltzermoney.mp3
Robin Hanson on Signalling,2008-05-26,5122,https://cdn.simplecast.com/audio/6fdba516-8381-43b0-b29f-59d05512b693/episodes/63c8d571-f638-4b31-b415-cceef1220ca2/audio/6936d9b7-f8f3-457f-8da0-e2959c6c6287/default_tc.mp3?aid=rss_feed&feed=wgl4xEgL,40980688,http://www.econlib.org/library/Downloads/y2008/Hansonsignalling.mp3
"Gene Epstein on Gold, the Fed, and Money",2008-06-02,4043,https://cdn.simplecast.com/audio/6fdba5/6fdba516-8381-43b0-b29f-59d05512b693/9c7a7a31-d88a-459d-80b3-6e401b2c548e/epsteinggold_tc.mp3?aid=rss_feed&feed=wgl4xEgL,32344397,http://www.econlib.org/library/Downloads/y2008/EpsteinGgold.mp3
Steve Cole on the Market for New Cars,2008-06-09,4320,https://cdn.simplecast.com/audio/6fdba5/6fdba516-8381-43b0-b29f-59d05512b693/77a76dac-c6d4-42b8-9164-4e48c33c962f/colecars_tc.mp3?aid=rss_feed&feed=wgl4xEgL,34565014,http://www.econlib.org/library/Downloads/y2008/Colecars.mp3
Don Boudreaux on Energy Prices,2008-06-16,3801,https://cdn.simplecast.com/audio/6fdba5/6fdba516-8381-43b0-b29f-59d05512b693/c61a2e56-1a3f-4ed8-bc43-f82b90956454/boudreauxenergy_tc.mp3?aid=rss_feed&feed=wgl4xEgL,30411336,http://www.econlib.org/library/Downloads/y2008/Boudreauxenergy.mp3
Richard McKenzie on Prices,2008-06-23,4554,https://cdn.simplecast.com/audio/6fdba5/6fdba516-8381-43b0-b29f-59d05512b693/463429df-1967-46ed-80b2-e83266d61d82/mckenzieprices_tc.mp3?aid=rss_feed&feed=wgl4xEgL,36434963,http://www.econlib.org/library/Downloads/y2008/McKenzieprices.mp3
Arnold Kling on Hospitals and Health Care,2008-06-30,3566,https://cdn.simplecast.com/audio/6fdba5/6fdba516-8381-43b0-b29f-59d05512b693/8e7ac7a3-c97d-4374-a4c7-26192b834590/klinghospitals_tc.mp3?aid=rss_feed&feed=wgl4xEgL,28529265,http://www.econlib.org/library/Downloads/y2008/Klinghospitals.mp3
Michael Munger on the Political Economy of Public Transportation,2008-07-07,3366,https://cdn.simplecast.com/audio/6fdba5/6fdba516-8381-43b0-b29f-59d05512b693/e6000e90-7506-441b-9a55-dddc4bf9bb08/mungertransportation_tc.mp3?aid=rss_feed&feed=wgl4xEgL,26934960,http://www.econlib.org/library/Downloads/y2008/Mungertransportation.mp3
Eric Hanushek on Education and School Finance,2008-07-14,4037,https://cdn.simplecast.com/audio/6fdba5/6fdba516-8381-43b0-b29f-59d05512b693/0289c807-8bf9-47af-839f-83a8d38d1b14/hanushekfinance_tc.mp3?aid=rss_feed&feed=wgl4xEgL,32301347,http://www.econlib.org/library/Downloads/y2008/Hanushekfinance.mp3
Doug Rivers on Polling,2008-07-21,4097,https://cdn.simplecast.com/audio/6fdba5/6fdba516-8381-43b0-b29f-59d05512b693/3dccc3c0-c0f8-45a2-abd3-2555564018de/riverspolling_tc.mp3?aid=rss_feed&feed=wgl4xEgL,32778239,http://www.econlib.org/library/Downloads/y2008/Riverspolling.mp3
Hal Varian on Technology,2008-07-28,2373,https://cdn.simplecast.com/audio/6fdba5/6fdba516-8381-43b0-b29f-59d05512b693/17f28125-8b00-400e-81c8-bbc7d1db9fd4/variantechnology_tc.mp3?aid=rss_feed&feed=wgl4xEgL,18988093,http://www.econlib.org/library/Downloads/y2008/Variantechnology.mp3
Robert Barro on Disasters,2008-08-04,3871,https://cdn.simplecast.com/audio/6fdba5/6fdba516-8381-43b0-b29f-59d05512b693/d51c731d-489e-415d-81be-34d907022bde/barrodisasters_tc.mp3?aid=rss_feed&feed=wgl4xEgL,30971192,http://www.econlib.org/library/Downloads/y2008/Barrodisasters.mp3
Bruce Bueno de Mesquita on Iran and Threats to U.S. Security,2008-08-11,3673,https://cdn.simplecast.com/audio/6fdba5/6fdba516-8381-43b0-b29f-59d05512b693/fea61b5c-379f-4a55-a646-b425a3e4edda/buenodemesquitasecurity_tc.mp3?aid=rss_feed&feed=wgl4xEgL,29388381,http://www.econlib.org/library/Downloads/y2008/BuenodeMesquitasecurity.mp3
John Taylor on Monetary Policy,2008-08-18,3269,https://cdn.simplecast.com/audio/6fdba5/6fdba516-8381-43b0-b29f-59d05512b693/dd4cef99-b0ef-4359-be75-b6b4a14b3b5a/taylormoney_tc.mp3?aid=rss_feed&feed=wgl4xEgL,26159228,http://www.econlib.org/library/Downloads/y2008/Taylormoney.mp3
Russ Roberts on the Price of Everything,2008-08-25,3827,https://cdn.simplecast.com/audio/6fdba5/6fdba516-8381-43b0-b29f-59d05512b693/2fbde015-eabe-4377-84fa-693188d67178/robertseverything_tc.mp3?aid=rss_feed&feed=wgl4xEgL,30618225,http://www.econlib.org/library/Downloads/y2008/Robertseverything.mp3
"Jonathan Rauch on the Volt, Risk, and Corporate Culture",2008-09-01,3480,https://cdn.simplecast.com/audio/6fdba5/6fdba516-8381-43b0-b29f-59d05512b693/505acb29-4fe3-440d-8fc0-a618da5adef9/rauchvolt_tc.mp3?aid=rss_feed&feed=wgl4xEgL,27846947,http://www.econlib.org/library/Downloads/y2008/Rauchvolt.mp3
Joseph Ellis on American Creation and the Founding,2008-09-08,4053,https://cdn.simplecast.com/audio/6fdba5/6fdba516-8381-43b0-b29f-59d05512b693/00bc00a6-9ea4-4745-b834-6212e3634674/ellisfounding_tc.mp3?aid=rss_feed&feed=wgl4xEgL,32426108,http://www.econlib.org/library/Downloads/y2008/Ellisfounding.mp3
Robert Shiller on Housing and Bubbles,2008-09-15,3658,https://cdn.simplecast.com/audio/6fdba5/6fdba516-8381-43b0-b29f-59d05512b693/576ed573-580d-4dbc-a854-edcdccf8d63c/shillerhousing_tc.mp3?aid=rss_feed&feed=wgl4xEgL,29268844,http://www.econlib.org/library/Downloads/y2008/Shillerhousing.mp3
"Karol Boudreaux on Wildlife, Property, and Poverty in Africa",2008-09-22,3477,https://cdn.simplecast.com/audio/6fdba5/6fdba516-8381-43b0-b29f-59d05512b693/42cf7a34-2ba2-4569-b190-e4bd2230832a/boudreauxkwildlife_tc.mp3?aid=rss_feed&feed=wgl4xEgL,27821243,http://www.econlib.org/library/Downloads/y2008/BoudreauxKwildlife.mp3
Arnold Kling on Freddie and Fannie and the Recent History of the U.S. Housing Market,2008-09-29,5830,https://cdn.simplecast.com/audio/6fdba5/6fdba516-8381-43b0-b29f-59d05512b693/0b5f06e6-8c5f-42ee-9284-81dc28dd6235/klinghousing_tc.mp3?aid=rss_feed&feed=wgl4xEgL,46647378,http://www.econlib.org/library/Downloads/y2008/Klinghousing.mp3
William Bernstein on Inequality,2008-10-06,3390,https://cdn.simplecast.com/audio/6fdba5/6fdba516-8381-43b0-b29f-59d05512b693/f69ffb15-e9af-45e3-833d-a7dd5cb143f1/bernsteininequality_tc.mp3?aid=rss_feed&feed=wgl4xEgL,27124923,http://files.libertyfund.org/econtalk/y2008/Bernsteininequality.mp3
Patri Friedman on Seasteading,2008-10-13,2896,https://cdn.simplecast.com/audio/6fdba5/6fdba516-8381-43b0-b29f-59d05512b693/32fb2276-aa05-4789-a3ff-98a35c0ea2eb/friedmanpseastead_tc.mp3?aid=rss_feed&feed=wgl4xEgL,23172910,http://files.libertyfund.org/econtalk/y2008/FriedmanPseastead.mp3
"Clay Shirky on Coase, Collaboration and Here Comes Everybody",2008-10-20,3926,https://cdn.simplecast.com/audio/6fdba5/6fdba516-8381-43b0-b29f-59d05512b693/0fc7917e-9500-4c6a-aba6-d38779f1892e/shirkycoase_tc.mp3?aid=rss_feed&feed=wgl4xEgL,31414856,http://files.libertyfund.org/econtalk/y2008/ShirkyCoase.mp3
Michael Munger on Middlemen,2008-10-27,4354,https://cdn.simplecast.com/audio/6fdba5/6fdba516-8381-43b0-b29f-59d05512b693/b38c5d89-8da6-42e2-b6c9-fffdcfabee3d/mungermiddlemen_tc.mp3?aid=rss_feed&feed=wgl4xEgL,34838986,http://files.libertyfund.org/econtalk/y2008/Mungermiddlemen.mp3
"Richard Epstein on Happiness, Inequality, and Envy",2008-11-03,3411,https://cdn.simplecast.com/audio/6fdba5/6fdba516-8381-43b0-b29f-59d05512b693/5a059fd3-f776-4ee5-8f15-ef21c9efa8ea/epsteinhappiness_tc.mp3?aid=rss_feed&feed=wgl4xEgL,27294823,http://files.libertyfund.org/econtalk/y2008/Epsteinhappiness.mp3
"Arnold Kling on Credit Default Swaps, Counterparty Risk, and the Political Economy of Financial Regulation",2008-11-10,3823,https://cdn.simplecast.com/audio/6fdba5/6fdba516-8381-43b0-b29f-59d05512b693/6f94ec49-9785-4443-957e-69446a9027cf/klingswaps_tc.mp3?aid=rss_feed&feed=wgl4xEgL,30586252,http://files.libertyfund.org/econtalk/y2008/Klingswaps.mp3
George Selgin on Free Banking,2008-11-17,4396,https://cdn.simplecast.com/audio/6fdba5/6fdba516-8381-43b0-b29f-59d05512b693/8978ce25-aadc-4697-8b44-4b0240a2f15d/selginbanking_tc.mp3?aid=rss_feed&feed=wgl4xEgL,35170846,http://files.libertyfund.org/econtalk/y2008/Selginbanking.mp3
Thomas Hazlett on Telecommunications,2008-11-24,3822,https://cdn.simplecast.com/audio/6fdba5/6fdba516-8381-43b0-b29f-59d05512b693/075f5d07-d39b-4552-acfe-6415eebc80cc/hazletttelecommunication_tc.mp3?aid=rss_feed&feed=wgl4xEgL,30581027,http://files.libertyfund.org/econtalk/y2008/Hazletttelecommunication.mp3
Eric Rauchway on the Great Depresson and the New Deal,2008-12-01,3780,https://cdn.simplecast.com/audio/6fdba5/6fdba516-8381-43b0-b29f-59d05512b693/5f873de9-0882-407c-b261-af72c969c350/rauchwaygreatdepression_tc.mp3?aid=rss_feed&feed=wgl4xEgL,30242898,http://files.libertyfund.org/econtalk/y2008/Rauchwaygreatdepression.mp3
Steven Lipstein on Hospitals,2008-12-08,3917,https://cdn.simplecast.com/audio/6fdba5/6fdba516-8381-43b0-b29f-59d05512b693/33b568c1-ce8a-4d9c-b4db-985759a37ccc/lipsteinhospitals_tc.mp3?aid=rss_feed&feed=wgl4xEgL,31337533,http://files.libertyfund.org/econtalk/y2008/Lipsteinhospitals.mp3
Robert Higgs on the Great Depression,2008-12-15,4028,https://cdn.simplecast.com/audio/6fdba5/6fdba516-8381-43b0-b29f-59d05512b693/d70a7b06-ac82-44ae-bf3b-6595172d56e4/higgsgreatdepression_tc.mp3?aid=rss_feed&feed=wgl4xEgL,32230921,http://files.libertyfund.org/econtalk/y2008/Higgsgreatdepression.mp3
"George Srour on Education, African Schools, and Building Tomorrow",2008-12-22,3324,https://cdn.simplecast.com/audio/6fdba5/6fdba516-8381-43b0-b29f-59d05512b693/16f88530-a2cf-4d27-8107-d92f8eb3a6ad/srourafrica_tc.mp3?aid=rss_feed&feed=wgl4xEgL,26596831,http://files.libertyfund.org/econtalk/y2008/Srourafrica.mp3
Peter Boettke on the Austrian Perspective on Business Cycles and Monetary Policy,2009-01-05,3866,https://cdn.simplecast.com/audio/6fdba5/6fdba516-8381-43b0-b29f-59d05512b693/214cdf4e-ebac-428d-aa61-07b2a79c645f/boettkebusinesscycles_tc.mp3?aid=rss_feed&feed=wgl4xEgL,30929396,http://files.libertyfund.org/econtalk/y2009/Boettkebusinesscycles.mp3
Steve Fazzari on Keynesian Economics,2009-01-12,3952,https://cdn.simplecast.com/audio/6fdba5/6fdba516-8381-43b0-b29f-59d05512b693/605924bc-5e1e-41aa-9c20-2277133d6a82/fazzarikeynesian_tc.mp3?aid=rss_feed&feed=wgl4xEgL,31620074,http://files.libertyfund.org/econtalk/y2009/Fazzarikeynesian.mp3
"Eric Raymond on Hacking, Open Source, and the Cathedral and the Bazaar",2009-01-19,4024,https://cdn.simplecast.com/audio/6fdba5/6fdba516-8381-43b0-b29f-59d05512b693/a34e2bd6-1c3f-48ea-a4c6-a311edaf6ca1/raymondhacking_tc.mp3?aid=rss_feed&feed=wgl4xEgL,32198320,http://files.libertyfund.org/econtalk/y2009/Raymondhacking.mp3
Russ Roberts (and Robin Hanson) on Truth and Economics,2009-01-26,4463,https://cdn.simplecast.com/audio/6fdba5/6fdba516-8381-43b0-b29f-59d05512b693/573757a8-71f7-4c30-9826-003742aee4f1/robertshansonbias_tc.mp3?aid=rss_feed&feed=wgl4xEgL,35704580,http://files.libertyfund.org/econtalk/y2009/RobertsHansonbias.mp3
John Cochrane on the Financial Crisis,2009-02-02,4424,https://cdn.simplecast.com/audio/6fdba5/6fdba516-8381-43b0-b29f-59d05512b693/dab9d8ce-8f81-44e0-911d-e54729c314b1/cochranemarkets_tc.mp3?aid=rss_feed&feed=wgl4xEgL,35392991,http://files.libertyfund.org/econtalk/y2009/Cochranemarkets.mp3
Daron Acemoglu on the Financial Crisis,2009-02-09,4452,https://cdn.simplecast.com/audio/6fdba5/6fdba516-8381-43b0-b29f-59d05512b693/b61bbb78-c698-49db-93ad-e3de18f836a4/acemoglufinancial_tc.mp3?aid=rss_feed&feed=wgl4xEgL,35619943,http://files.libertyfund.org/econtalk/y2009/Acemoglufinancial.mp3
"Amar Bhide on Outsourcing, Uncertainty, and the Venturesome Economy",2009-02-16,3993,https://cdn.simplecast.com/audio/6fdba5/6fdba516-8381-43b0-b29f-59d05512b693/6bdf6eff-c986-445e-b0c4-e864263f4612/bhideoutsourcing_tc.mp3?aid=rss_feed&feed=wgl4xEgL,31949008,http://files.libertyfund.org/econtalk/y2009/Bhideoutsourcing.mp3
Allan Meltzer on Inflation,2009-02-23,3820,https://cdn.simplecast.com/audio/6fdba5/6fdba516-8381-43b0-b29f-59d05512b693/947704a5-d263-4fd6-82c4-46f8884d8ac7/meltzerinflation_tc.mp3?aid=rss_feed&feed=wgl4xEgL,30562010,http://files.libertyfund.org/econtalk/y2009/Meltzerinflation.mp3
Todd Zywicki on Debt and Bankruptcy,2009-03-02,4003,https://cdn.simplecast.com/audio/6fdba5/6fdba516-8381-43b0-b29f-59d05512b693/c51ce8a8-423f-49e4-92a2-10591bac2a4c/zywickidebt_tc.mp3?aid=rss_feed&feed=wgl4xEgL,32028211,http://files.libertyfund.org/econtalk/y2009/Zywickidebt.mp3
Jimmy Wales on Wikipedia,2009-03-09,2498,https://cdn.simplecast.com/audio/6fdba5/6fdba516-8381-43b0-b29f-59d05512b693/8509b56b-aa91-4b73-be35-b72b379bec35/waleswikipedia_tc.mp3?aid=rss_feed&feed=wgl4xEgL,19987016,http://files.libertyfund.org/econtalk/y2009/Waleswikipedia.mp3
"Dan Klein on Truth, Bias, and Disagreement",2009-03-16,4084,https://cdn.simplecast.com/audio/6fdba5/6fdba516-8381-43b0-b29f-59d05512b693/267d1a29-3292-4d4e-9bb3-24702be623a8/kleintruth_tc.mp3?aid=rss_feed&feed=wgl4xEgL,32673331,http://files.libertyfund.org/econtalk/y2009/Kleintruth.mp3
Nassim Nicholas Taleb on the Financial Crisis,2009-03-23,3381,https://cdn.simplecast.com/audio/6fdba5/6fdba516-8381-43b0-b29f-59d05512b693/5e2b1a08-8c94-489e-801c-ad7fd299b032/talebfinancial_tc.mp3?aid=rss_feed&feed=wgl4xEgL,27055959,http://files.libertyfund.org/econtalk/y2009/Talebfinancial.mp3
Brink Lindsey on the Age of Abundance,2009-03-30,3926,https://cdn.simplecast.com/audio/6fdba5/6fdba516-8381-43b0-b29f-59d05512b693/7a47a2c4-9d6b-4e8e-afdf-13d4bb038cc0/lindseyabundance_tc.mp3?aid=rss_feed&feed=wgl4xEgL,31410885,http://files.libertyfund.org/econtalk/y2009/Lindseyabundance.mp3
"Dan Klein on The Theory of Moral Sentiments, Episode 1--An Overview",2009-04-06,5007,https://cdn.simplecast.com/audio/6fdba5/6fdba516-8381-43b0-b29f-59d05512b693/710cea39-5fb1-49d6-b90a-6bbdc5299465/kleintms1_tc.mp3?aid=rss_feed&feed=wgl4xEgL,40060341,http://files.libertyfund.org/econtalk/y2009/KleinTMS1.mp3
Don Boudreaux on Macroeconomics and Austrian Business Cycle Theory,2009-04-13,4110,https://cdn.simplecast.com/audio/6fdba5/6fdba516-8381-43b0-b29f-59d05512b693/45d09c72-960e-41d7-bf1d-8362ab591f08/boudreauxaustrian_tc.mp3?aid=rss_feed&feed=wgl4xEgL,32882310,http://files.libertyfund.org/econtalk/y2009/Boudreauxaustrian.mp3
"Dan Klein on The Theory of Moral Sentiments, Episode 2--A Discussion of Part I",2009-04-15,5358,https://cdn.simplecast.com/audio/6fdba5/6fdba516-8381-43b0-b29f-59d05512b693/48f48975-8d11-41da-a438-e1cc94a87a79/kleintms2_tc.mp3?aid=rss_feed&feed=wgl4xEgL,42866310,http://files.libertyfund.org/econtalk/y2009/KleinTMS2.mp3
"Russ Roberts on Wealth, Growth, and Economics as a Science",2009-04-20,3077,https://cdn.simplecast.com/audio/6fdba5/6fdba516-8381-43b0-b29f-59d05512b693/ee829c0b-001d-4977-bdde-1ce79de962b6/robertsgrowth_tc.mp3?aid=rss_feed&feed=wgl4xEgL,24622392,http://files.libertyfund.org/econtalk/y2009/Robertsgrowth.mp3
"Dan Klein on The Theory of Moral Sentiments, Episode 3--A Discussion of Part II",2009-04-22,3750,https://cdn.simplecast.com/audio/6fdba5/6fdba516-8381-43b0-b29f-59d05512b693/fdc201c2-f0cc-4a5f-bcb7-c6106d777e3d/kleintms3_tc.mp3?aid=rss_feed&feed=wgl4xEgL,30000691,http://files.libertyfund.org/econtalk/y2009/KleinTMS3.mp3
"Ricardo Reis on Keynes, Macroeconomics, and Monetary Policy",2009-04-27,4017,https://cdn.simplecast.com/audio/6fdba5/6fdba516-8381-43b0-b29f-59d05512b693/abcf6b57-6394-4e96-bd89-7c86eeb9fb7d/reismacroeconomics_tc.mp3?aid=rss_feed&feed=wgl4xEgL,32138761,http://files.libertyfund.org/econtalk/y2009/Reismacroeconomics.mp3
"Dan Klein on The Theory of Moral Sentiments, Episode 4--A Discussion of Part III",2009-04-29,5651,https://cdn.simplecast.com/audio/6fdba5/6fdba516-8381-43b0-b29f-59d05512b693/5fb4f9d7-d3c5-4caa-a3d2-6d153202a67f/kleintms4_tc.mp3?aid=rss_feed&feed=wgl4xEgL,45212733,http://files.libertyfund.org/econtalk/y2009/KleinTMS4.mp3
Ed Leamer on Macroeconomic Patterns and Stories,2009-05-04,3961,https://cdn.simplecast.com/audio/6fdba5/6fdba516-8381-43b0-b29f-59d05512b693/318db731-a9cf-4880-8924-779801b4102a/leamermacroeconomics_tc.mp3?aid=rss_feed&feed=wgl4xEgL,31692590,http://files.libertyfund.org/econtalk/y2009/Leamermacroeconomics.mp3
Alan Wolfe on Liberalism,2009-05-11,3224,https://cdn.simplecast.com/audio/6fdba5/6fdba516-8381-43b0-b29f-59d05512b693/f05e9130-de8f-48c6-b182-7b8d2f4fea61/wolfeliberalism_tc.mp3?aid=rss_feed&feed=wgl4xEgL,25796021,http://files.libertyfund.org/econtalk/y2009/Wolfeliberalism.mp3
"Dan Klein on The Theory of Moral Sentiments, Episode 5--A Discussion of Parts III (cont.), IV, and V",2009-05-13,5431,https://cdn.simplecast.com/audio/6fdba5/6fdba516-8381-43b0-b29f-59d05512b693/ad559c23-ad3a-446c-bb87-652a2371bc18/kleintms5_tc.mp3?aid=rss_feed&feed=wgl4xEgL,43450408,http://files.libertyfund.org/econtalk/y2009/KleinTMS5.mp3
Michele Boldrin on Intellectual Property,2009-05-18,4773,https://cdn.simplecast.com/audio/6fdba5/6fdba516-8381-43b0-b29f-59d05512b693/b6aa0f3a-76d3-4efc-ae1a-7b2a9e56d63b/boldrinintellectualproperty_tc.mp3?aid=rss_feed&feed=wgl4xEgL,38191019,http://files.libertyfund.org/econtalk/y2009/Boldrinintellectualproperty.mp3
Peter Leeson on Pirates and the Invisible Hook,2009-05-25,4334,https://cdn.simplecast.com/audio/6fdba5/6fdba516-8381-43b0-b29f-59d05512b693/69198c1f-be9c-4ee9-b6f4-15919959aaa8/leesonpirates_tc.mp3?aid=rss_feed&feed=wgl4xEgL,34672221,http://files.libertyfund.org/econtalk/y2009/Leesonpirates.mp3
"Dan Klein on The Theory of Moral Sentiments, Episode 6--A Discussion of Parts VI and VII, and Summary",2009-05-27,5806,https://cdn.simplecast.com/audio/6fdba5/6fdba516-8381-43b0-b29f-59d05512b693/dc1a21d3-8f2e-41e2-8b23-2554e7b60cd6/kleintms6_tc.mp3?aid=rss_feed&feed=wgl4xEgL,46452191,http://files.libertyfund.org/econtalk/y2009/KleinTMS6.mp3
Richard Epstein on the Rule of Law,2009-06-01,3988,https://cdn.simplecast.com/audio/6fdba5/6fdba516-8381-43b0-b29f-59d05512b693/029fbd16-f384-41cf-a727-9878af889c8b/epsteinlaw_tc.mp3?aid=rss_feed&feed=wgl4xEgL,31908256,http://files.libertyfund.org/econtalk/y2009/Epsteinlaw.mp3
Riccardo Rebonato on Risk Management and the Crisis,2009-06-08,3742,https://cdn.simplecast.com/audio/6fdba5/6fdba516-8381-43b0-b29f-59d05512b693/6e33f871-2274-4a8c-aa2f-fab1958e9546/rebonatorisk_tc.mp3?aid=rss_feed&feed=wgl4xEgL,29939878,http://files.libertyfund.org/econtalk/y2009/Rebonatorisk.mp3
Charles Platt on Working at Wal-Mart,2009-06-15,3583,https://cdn.simplecast.com/audio/6fdba5/6fdba516-8381-43b0-b29f-59d05512b693/957f6080-be0d-4803-8b50-71b7be4dd86b/plattwalmart_tc.mp3?aid=rss_feed&feed=wgl4xEgL,28665938,http://files.libertyfund.org/econtalk/y2009/Plattwalmart.mp3
"Michael Munger on Franchising, Vertical Integration, and the Auto Industry",2009-06-22,3436,https://cdn.simplecast.com/audio/6fdba5/6fdba516-8381-43b0-b29f-59d05512b693/7cc7c3f0-2cfe-4a6a-a28f-99858e649216/mungerfranchise_tc.mp3?aid=rss_feed&feed=wgl4xEgL,27490846,http://files.libertyfund.org/econtalk/y2009/Mungerfranchise.mp3
Mark Helprin on Copyright,2009-06-29,3711,https://cdn.simplecast.com/audio/6fdba5/6fdba516-8381-43b0-b29f-59d05512b693/c5db1217-3898-4d04-8860-75c751405d6f/helprincopyright_tc.mp3?aid=rss_feed&feed=wgl4xEgL,29692028,http://files.libertyfund.org/econtalk/y2009/Helprincopyright.mp3
Paul Collier on Democracy and Violence,2009-07-06,3765,https://cdn.simplecast.com/audio/6fdba5/6fdba516-8381-43b0-b29f-59d05512b693/95419f20-90ef-47f1-9071-014ab9e7b522/collierdemocracy_tc.mp3?aid=rss_feed&feed=wgl4xEgL,30127959,http://files.libertyfund.org/econtalk/y2009/Collierdemocracy.mp3
Justin Fox on the Rationality of Markets,2009-07-13,3488,https://cdn.simplecast.com/audio/6fdba5/6fdba516-8381-43b0-b29f-59d05512b693/cb7c029c-25c9-44a7-9619-2a3cca0a08c8/foxmarkets_tc.mp3?aid=rss_feed&feed=wgl4xEgL,27905879,http://files.libertyfund.org/econtalk/y2009/Foxmarkets.mp3
John Taylor on the Financial Crisis,2009-07-20,3449,https://cdn.simplecast.com/audio/6fdba5/6fdba516-8381-43b0-b29f-59d05512b693/cdc0deac-b37a-4d52-b4c2-399a87edb28c/taylorfinancial_tc.mp3?aid=rss_feed&feed=wgl4xEgL,27597216,http://files.libertyfund.org/econtalk/y2009/Taylorfinancial.mp3
"Peter Henry on Growth, Development, and Policy",2009-07-27,3876,https://cdn.simplecast.com/audio/6fdba5/6fdba516-8381-43b0-b29f-59d05512b693/f2f9e2ae-9840-4a3d-b0f8-e872ccb04d92/henrygrowth_tc.mp3?aid=rss_feed&feed=wgl4xEgL,31014242,http://files.libertyfund.org/econtalk/y2009/Henrygrowth.mp3
"Paul Graham on Start-ups, Innovation, and Creativity",2009-08-03,3775,https://cdn.simplecast.com/audio/6fdba5/6fdba516-8381-43b0-b29f-59d05512b693/3ee641f3-e774-4acb-bc11-db94e6185655/grahaminnovation_tc.mp3?aid=rss_feed&feed=wgl4xEgL,30204237,http://files.libertyfund.org/econtalk/y2009/Grahaminnovation.mp3
"Eric Hanushek on Test-based Accountability, Federal Funding, and School Finance",2009-08-10,3788,https://cdn.simplecast.com/audio/6fdba5/6fdba516-8381-43b0-b29f-59d05512b693/0a037f33-1184-42f5-a38c-b4b20bb7b79a/hanushekschools_tc.mp3?aid=rss_feed&feed=wgl4xEgL,30309354,http://files.libertyfund.org/econtalk/y2009/Hanushekschools.mp3
Christopher Hitchens on George Orwell,2009-08-17,4150,https://cdn.simplecast.com/audio/6fdba5/6fdba516-8381-43b0-b29f-59d05512b693/423799f6-abde-4c3e-8129-481707e2a63d/hitchensorwell_tc.mp3?aid=rss_feed&feed=wgl4xEgL,33204348,http://files.libertyfund.org/econtalk/y2009/HitchensOrwell.mp3
"David Brady on Health Care Reform, Public Opinion, and Party Politics",2009-08-24,4230,https://cdn.simplecast.com/audio/6fdba5/6fdba516-8381-43b0-b29f-59d05512b693/dcec9d20-7185-4cbf-bd1e-c9c02c42cad2/bradyhealth_tc.mp3?aid=rss_feed&feed=wgl4xEgL,33840273,http://files.libertyfund.org/econtalk/y2009/Bradyhealth.mp3
Michael Munger on Cultural Norms,2009-08-31,3512,https://cdn.simplecast.com/audio/6fdba5/6fdba516-8381-43b0-b29f-59d05512b693/3c2bb564-d95b-47e3-a5c9-0ea00dab93c6/mungercultural_tc.mp3?aid=rss_feed&feed=wgl4xEgL,28100021,http://files.libertyfund.org/econtalk/y2009/Mungercultural.mp3
"Tyler Cowen on Culture, Autism, and Creating Your Own Economy",2009-09-07,3407,https://cdn.simplecast.com/audio/6fdba5/6fdba516-8381-43b0-b29f-59d05512b693/973d39e1-40c4-4ea1-a0c1-4f690d7b1e91/cowenculture_tc.mp3?aid=rss_feed&feed=wgl4xEgL,27262222,http://files.libertyfund.org/econtalk/y2009/Cowenculture.mp3
"John Nye on the Great Depression, Political Economy, and the Evolution of the State",2009-09-14,3484,https://cdn.simplecast.com/audio/6fdba5/6fdba516-8381-43b0-b29f-59d05512b693/10fb4dab-b8fb-4f90-92f1-345e3d566f1f/nyegreatdepression_tc.mp3?aid=rss_feed&feed=wgl4xEgL,27874323,http://files.libertyfund.org/econtalk/y2009/Nyegreatdepression.mp3
"Paul Buchheit on Google, Friendfeed, and Start-ups",2009-09-21,3696,https://cdn.simplecast.com/audio/6fdba5/6fdba516-8381-43b0-b29f-59d05512b693/c8f9f38e-a61c-4702-a213-47b4b955182d/buchheitgmail_tc.mp3?aid=rss_feed&feed=wgl4xEgL,29575835,http://files.libertyfund.org/econtalk/y2009/Buchheitgmail.mp3
Willaim Cohan on the Life and Death of Bear Stearns,2009-09-28,3907,https://cdn.simplecast.com/audio/6fdba5/6fdba516-8381-43b0-b29f-59d05512b693/9a35b1a0-6b5c-46ba-a0fa-26bdf8959919/cohanfinancial_tc.mp3?aid=rss_feed&feed=wgl4xEgL,31261883,http://files.libertyfund.org/econtalk/y2009/Cohanfinancial.mp3
Gary Stern on Too Big to Fail,2009-10-05,4043,https://cdn.simplecast.com/audio/6fdba5/6fdba516-8381-43b0-b29f-59d05512b693/cb5c3419-9225-4d91-ae05-6794cf541258/sterntoobig_tc.mp3?aid=rss_feed&feed=wgl4xEgL,32351920,http://files.libertyfund.org/econtalk/y2009/Sterntoobig.mp3
"Daniel Willingham on Education, School, and Neuroscience",2009-10-12,3779,https://cdn.simplecast.com/audio/6fdba5/6fdba516-8381-43b0-b29f-59d05512b693/e1f59625-2924-4ce8-8819-62d5aa3d90b6/willinghameducation_tc.mp3?aid=rss_feed&feed=wgl4xEgL,30237883,http://files.libertyfund.org/econtalk/y2009/Willinghameducation.mp3
"Munger on Shortages, Prices, and Competition",2009-10-19,4080,https://cdn.simplecast.com/audio/6fdba5/6fdba516-8381-43b0-b29f-59d05512b693/919d1afd-a3cc-4d4e-b2a5-d5c4d716f0a9/mungershortages_tc.mp3?aid=rss_feed&feed=wgl4xEgL,32642820,http://files.libertyfund.org/econtalk/y2009/Mungershortages.mp3
Charles Calomiris on the Financial Crisis,2009-10-26,5307,https://cdn.simplecast.com/audio/6fdba5/6fdba516-8381-43b0-b29f-59d05512b693/58eb5db6-f44a-420c-ae5a-bf699bcec25b/calomirisfinancial_tc.mp3?aid=rss_feed&feed=wgl4xEgL,42457964,http://files.libertyfund.org/econtalk/y2009/Calomirisfinancial.mp3
Michael Heller on Gridlock and the Tragedy of the Anticommons,2009-11-02,3524,https://cdn.simplecast.com/audio/6fdba5/6fdba516-8381-43b0-b29f-59d05512b693/4647a002-af0c-4a6b-8d24-d2b3c719ff12/hellergridlock_tc.mp3?aid=rss_feed&feed=wgl4xEgL,28193853,http://files.libertyfund.org/econtalk/y2009/Hellergridlock.mp3
Scott Sumner on Monetary Policy,2009-11-09,4142,https://cdn.simplecast.com/audio/6fdba5/6fdba516-8381-43b0-b29f-59d05512b693/ad332419-3972-4544-98dc-13df9e5ac55a/sumnermoney_tc.mp3?aid=rss_feed&feed=wgl4xEgL,33139982,http://files.libertyfund.org/econtalk/y2009/Sumnermoney.mp3
Richard Posner on the Financial Crisis,2009-11-16,3799,https://cdn.simplecast.com/audio/6fdba5/6fdba516-8381-43b0-b29f-59d05512b693/a1470bd8-3c70-408a-96bb-9a565444fae9/posnerfinancial_tc.mp3?aid=rss_feed&feed=wgl4xEgL,30399842,http://files.libertyfund.org/econtalk/y2009/Posnerfinancial.mp3
Carmen Reinhart on Financial Crises,2009-11-23,4037,https://cdn.simplecast.com/audio/6fdba5/6fdba516-8381-43b0-b29f-59d05512b693/934c6c21-c790-4fe6-b0fb-91ac91bcd76c/reinhartfinancial_tc.mp3?aid=rss_feed&feed=wgl4xEgL,32299884,http://files.libertyfund.org/econtalk/y2009/Reinhartfinancial.mp3
"Peter Boettke on Elinor Ostrom, Vincent Ostrom, and the Bloomington School",2009-11-30,3798,https://cdn.simplecast.com/audio/6fdba5/6fdba516-8381-43b0-b29f-59d05512b693/012b709c-48cf-4cd2-8f3c-4439285093a0/boettkeostrom_tc.mp3?aid=rss_feed&feed=wgl4xEgL,30385213,http://files.libertyfund.org/econtalk/y2009/BoettkeOstrom.mp3
Megan McArdle on Debt and Self-Restraint,2009-12-07,4682,https://cdn.simplecast.com/audio/6fdba5/6fdba516-8381-43b0-b29f-59d05512b693/a96d54ba-7239-4194-8f00-c835ee5d0713/mcardledebt_tc.mp3?aid=rss_feed&feed=wgl4xEgL,37456874,http://files.libertyfund.org/econtalk/y2009/McArdledebt.mp3
"Arnold Kling on Prosperity, Poverty, and Economics 2.0",2009-12-14,3501,https://cdn.simplecast.com/audio/6fdba5/6fdba516-8381-43b0-b29f-59d05512b693/0bb3e8ff-c45f-44c0-8e89-7158d52ecc2a/klingprosperity_tc.mp3?aid=rss_feed&feed=wgl4xEgL,28011205,http://files.libertyfund.org/econtalk/y2009/Klingprosperity.mp3
"James Hamilton on Debt, Default, and Oil",2009-12-21,4022,https://cdn.simplecast.com/audio/6fdba5/6fdba516-8381-43b0-b29f-59d05512b693/25725cd6-e83b-424b-a734-7f55d8259911/hamiltondebt_tc.mp3?aid=rss_feed&feed=wgl4xEgL,32182020,http://files.libertyfund.org/econtalk/y2009/Hamiltondebt.mp3
Clifford Winston on Market Failure and Government Failure,2009-12-28,3977,https://cdn.simplecast.com/audio/6fdba5/6fdba516-8381-43b0-b29f-59d05512b693/ef34f323-8775-452f-aa98-8c219bb2700f/winstonmarkets_tc.mp3?aid=rss_feed&feed=wgl4xEgL,31819440,http://files.libertyfund.org/econtalk/y2009/Winstonmarkets.mp3
Thomas Rustici on Smoot-Hawley and the Great Depression,2010-01-04,5106,https://cdn.simplecast.com/audio/6fdba5/6fdba516-8381-43b0-b29f-59d05512b693/3e959efa-1ac1-4bab-905a-c0d8bd16cca8/rusticigreatdepression_tc.mp3?aid=rss_feed&feed=wgl4xEgL,40850702,http://files.libertyfund.org/econtalk/y2010/Rusticigreatdepression.mp3
Michael Belongia on the Fed,2010-01-11,4507,https://cdn.simplecast.com/audio/6fdba5/6fdba516-8381-43b0-b29f-59d05512b693/865a43a0-f5ce-4455-8fe0-3569aec542b9/belongiafed_tc.mp3?aid=rss_feed&feed=wgl4xEgL,36060890,http://files.libertyfund.org/econtalk/y2010/Belongiafed.mp3
Michael Munger on Many Things,2010-01-18,4364,https://cdn.simplecast.com/audio/6fdba5/6fdba516-8381-43b0-b29f-59d05512b693/31765011-4358-489b-bd41-aee86fc2b914/mungermany_tc.mp3?aid=rss_feed&feed=wgl4xEgL,34916936,http://files.libertyfund.org/econtalk/y2010/Mungermany.mp3
Michael Spence on Growth,2010-01-25,4028,https://cdn.simplecast.com/audio/6fdba5/6fdba516-8381-43b0-b29f-59d05512b693/e6acb4e4-4600-4080-89e5-5b4c4be6ba58/spencegrowth_tc.mp3?aid=rss_feed&feed=wgl4xEgL,32231966,http://files.libertyfund.org/econtalk/y2010/Spencegrowth.mp3
Larry White on Hayek and Money,2010-02-01,4606,https://cdn.simplecast.com/audio/6fdba5/6fdba516-8381-43b0-b29f-59d05512b693/141ad47d-9e9e-4cff-8208-27c9c474e63b/whitehayek_tc.mp3?aid=rss_feed&feed=wgl4xEgL,36854803,http://files.libertyfund.org/econtalk/y2010/WhiteHayek.mp3
"Russ Roberts on Smith, Ricardo, and Trade",2010-02-08,3747,https://cdn.simplecast.com/audio/6fdba5/6fdba516-8381-43b0-b29f-59d05512b693/b1d2b41d-e592-493a-a0c3-8b70d707694c/robertstrade_tc.mp3?aid=rss_feed&feed=wgl4xEgL,29977285,http://files.libertyfund.org/econtalk/y2010/Robertstrade.mp3
Edmund Phelps on Unemployment and the State of Macroeonomics,2010-02-15,4521,https://cdn.simplecast.com/audio/6fdba5/6fdba516-8381-43b0-b29f-59d05512b693/9b9ba5ab-c8a6-4270-88e9-6aa762767d4d/phelpsunemployment_tc.mp3?aid=rss_feed&feed=wgl4xEgL,36171022,http://files.libertyfund.org/econtalk/y2010/Phelpsunemployment.mp3
Garett Jones on Macro and Twitter,2010-02-22,3827,https://cdn.simplecast.com/audio/6fdba5/6fdba516-8381-43b0-b29f-59d05512b693/ad0b1003-6f23-4bdd-b955-9eedf09fcbe7/jonestwitter_tc.mp3?aid=rss_feed&feed=wgl4xEgL,30617181,http://files.libertyfund.org/econtalk/y2010/Jonestwitter.mp3
"Barry Ritholtz on Bailouts, the Fed, and the Crisis",2010-03-01,4420,https://cdn.simplecast.com/audio/6fdba5/6fdba516-8381-43b0-b29f-59d05512b693/84163923-05d2-472d-ab4c-a64c1add3869/ritholtzbailouts_tc.mp3?aid=rss_feed&feed=wgl4xEgL,35363943,http://files.libertyfund.org/econtalk/y2010/Ritholtzbailouts.mp3
Katherine Newman on Low-wage Workers,2010-03-08,3641,https://cdn.simplecast.com/audio/6fdba5/6fdba516-8381-43b0-b29f-59d05512b693/817acc5e-7e7a-4343-8677-659cc3cb0729/newmanworkers_tc.mp3?aid=rss_feed&feed=wgl4xEgL,29133008,http://files.libertyfund.org/econtalk/y2010/Newmanworkers.mp3
Don Boudreaux on Public Choice,2010-03-15,4166,https://cdn.simplecast.com/audio/6fdba5/6fdba516-8381-43b0-b29f-59d05512b693/7c916233-b1c5-48f9-bf76-50f77828c13b/boudreauxpublicchoice_tc.mp3?aid=rss_feed&feed=wgl4xEgL,33330363,http://files.libertyfund.org/econtalk/y2010/Boudreauxpublicchoice.mp3
Steve Meyer on the Music Industry and the Internet,2010-03-22,4062,https://cdn.simplecast.com/audio/6fdba5/6fdba516-8381-43b0-b29f-59d05512b693/228c58a6-fd8d-43ee-a0d8-9fc180712a83/meyermusic_tc.mp3?aid=rss_feed&feed=wgl4xEgL,32497997,http://files.libertyfund.org/econtalk/y2010/Meyermusic.mp3
"Arthur De Vany on Steroids, Baseball, and Evolutionary Fitness",2010-03-29,3944,https://cdn.simplecast.com/audio/6fdba5/6fdba516-8381-43b0-b29f-59d05512b693/71cada77-7cc1-4440-886e-9352b42d9ed6/devanyfitness_tc.mp3?aid=rss_feed&feed=wgl4xEgL,31555917,http://files.libertyfund.org/econtalk/y2010/DeVanyfitness.mp3
"Yochai Benkler on Net Neutrality, Competition, and the Future of the Internet",2010-04-05,3568,https://cdn.simplecast.com/audio/6fdba5/6fdba516-8381-43b0-b29f-59d05512b693/4734c9dd-91be-44b5-b9cd-80bd1ed155db/benklerinternet_tc.mp3?aid=rss_feed&feed=wgl4xEgL,28549954,http://files.libertyfund.org/econtalk/y2010/Benklerinternet.mp3
Diane Ravitch on Education,2010-04-12,3627,https://cdn.simplecast.com/audio/6fdba5/6fdba516-8381-43b0-b29f-59d05512b693/c393db64-b613-4825-bbf1-dbc1c2c004fa/ravitcheducation_tc.mp3?aid=rss_feed&feed=wgl4xEgL,29020368,http://files.libertyfund.org/econtalk/y2010/Ravitcheducation.mp3
"Michael Munger on Love, Money, Profits, and Non-profits",2010-04-19,3901,https://cdn.simplecast.com/audio/6fdba5/6fdba516-8381-43b0-b29f-59d05512b693/dd41ca7a-d30b-4b6a-84ef-afea234fbf81/mungernonprofits_tc.mp3?aid=rss_feed&feed=wgl4xEgL,31209847,http://files.libertyfund.org/econtalk/y2010/Mungernonprofits.mp3
Paul Romer on Charter Cities,2010-04-26,3812,https://cdn.simplecast.com/audio/6fdba5/6fdba516-8381-43b0-b29f-59d05512b693/0f903783-f938-46a0-a5d8-62efa8c7beea/romercities_tc.mp3?aid=rss_feed&feed=wgl4xEgL,30502869,http://files.libertyfund.org/econtalk/y2010/Romercities.mp3
"Nassim Nicholas Taleb on Black Swans, Fragility, and Mistakes",2010-05-03,4020,https://cdn.simplecast.com/audio/6fdba5/6fdba516-8381-43b0-b29f-59d05512b693/44460cd6-556a-4c33-82f0-96fb68263610/talebfragility_tc.mp3?aid=rss_feed&feed=wgl4xEgL,32163003,http://files.libertyfund.org/econtalk/y2010/Talebfragility.mp3
Ed Leamer on the State of Econometrics,2010-05-10,3590,https://cdn.simplecast.com/audio/6fdba5/6fdba516-8381-43b0-b29f-59d05512b693/102c588e-79fa-4bb4-b8c5-60eba0f7d61e/leamereconometrics_tc.mp3?aid=rss_feed&feed=wgl4xEgL,28720900,http://files.libertyfund.org/econtalk/y2010/Leamereconometrics.mp3
Russ Roberts on the Crisis,2010-05-17,5424,https://cdn.simplecast.com/audio/6fdba5/6fdba516-8381-43b0-b29f-59d05512b693/2fa046df-1678-4aa3-92f7-992a10c851ff/robertscrisis_tc.mp3?aid=rss_feed&feed=wgl4xEgL,43395865,http://files.libertyfund.org/econtalk/y2010/Robertscrisis.mp3
"Gary Belsky on Journalism, Editing, and Trivia",2010-05-24,4442,https://cdn.simplecast.com/audio/6fdba5/6fdba516-8381-43b0-b29f-59d05512b693/073496cc-5317-47ea-b536-c2756b6a1220/belskyjournalism_tc.mp3?aid=rss_feed&feed=wgl4xEgL,35543874,http://files.libertyfund.org/econtalk/y2010/Belskyjournalism.mp3
Louis Menand on Psychiatry,2010-05-31,3512,https://cdn.simplecast.com/audio/6fdba5/6fdba516-8381-43b0-b29f-59d05512b693/0345c1ed-70fe-43e2-a6ed-5846fa509785/menandpsychiatry_tc.mp3?aid=rss_feed&feed=wgl4xEgL,28098350,http://files.libertyfund.org/econtalk/y2010/Menandpsychiatry.mp3
"Daniel Okrent on Prohibition and His Book, Last Call",2010-06-07,4088,https://cdn.simplecast.com/audio/6fdba5/6fdba516-8381-43b0-b29f-59d05512b693/c802d985-e996-4187-b08c-693605ea1aa4/okrentprohibition_tc.mp3?aid=rss_feed&feed=wgl4xEgL,32704887,http://files.libertyfund.org/econtalk/y2010/Okrentprohibition.mp3
Johanna Blakley on Fashion and Intellectual Property,2010-06-14,4074,https://cdn.simplecast.com/audio/6fdba5/6fdba516-8381-43b0-b29f-59d05512b693/139c1858-9a6a-403f-a437-152b12c9ecaa/blakelyfashion_tc.mp3?aid=rss_feed&feed=wgl4xEgL,32596008,http://files.libertyfund.org/econtalk/y2010/Blakelyfashion.mp3
Scott Sumner on Growth and Economic Policy,2010-06-21,4209,https://cdn.simplecast.com/audio/6fdba5/6fdba516-8381-43b0-b29f-59d05512b693/0c54b48d-d6f0-4cae-8588-03938a328bb6/sumnergrowth_tc.mp3?aid=rss_feed&feed=wgl4xEgL,33676015,http://files.libertyfund.org/econtalk/y2010/Sumnergrowth.mp3
"Bryan Caplan on Hayek, Richter, and Socialism",2010-06-28,4148,https://cdn.simplecast.com/audio/6fdba5/6fdba516-8381-43b0-b29f-59d05512b693/05d51d68-e8a9-4b5d-a5a1-05c5d097d7a5/caplanrichter_tc.mp3?aid=rss_feed&feed=wgl4xEgL,33187212,http://files.libertyfund.org/econtalk/y2010/CaplanRichter.mp3
"Arnold Kling on the Unseen World of Banking, Mortgages, and Government",2010-07-05,3689,https://cdn.simplecast.com/audio/6fdba5/6fdba516-8381-43b0-b29f-59d05512b693/707b69ae-b124-4154-b5b3-fe53c7c9f31c/klingunseen_tc.mp3?aid=rss_feed&feed=wgl4xEgL,29519829,http://files.libertyfund.org/econtalk/y2010/Klingunseen.mp3
"Paul Gregory on Politics, Murder, and Love in Stalin's Kremlin",2010-07-12,3748,https://cdn.simplecast.com/audio/6fdba5/6fdba516-8381-43b0-b29f-59d05512b693/a0228d60-2380-4308-8940-5e7ca9410ad2/gregorypolitics_tc.mp3?aid=rss_feed&feed=wgl4xEgL,29988361,http://files.libertyfund.org/econtalk/y2010/Gregorypolitics.mp3
John Taylor on the State of the Economy,2010-07-19,3508,https://cdn.simplecast.com/audio/6fdba5/6fdba516-8381-43b0-b29f-59d05512b693/03e99f7a-5a45-4206-8b2f-91713a65da58/taylorpolicies_tc.mp3?aid=rss_feed&feed=wgl4xEgL,28069301,http://files.libertyfund.org/econtalk/y2010/Taylorpolicies.mp3
Robert Service on Leon Trotsky,2010-07-26,4970,https://cdn.simplecast.com/audio/6fdba5/6fdba516-8381-43b0-b29f-59d05512b693/1f320548-d05e-46b2-9fdc-a60ab1b39347/servicetrotsky_tc.mp3?aid=rss_feed&feed=wgl4xEgL,39766307,http://files.libertyfund.org/econtalk/y2010/ServiceTrotsky.mp3
David Brady on the State of the Electorate,2010-08-02,3771,https://cdn.simplecast.com/audio/6fdba5/6fdba516-8381-43b0-b29f-59d05512b693/6bd7ea25-844b-42bb-84bf-35924b68b0bd/bradyelectorate_tc.mp3?aid=rss_feed&feed=wgl4xEgL,30174353,http://files.libertyfund.org/econtalk/y2010/Bradyelectorate.mp3
Robert Laughlin on the Future of Carbon and Climate,2010-08-09,5126,https://cdn.simplecast.com/audio/6fdba5/6fdba516-8381-43b0-b29f-59d05512b693/c0bc904e-a919-4ec6-8fb3-99c2e7b010de/laughlinclimate_tc.mp3?aid=rss_feed&feed=wgl4xEgL,41008273,http://files.libertyfund.org/econtalk/y2010/Laughlinclimate.mp3
David Kennedy on the Great Depression and the New Deal,2010-08-16,3854,https://cdn.simplecast.com/audio/6fdba5/6fdba516-8381-43b0-b29f-59d05512b693/392b0553-873b-4fdc-9566-d9d186ef59a2/kennedygreatdepression_tc.mp3?aid=rss_feed&feed=wgl4xEgL,30832221,http://files.libertyfund.org/econtalk/y2010/Kennedygreatdepression.mp3
Michael Munger on Private and Public Rent-Seeking (and Chilean Buses),2010-08-23,3506,https://cdn.simplecast.com/audio/6fdba5/6fdba516-8381-43b0-b29f-59d05512b693/8de1a1f6-6865-4508-bde9-76dee5dc38b1/mungercompetition_tc.mp3?aid=rss_feed&feed=wgl4xEgL,28053837,http://files.libertyfund.org/econtalk/y2010/Mungercompetition.mp3
"Daniel Pink on Drive, Motivation, and Incentives",2010-08-30,4744,https://cdn.simplecast.com/audio/6fdba5/6fdba516-8381-43b0-b29f-59d05512b693/b2fec1c0-8eea-4082-8694-ea5d9921ba63/pinkdrive_tc.mp3?aid=rss_feed&feed=wgl4xEgL,37955917,http://files.libertyfund.org/econtalk/y2010/Pinkdrive.mp3
"Arnold Kling on Knowledge, Power, and Unchecked and Unbalanced",2010-09-06,4000,https://cdn.simplecast.com/audio/6fdba5/6fdba516-8381-43b0-b29f-59d05512b693/bfd23de9-e946-4b05-8184-25def5520a9d/klingknowledge_tc.mp3?aid=rss_feed&feed=wgl4xEgL,32001461,http://files.libertyfund.org/econtalk/y2010/Klingknowledge.mp3
Alain de Botton on the Pleasures and Sorrows of Work,2010-09-13,3549,https://cdn.simplecast.com/audio/6fdba5/6fdba516-8381-43b0-b29f-59d05512b693/afc503fb-c10f-4c3d-998d-552051112774/debottonwork_tc.mp3?aid=rss_feed&feed=wgl4xEgL,28393847,http://files.libertyfund.org/econtalk/y2010/DeBottonwork.mp3
Richard Epstein on Regulation,2010-09-20,4026,https://cdn.simplecast.com/audio/6fdba5/6fdba516-8381-43b0-b29f-59d05512b693/79e42795-c19e-4fd1-bd01-fc83244b05a4/epsteinregulation_tc.mp3?aid=rss_feed&feed=wgl4xEgL,32210023,http://files.libertyfund.org/econtalk/y2010/Epsteinregulation.mp3
"Gary Greenberg on Depression, Addiction, and the Brain",2010-09-27,4391,https://cdn.simplecast.com/audio/6fdba5/6fdba516-8381-43b0-b29f-59d05512b693/a28913f7-d934-49ac-a9ea-f976357a232d/greenbergaddiction_tc.mp3?aid=rss_feed&feed=wgl4xEgL,35135946,http://files.libertyfund.org/econtalk/y2010/Greenbergaddiction.mp3
Bryan Caplan on Immigration,2010-10-04,4404,https://cdn.simplecast.com/audio/6fdba5/6fdba516-8381-43b0-b29f-59d05512b693/4365a9e4-5fa9-444b-9995-ca924782f788/caplanimmigration_tc.mp3?aid=rss_feed&feed=wgl4xEgL,35233331,http://files.libertyfund.org/econtalk/y2010/Caplanimmigration.mp3
Douglas Irwin on the Great Depression and the Gold Standard,2010-10-11,4125,https://cdn.simplecast.com/audio/6fdba5/6fdba516-8381-43b0-b29f-59d05512b693/c45f9a45-34f8-4e5b-9a30-4effb9ea9bb1/irwingreatdepression_tc.mp3?aid=rss_feed&feed=wgl4xEgL,33001847,http://files.libertyfund.org/econtalk/y2010/Irwingreatdepression.mp3
"Matt Ridley on Trade, Growth, and the Rational Optimist",2010-10-18,3593,https://cdn.simplecast.com/audio/6fdba5/6fdba516-8381-43b0-b29f-59d05512b693/cd2413cd-9ea4-4ede-88a5-4178402646c7/ridleytrade_tc.mp3?aid=rss_feed&feed=wgl4xEgL,28747858,http://files.libertyfund.org/econtalk/y2010/Ridleytrade.mp3
Thomas Hazlett on Apple vs. Google,2010-10-25,4111,https://cdn.simplecast.com/audio/6fdba5/6fdba516-8381-43b0-b29f-59d05512b693/281774ed-8b0d-4eeb-b959-02db655e3e5f/hazlettapplevgoogle_tc.mp3?aid=rss_feed&feed=wgl4xEgL,32888998,http://files.libertyfund.org/econtalk/y2010/Hazlettapplevgoogle.mp3
John Quiggin on Zombie Economics,2010-11-01,3892,https://cdn.simplecast.com/audio/6fdba5/6fdba516-8381-43b0-b29f-59d05512b693/3f6f6da3-24ce-4f64-81e7-2f10a413703b/quigginzombie_tc.mp3?aid=rss_feed&feed=wgl4xEgL,31143391,http://files.libertyfund.org/econtalk/y2010/Quigginzombie.mp3
"Don Boudreaux on China, Currency Manipulation, and Trade Deficits",2010-11-08,3896,https://cdn.simplecast.com/audio/6fdba5/6fdba516-8381-43b0-b29f-59d05512b693/90973615-a2a1-452a-a806-7914243cd68c/boudreauxchina_tc.mp3?aid=rss_feed&feed=wgl4xEgL,31175365,http://files.libertyfund.org/econtalk/y2010/BoudreauxChina.mp3
Robert Frank on Inequality,2010-11-15,3697,https://cdn.simplecast.com/audio/6fdba5/6fdba516-8381-43b0-b29f-59d05512b693/a2e433c6-93b1-4a89-ac85-7dabe984b089/frankinequality_tc.mp3?aid=rss_feed&feed=wgl4xEgL,29580851,http://files.libertyfund.org/econtalk/y2010/Frankinequality.mp3
Nicholas Phillipson on Adam Smith,2010-11-22,4253,https://cdn.simplecast.com/audio/6fdba5/6fdba516-8381-43b0-b29f-59d05512b693/1338a004-466e-4861-8179-6ff55292f4f8/phillipsonsmith_tc.mp3?aid=rss_feed&feed=wgl4xEgL,34025429,http://files.libertyfund.org/econtalk/y2010/PhillipsonSmith.mp3
Kevin Kelly on Technology and What Technology Wants,2010-11-29,4680,https://cdn.simplecast.com/audio/6fdba5/6fdba516-8381-43b0-b29f-59d05512b693/4b4def14-5316-4406-bde9-3bcbbce78067/kellytechnology_tc.mp3?aid=rss_feed&feed=wgl4xEgL,37447888,http://files.libertyfund.org/econtalk/y2010/Kellytechnology.mp3
George Selgin on the Fed,2010-12-06,4687,https://cdn.simplecast.com/audio/6fdba5/6fdba516-8381-43b0-b29f-59d05512b693/031364e0-3015-4349-9f81-0079f072f3d8/selginfed_tc.mp3?aid=rss_feed&feed=wgl4xEgL,37496998,http://files.libertyfund.org/econtalk/y2010/SelginFed.mp3
Wafaya Abdallah on Hair and Running a Small Business,2010-12-13,3658,https://cdn.simplecast.com/audio/6fdba5/6fdba516-8381-43b0-b29f-59d05512b693/c18101a3-87dd-4889-ae6e-3306a4dc3c27/abdallahsalon_tc.mp3?aid=rss_feed&feed=wgl4xEgL,29268844,http://files.libertyfund.org/econtalk/y2010/Abdallahsalon.mp3
Joe Nocera on the Crisis and All the Devils Are Here,2010-12-20,3663,https://cdn.simplecast.com/audio/6fdba5/6fdba516-8381-43b0-b29f-59d05512b693/fe9a326b-ac99-49e3-8a4c-47cebbc0d740/nocerafinancial_tc.mp3?aid=rss_feed&feed=wgl4xEgL,29307923,http://files.libertyfund.org/econtalk/y2010/Nocerafinancial.mp3
Peter Boettke on Mises,2010-12-27,4531,https://cdn.simplecast.com/audio/6fdba5/6fdba516-8381-43b0-b29f-59d05512b693/4fd37f2e-38ea-4806-9127-3a83fc78bec6/boettkemises_tc.mp3?aid=rss_feed&feed=wgl4xEgL,36249599,http://files.libertyfund.org/econtalk/y2010/BoettkeMises.mp3
Robin Hanson on the Technological Singularity,2011-01-03,5819,https://cdn.simplecast.com/audio/6fdba5/6fdba516-8381-43b0-b29f-59d05512b693/ebb732e7-e67c-4133-b714-47d07087b263/hansonsingularity_tc.mp3?aid=rss_feed&feed=wgl4xEgL,46558353,http://files.libertyfund.org/econtalk/y2011/Hansonsingularity.mp3
Bruce Caldwell on Hayek,2011-01-10,4520,https://cdn.simplecast.com/audio/6fdba5/6fdba516-8381-43b0-b29f-59d05512b693/67430d0b-8418-4c3f-b226-ef8a450a9ab8/caldwellhayek_tc.mp3?aid=rss_feed&feed=wgl4xEgL,36166425,http://files.libertyfund.org/econtalk/y2011/CaldwellHayek.mp3
Don Boudreaux on Monetary Misunderstandings,2011-01-17,3887,https://cdn.simplecast.com/audio/6fdba5/6fdba516-8381-43b0-b29f-59d05512b693/f49b43fa-28ba-4045-af97-1b9cd80c254d/boudreauxmisunderstanding_tc.mp3?aid=rss_feed&feed=wgl4xEgL,31103685,http://files.libertyfund.org/econtalk/y2011/Boudreauxmisunderstanding.mp3
Steve Fazzari on Stimulus and Keynes,2011-01-24,3644,https://cdn.simplecast.com/audio/6fdba5/6fdba516-8381-43b0-b29f-59d05512b693/225e95d3-8554-4862-80b0-782d597671d5/fazzaristimulus_tc.mp3?aid=rss_feed&feed=wgl4xEgL,29159966,http://files.libertyfund.org/econtalk/y2011/Fazzaristimulus.mp3
"Brian Deer on Autism, Vaccination, and Scientific Fraud",2011-01-31,3899,https://cdn.simplecast.com/audio/6fdba5/6fdba516-8381-43b0-b29f-59d05512b693/377ba648-2a25-4f0f-9f2a-19648812884b/deerautism_tc.mp3?aid=rss_feed&feed=wgl4xEgL,31193964,http://files.libertyfund.org/econtalk/y2011/Deerautism.mp3
Arnold Kling on Patterns of Sustainable Specialization and Trade,2011-02-07,4162,https://cdn.simplecast.com/audio/6fdba5/6fdba516-8381-43b0-b29f-59d05512b693/07f7b943-c8b9-4b22-9343-a77d4931f116/klingpsst_tc.mp3?aid=rss_feed&feed=wgl4xEgL,33297971,http://files.libertyfund.org/econtalk/y2011/Klingpsst.mp3
Tyler Cowen on the Great Stagnation,2011-02-14,3634,https://cdn.simplecast.com/audio/6fdba5/6fdba516-8381-43b0-b29f-59d05512b693/e1eab442-3dfb-41d9-959c-0e91382d8149/cowenstagnation_tc.mp3?aid=rss_feed&feed=wgl4xEgL,29077210,http://files.libertyfund.org/econtalk/y2011/Cowenstagnation.mp3
Daron Acemoglu on Inequality and the Financial Crisis,2011-02-21,3820,https://cdn.simplecast.com/audio/6fdba5/6fdba516-8381-43b0-b29f-59d05512b693/40eb33fa-7d54-420f-b228-152179906a77/acemogluinequality_tc.mp3?aid=rss_feed&feed=wgl4xEgL,30567861,http://files.libertyfund.org/econtalk/y2011/Acemogluinequality.mp3
"George Will on America, Politics, and Baseball",2011-02-28,3722,https://cdn.simplecast.com/audio/6fdba5/6fdba516-8381-43b0-b29f-59d05512b693/4778e434-5e17-4e10-a11a-e82881871b96/willpolitics_tc.mp3?aid=rss_feed&feed=wgl4xEgL,29782098,http://files.libertyfund.org/econtalk/y2011/Willpolitics.mp3
"Freeman Dyson on Heresy, Climate Change, and Science",2011-03-07,3964,https://cdn.simplecast.com/audio/6fdba5/6fdba516-8381-43b0-b29f-59d05512b693/eb5c7e59-ebad-4c2a-bbef-2f54a6dd8239/dysonclimate_tc.mp3?aid=rss_feed&feed=wgl4xEgL,31717249,http://files.libertyfund.org/econtalk/y2011/Dysonclimate.mp3
"Robert Townsend on Development, Poverty, and Financial Institutions",2011-03-14,4198,https://cdn.simplecast.com/audio/6fdba5/6fdba516-8381-43b0-b29f-59d05512b693/6fbf6ff6-17f3-4fd7-adcd-969d9f1b8f8d/townsenddevelopment_tc.mp3?aid=rss_feed&feed=wgl4xEgL,33592005,http://files.libertyfund.org/econtalk/y2011/Townsenddevelopment.mp3
Diane Coyle on the Economics of Enough,2011-03-21,3525,https://cdn.simplecast.com/audio/6fdba5/6fdba516-8381-43b0-b29f-59d05512b693/d3476dce-1c95-4c95-a986-9758ccc3c42a/coyleenough_tc.mp3?aid=rss_feed&feed=wgl4xEgL,28202630,http://files.libertyfund.org/econtalk/y2011/Coyleenough.mp3
"Vincent Reinhart on Bear Stearns, Lehman Brothers, and the Financial Crisis",2011-03-28,4174,https://cdn.simplecast.com/audio/6fdba5/6fdba516-8381-43b0-b29f-59d05512b693/c344d0c6-5122-4dcd-9340-27294fcf4bab/reinhartvbearstearns_tc.mp3?aid=rss_feed&feed=wgl4xEgL,33398908,http://files.libertyfund.org/econtalk/y2011/ReinhartVbearstearns.mp3
Gavin Andresen on BitCoin and Virtual Currency,2011-04-04,3470,https://cdn.simplecast.com/audio/6fdba5/6fdba516-8381-43b0-b29f-59d05512b693/8c1ba361-d624-44bb-8516-8bc8a5681962/andresenbitcoin_tc.mp3?aid=rss_feed&feed=wgl4xEgL,27764400,http://files.libertyfund.org/econtalk/y2011/Andresenbitcoin.mp3
"Dani Rodrik on Globalization, Development, and Employment",2011-04-11,3603,https://cdn.simplecast.com/audio/6fdba5/6fdba516-8381-43b0-b29f-59d05512b693/28708489-875f-474d-9de2-3f16ecf2db85/rodrikglobalization_tc.mp3?aid=rss_feed&feed=wgl4xEgL,28826225,http://files.libertyfund.org/econtalk/y2011/Rodrikglobalization.mp3
"Michael Munger on Microfinance, Savings, and Poverty",2011-04-18,3490,https://cdn.simplecast.com/audio/6fdba5/6fdba516-8381-43b0-b29f-59d05512b693/3560adaf-60d6-4f69-b0a3-d7b680da5f74/mungermicrofinance_tc.mp3?aid=rss_feed&feed=wgl4xEgL,27926822,http://files.libertyfund.org/econtalk/y2011/Mungermicrofinance.mp3
Ariel Rubinstein on Game Theory and Behavioral Economics,2011-04-25,3643,https://cdn.simplecast.com/audio/6fdba5/6fdba516-8381-43b0-b29f-59d05512b693/dfd00d0d-56ee-4b0b-ac9e-d4a0059caa02/rubinsteingametheory_tc.mp3?aid=rss_feed&feed=wgl4xEgL,29223086,http://files.libertyfund.org/econtalk/y2011/Rubinsteingametheory.mp3
John Papola on the Keynes Hayek Rap Videos,2011-05-02,4855,https://cdn.simplecast.com/audio/6fdba5/6fdba516-8381-43b0-b29f-59d05512b693/a9b74cfa-ec10-4638-b456-8867fbaa4405/papolarapvideos_tc.mp3?aid=rss_feed&feed=wgl4xEgL,38920758,http://files.libertyfund.org/econtalk/y2011/Papolarapvideos.mp3
Bryan  Caplan on Parenting,2011-05-09,4063,https://cdn.simplecast.com/audio/6fdba5/6fdba516-8381-43b0-b29f-59d05512b693/ee1d7781-3624-4bf5-b592-ebd5484e8c6b/caplanparenting_tc.mp3?aid=rss_feed&feed=wgl4xEgL,32586551,http://files.libertyfund.org/econtalk/y2011/Caplanparenting.mp3
"William Byers on the Blind Spot, Science, and Uncertainty",2011-05-16,4213,https://cdn.simplecast.com/audio/6fdba5/6fdba516-8381-43b0-b29f-59d05512b693/2aeb938f-0c5f-421a-8ee6-b7c66e1fc730/byersblindspot_tc.mp3?aid=rss_feed&feed=wgl4xEgL,33779884,http://files.libertyfund.org/econtalk/y2011/Byersblindspot.mp3
Tim Harford on Adapt and the Virtues of Failure,2011-05-23,3512,https://cdn.simplecast.com/audio/6fdba5/6fdba516-8381-43b0-b29f-59d05512b693/6c747343-e00f-41f8-9a2a-c0286ba3cf4f/harfordadapt_tc.mp3?aid=rss_feed&feed=wgl4xEgL,28178174,http://files.libertyfund.org/econtalk/y2011/Harfordadapt.mp3
William Easterly on Benevolent Autocrats and Growth,2011-05-30,3919,https://cdn.simplecast.com/audio/6fdba5/6fdba516-8381-43b0-b29f-59d05512b693/175490b4-cd12-49eb-8f44-f36eca9e003b/easterlybenevolent_tc.mp3?aid=rss_feed&feed=wgl4xEgL,31429479,http://files.libertyfund.org/econtalk/y2011/Easterlybenevolent.mp3
Barry Eichengreen on the Dollar and International Finance,2011-06-06,3915,https://cdn.simplecast.com/audio/6fdba5/6fdba516-8381-43b0-b29f-59d05512b693/04412644-9db3-46ad-b13f-ca2c45237caf/eichengreendollar_tc.mp3?aid=rss_feed&feed=wgl4xEgL,31395431,http://files.libertyfund.org/econtalk/y2011/Eichengreendollar.mp3
"Todd Buchholz on Competition, Stress, and the Rat Race",2011-06-13,3572,https://cdn.simplecast.com/audio/6fdba5/6fdba516-8381-43b0-b29f-59d05512b693/21bf06ac-85c3-4c85-9031-469121d72003/buchholzcompetition_tc.mp3?aid=rss_feed&feed=wgl4xEgL,28658839,http://files.libertyfund.org/econtalk/y2011/Buchholzcompetition.mp3
"Michael Munger on Exchange, Exploitation and Euvoluntary Transactions",2011-06-20,3762,https://cdn.simplecast.com/audio/6fdba5/6fdba516-8381-43b0-b29f-59d05512b693/3fff2272-a9d5-4b54-9b8b-1b60e1fd9538/mungerexchange_tc.mp3?aid=rss_feed&feed=wgl4xEgL,30173547,http://files.libertyfund.org/econtalk/y2011/Mungerexchange.mp3
James Otteson on Adam Smith,2011-06-27,4272,https://cdn.simplecast.com/audio/6fdba5/6fdba516-8381-43b0-b29f-59d05512b693/601f5785-2b44-4459-b18a-9ae1d00c4534/ottesonsmith_tc.mp3?aid=rss_feed&feed=wgl4xEgL,34252540,http://files.libertyfund.org/econtalk/y2011/OttesonSmith.mp3
David Skeel on Bankruptcy and the Auto Industry Bailout,2011-07-04,3656,https://cdn.simplecast.com/audio/6fdba5/6fdba516-8381-43b0-b29f-59d05512b693/df574547-101b-4e83-bd4a-8da2e5539653/skeelbankruptcy_tc.mp3?aid=rss_feed&feed=wgl4xEgL,29325902,http://files.libertyfund.org/econtalk/y2011/Skeelbankruptcy.mp3
Abhijit Banerjee on Poverty and Poor Economics,2011-07-11,3003,https://cdn.simplecast.com/audio/6fdba5/6fdba516-8381-43b0-b29f-59d05512b693/ff97bc1b-e6e7-4979-8f4a-3ead1d47a493/banerjeepoverty_tc.mp3?aid=rss_feed&feed=wgl4xEgL,24106824,http://files.libertyfund.org/econtalk/y2011/Banerjeepoverty.mp3
John Taylor on Fiscal and Monetary Policy,2011-07-18,3571,https://cdn.simplecast.com/audio/6fdba5/6fdba516-8381-43b0-b29f-59d05512b693/7be98124-3557-4258-a3fa-4bcf8c988a09/taylorfiscal_tc.mp3?aid=rss_feed&feed=wgl4xEgL,28644603,http://files.libertyfund.org/econtalk/y2011/Taylorfiscal.mp3
Keith Hennessey on the Debt Ceiling and the Budget Process,2011-07-25,4276,https://cdn.simplecast.com/audio/6fdba5/6fdba516-8381-43b0-b29f-59d05512b693/cc42dfc6-2417-41a3-ba60-ce0a28b549bf/hennesseydebt_tc.mp3?aid=rss_feed&feed=wgl4xEgL,34285621,http://files.libertyfund.org/econtalk/y2011/Hennesseydebt.mp3
Anat Admati on Financial Regulation,2011-08-01,3705,https://cdn.simplecast.com/audio/6fdba5/6fdba516-8381-43b0-b29f-59d05512b693/14de00c1-a359-47e7-ac26-ec2c3bf3f615/admatifinancial_tc.mp3?aid=rss_feed&feed=wgl4xEgL,29719582,http://files.libertyfund.org/econtalk/y2011/Admatifinancial.mp3
Debra Satz on Markets,2011-08-08,3730,https://cdn.simplecast.com/audio/6fdba5/6fdba516-8381-43b0-b29f-59d05512b693/9b2bd1d4-7d18-4a63-b5b6-303d1bd34f64/satzmarkets_tc.mp3?aid=rss_feed&feed=wgl4xEgL,29921426,http://files.libertyfund.org/econtalk/y2011/Satzmarkets.mp3
David Brady on the Electorate and the Elections of 2010 and 2012,2011-08-15,4035,https://cdn.simplecast.com/audio/6fdba5/6fdba516-8381-43b0-b29f-59d05512b693/a01f5445-ccf3-4feb-998d-45076c76a821/bradyelections_tc.mp3?aid=rss_feed&feed=wgl4xEgL,32360304,http://files.libertyfund.org/econtalk/y2011/Bradyelections.mp3
Brendan O'Donohoe on Potato Chips and Salty Snacks,2011-08-22,5391,https://cdn.simplecast.com/audio/6fdba5/6fdba516-8381-43b0-b29f-59d05512b693/36c0a0eb-8546-491f-aa68-843b302d2d4f/odonohoesnacks_tc.mp3?aid=rss_feed&feed=wgl4xEgL,43205475,http://files.libertyfund.org/econtalk/y2011/ODonohoesnacks.mp3
Eric Hanushek on Teachers,2011-08-29,3560,https://cdn.simplecast.com/audio/6fdba5/6fdba516-8381-43b0-b29f-59d05512b693/51bcabf7-f680-4bc1-b739-4c54910587bf/hanushekteachers_tc.mp3?aid=rss_feed&feed=wgl4xEgL,28560123,http://files.libertyfund.org/econtalk/y2011/Hanushekteachers.mp3
Clifford Winston on Lawyers,2011-09-05,3707,https://cdn.simplecast.com/audio/6fdba5/6fdba516-8381-43b0-b29f-59d05512b693/801a0020-b426-4e60-b495-c5d1a2d4b747/winstonlawyers_tc.mp3?aid=rss_feed&feed=wgl4xEgL,29731260,http://files.libertyfund.org/econtalk/y2011/Winstonlawyers.mp3
"Robert Frank on Competition, Government, and Darwin",2011-09-12,3810,https://cdn.simplecast.com/audio/6fdba5/6fdba516-8381-43b0-b29f-59d05512b693/85723cd0-f30c-41bd-bb36-fbc23dbb3707/frankgovernment_tc.mp3?aid=rss_feed&feed=wgl4xEgL,30562424,http://files.libertyfund.org/econtalk/y2011/Frankgovernment.mp3
Garett Jones on Stimulus,2011-09-19,3741,https://cdn.simplecast.com/audio/6fdba5/6fdba516-8381-43b0-b29f-59d05512b693/a3319740-53c0-4495-b83d-b97192185b27/jonesstimulus_tc.mp3?aid=rss_feed&feed=wgl4xEgL,30010678,http://files.libertyfund.org/econtalk/y2011/Jonesstimulus.mp3
Alex Rosenberg on the Nature of Economics,2011-09-26,3427,https://cdn.simplecast.com/audio/6fdba5/6fdba516-8381-43b0-b29f-59d05512b693/05813bd4-8abc-4734-986d-ea5f49a592c7/rosenbergnature_tc.mp3?aid=rss_feed&feed=wgl4xEgL,27495006,http://files.libertyfund.org/econtalk/y2011/Rosenbergnature.mp3
"Bruce Meyer on the Middle Class, Poverty, and Inequality",2011-10-03,3585,https://cdn.simplecast.com/audio/6fdba5/6fdba516-8381-43b0-b29f-59d05512b693/d8033c96-44e7-478c-821d-52c5129a7819/meyerbinequality_tc.mp3?aid=rss_feed&feed=wgl4xEgL,28756029,http://files.libertyfund.org/econtalk/y2011/MeyerBinequality.mp3
Frank Rose on Storytelling and the Art of Immersion,2011-10-10,3763,https://cdn.simplecast.com/audio/6fdba516-8381-43b0-b29f-59d05512b693/episodes/1d30186a-439b-4be1-be13-977c1fdf4fb0/audio/101595e0-2c6c-40de-aec5-89dc2823b2f8/default_tc.mp3?aid=rss_feed&feed=wgl4xEgL,30179379,http://files.libertyfund.org/econtalk/y2011/Roseimmersion.mp3
Nicholas Wapshott on Keynes and Hayek,2011-10-17,4133,https://cdn.simplecast.com/audio/6fdba516-8381-43b0-b29f-59d05512b693/episodes/154d9b15-c677-45bb-86ca-fdd9cf6e62e3/audio/660bb23d-7609-44f3-bf4a-28e712e04368/default_tc.mp3?aid=rss_feed&feed=wgl4xEgL,33144335,http://files.libertyfund.org/econtalk/y2011/WapshottKeynes.mp3
Valerie Ramey on Stimulus and Multipliers,2011-10-24,3739,https://cdn.simplecast.com/audio/6fdba516-8381-43b0-b29f-59d05512b693/episodes/810e31a7-3e46-4928-b8db-47e8bd9bc367/audio/af7aaf33-e332-46af-acfb-83054ba06696/default_tc.mp3?aid=rss_feed&feed=wgl4xEgL,29992097,http://files.libertyfund.org/econtalk/y2011/Rameystimulus.mp3
"Ryan Avent on Cities, Urban Regulations, and Growth",2011-10-31,3932,https://cdn.simplecast.com/audio/6fdba516-8381-43b0-b29f-59d05512b693/episodes/c839922f-711c-47a5-b442-626467d7e7b2/audio/6928c81b-76e3-4a91-9e0d-63ec140ae7a2/default_tc.mp3?aid=rss_feed&feed=wgl4xEgL,31536900,http://files.libertyfund.org/econtalk/y2011/Aventcities.mp3
Steven Kaplan on the Inequality and the Top 1%,2011-11-07,3973,https://cdn.simplecast.com/audio/6fdba516-8381-43b0-b29f-59d05512b693/episodes/0c279d24-58fd-4579-a304-3fbb02e37745/audio/5624f2d2-9473-4b84-847a-4cfdedb155d7/default_tc.mp3?aid=rss_feed&feed=wgl4xEgL,31859551,http://files.libertyfund.org/econtalk/y2011/Kaplaninequality.mp3
Roy Baumeister on Gender Differences and Culture,2011-11-14,4594,https://cdn.simplecast.com/audio/6fdba516-8381-43b0-b29f-59d05512b693/episodes/118e9f9d-ff07-42f7-8f13-72bde9bd3681/audio/0afc83ec-05fc-420f-adc3-b601e0ef3155/default_tc.mp3?aid=rss_feed&feed=wgl4xEgL,36833693,http://files.libertyfund.org/econtalk/y2011/Baumeistergender.mp3
"Gary Taubes on Fat, Sugar and Scientific Discovery",2011-11-21,4965,https://cdn.simplecast.com/audio/6fdba516-8381-43b0-b29f-59d05512b693/episodes/2362d1f2-a6b1-42a7-ba64-7911f2d12902/audio/17bba3ee-9579-4c87-bc9a-0b2d09771cf2/default_tc.mp3?aid=rss_feed&feed=wgl4xEgL,39800996,http://files.libertyfund.org/econtalk/y2011/Taubesfat.mp3
Simon Johnson on the Financial Crisis,2011-11-28,3889,https://cdn.simplecast.com/audio/6fdba516-8381-43b0-b29f-59d05512b693/episodes/cd1014c3-8d03-4cc9-b486-597ab3c90bec/audio/4e1f3d56-6b57-4240-9cbb-539109f21254/default_tc.mp3?aid=rss_feed&feed=wgl4xEgL,31189767,http://files.libertyfund.org/econtalk/y2011/Johnsonfinancial.mp3
Tyler Cowen on the European Crisis,2011-12-05,3481,https://cdn.simplecast.com/audio/6fdba516-8381-43b0-b29f-59d05512b693/episodes/f2e85e8a-9e82-4c1d-935c-e5f0b1a9ae91/audio/3253b84e-d8b0-4084-a310-67a2309f0d27/default_tc.mp3?aid=rss_feed&feed=wgl4xEgL,27926324,http://files.libertyfund.org/econtalk/y2011/CowenEurope.mp3
"Michael Munger on Profits, Entrepreneurship, and Storytelling",2011-12-12,3843,https://cdn.simplecast.com/audio/6fdba516-8381-43b0-b29f-59d05512b693/episodes/a21e6123-1987-4839-9e6d-09f53e9a803e/audio/3ed28051-db38-4c50-a710-c81a9b0d6c91/default_tc.mp3?aid=rss_feed&feed=wgl4xEgL,30826592,http://files.libertyfund.org/econtalk/y2011/Mungerstories.mp3
Dan Klein on Knowledge and Coordination,2011-12-19,3907,https://cdn.simplecast.com/audio/6fdba516-8381-43b0-b29f-59d05512b693/episodes/d3331896-6e82-4afe-b5ad-55d684be927a/audio/2665e13d-a251-469b-8042-c80a21aeeb57/default_tc.mp3?aid=rss_feed&feed=wgl4xEgL,31337303,http://files.libertyfund.org/econtalk/y2011/Kleinknowledge.mp3
Alex Tabarrok on Innovation,2011-12-26,4123,https://cdn.simplecast.com/audio/6fdba516-8381-43b0-b29f-59d05512b693/episodes/c2edfefd-0322-4c46-991b-68da59cd22c8/audio/d74df8b2-3389-4218-83f7-74c72bba6258/default_tc.mp3?aid=rss_feed&feed=wgl4xEgL,33063657,http://files.libertyfund.org/econtalk/y2011/Tabarrokinnovation.mp3
Scott Sumner on Money and the Fed,2012-01-02,4008,https://cdn.simplecast.com/audio/6fdba516-8381-43b0-b29f-59d05512b693/episodes/e1b9f418-93d2-4c3c-bf72-379c399c9835/audio/e35dba09-c1ce-4920-a9cd-bdead352671c/default_tc.mp3?aid=rss_feed&feed=wgl4xEgL,64208869,http://files.libertyfund.org/econtalk/y2012/Sumnerfederalreserve.mp3
Dean Baker on the Crisis,2012-01-09,3829,https://cdn.simplecast.com/audio/6fdba516-8381-43b0-b29f-59d05512b693/episodes/c369630f-22ca-40f3-b6a8-384761a1ed51/audio/46038f40-65ff-42e5-ac47-a6d79ddda118/default_tc.mp3?aid=rss_feed&feed=wgl4xEgL,30708670,http://files.libertyfund.org/econtalk/y2012/Bakerfinancial.mp3
Nassim Nicholas Taleb on Antifragility,2012-01-16,4436,https://cdn.simplecast.com/audio/6fdba516-8381-43b0-b29f-59d05512b693/episodes/fd0e2aee-fc5b-456d-970c-078afa19e4a5/audio/f3bdd265-305c-4b49-972a-7e0869689d6d/default_tc.mp3?aid=rss_feed&feed=wgl4xEgL,35566815,http://files.libertyfund.org/econtalk/y2012/Talebantifragility.mp3
David Rose on the Moral Foundations of Economic Behavior,2012-01-23,4293,https://cdn.simplecast.com/audio/6fdba516-8381-43b0-b29f-59d05512b693/episodes/61ed0b03-4e7d-47a5-b2c1-25e51bcb493d/audio/28eb0336-d9ae-49aa-be6f-f50b4b284b82/default_tc.mp3?aid=rss_feed&feed=wgl4xEgL,34422928,http://files.libertyfund.org/econtalk/y2012/RoseDmoral.mp3
Eugene Fama on Finance,2012-01-30,3696,https://cdn.simplecast.com/audio/6fdba516-8381-43b0-b29f-59d05512b693/episodes/8f8b5279-2b50-48ec-9616-7b9fc7f8d816/audio/81785aab-2578-4d2d-918a-47fb3473be0f/default_tc.mp3?aid=rss_feed&feed=wgl4xEgL,29647872,http://files.libertyfund.org/econtalk/y2012/Famafinance.mp3
William Black on Financial Fraud,2012-02-06,4947,https://cdn.simplecast.com/audio/6fdba516-8381-43b0-b29f-59d05512b693/episodes/d54afe93-88b4-4c54-ae7c-3d9ec167804f/audio/847e7d46-3a64-42e2-ad3e-b00ef4554b72/default_tc.mp3?aid=rss_feed&feed=wgl4xEgL,39654475,http://files.libertyfund.org/econtalk/y2012/Blackfinancialfraud.mp3
"David Owen on the Environment, Unintended Consequences, and The Conundrum",2012-02-13,4249,https://cdn.simplecast.com/audio/6fdba516-8381-43b0-b29f-59d05512b693/episodes/a6f769e7-05df-41c7-a47f-2828ea85bd3e/audio/1604ac75-030d-4ca0-a5be-769ecc8c2516/default_tc.mp3?aid=rss_feed&feed=wgl4xEgL,34072921,http://files.libertyfund.org/econtalk/y2012/Owenenvironment.mp3
Adam Davidson on Manufacturing,2012-02-20,4309,https://cdn.simplecast.com/audio/6fdba516-8381-43b0-b29f-59d05512b693/episodes/4ab241b4-4b6d-4fe8-850b-4e6cb9c75c9b/audio/f41a7f3b-74c9-472f-9c58-63d8c6771d46/default_tc.mp3?aid=rss_feed&feed=wgl4xEgL,34549100,http://files.libertyfund.org/econtalk/y2012/Davidsonmanufacturing.mp3
David Weinberger on Too Big to Know,2012-02-27,3804,https://cdn.simplecast.com/audio/6fdba516-8381-43b0-b29f-59d05512b693/episodes/aa765f7d-182a-43ef-8a27-1a5cfe8ccf98/audio/ac3fa388-defe-4012-9b81-04db546d3472/default_tc.mp3?aid=rss_feed&feed=wgl4xEgL,30507224,http://files.libertyfund.org/econtalk/y2012/Weinbergerinternet.mp3
"Charles Calomiris on Capital Requirements, Leverage, and Financial Regulation",2012-03-05,5236,https://cdn.simplecast.com/audio/6fdba516-8381-43b0-b29f-59d05512b693/episodes/8cb60ea0-9bef-4165-97e8-a279db489c3c/audio/4eb1db13-d379-4bc1-8865-798b9f666da8/default_tc.mp3?aid=rss_feed&feed=wgl4xEgL,41968998,http://files.libertyfund.org/econtalk/y2012/Calomirisleverage.mp3
"Emanuel Derman on Theories, Models, and Science",2012-03-12,3570,https://cdn.simplecast.com/audio/6fdba516-8381-43b0-b29f-59d05512b693/episodes/147bea22-7a75-435f-86d1-688d326f8721/audio/6ae1b10f-a3ac-4154-af98-81fd5b0cb62b/default_tc.mp3?aid=rss_feed&feed=wgl4xEgL,28635622,http://files.libertyfund.org/econtalk/y2012/Dermantheories.mp3
Daron Acemoglu on Why Nations Fail,2012-03-19,3400,https://cdn.simplecast.com/audio/6fdba516-8381-43b0-b29f-59d05512b693/episodes/078c6e59-6f71-4e62-ac75-7eaef8c24859/audio/fa6e1419-a949-42b2-b6e7-b1937bef2cf4/default_tc.mp3?aid=rss_feed&feed=wgl4xEgL,27277442,http://files.libertyfund.org/econtalk/y2012/Acemoglunations.mp3
Don Boudreaux on Public Debt,2012-03-26,5046,https://cdn.simplecast.com/audio/6fdba516-8381-43b0-b29f-59d05512b693/episodes/8fe98b43-07ac-47a8-bede-4a9caeb6472f/audio/378f9b70-26f6-4a73-a2f1-b4d720275b62/default_tc.mp3?aid=rss_feed&feed=wgl4xEgL,80823579,http://files.libertyfund.org/econtalk/y2012/Boudreauxpublicdebt.mp3
Eugene White on Bank Regulation,2012-04-02,3619,https://cdn.simplecast.com/audio/6fdba516-8381-43b0-b29f-59d05512b693/episodes/d52f7d7e-c3a9-4de2-bd1b-d7436564633c/audio/c0e66641-eb40-4492-b4c2-abcad4a327d8/default_tc.mp3?aid=rss_feed&feed=wgl4xEgL,29033086,http://files.libertyfund.org/econtalk/y2012/WhiteEbanking.mp3
Richard Burkhauser on the Middle Class,2012-04-09,4163,https://cdn.simplecast.com/audio/6fdba516-8381-43b0-b29f-59d05512b693/episodes/4f15bf08-f591-402b-9a6f-69840586a011/audio/c58db1ff-0634-4583-a134-9bb6f0b09a5f/default_tc.mp3?aid=rss_feed&feed=wgl4xEgL,33379441,http://files.libertyfund.org/econtalk/y2012/Burkhausermiddleclass.mp3
David Autor on Disability,2012-04-16,3705,https://cdn.simplecast.com/audio/6fdba516-8381-43b0-b29f-59d05512b693/episodes/d74a2e51-4813-4d4f-a3b6-5a612a501eba/audio/9cee3dc8-cb28-4e9c-98b9-9c297f1fd4b0/default_tc.mp3?aid=rss_feed&feed=wgl4xEgL,29717052,http://files.libertyfund.org/econtalk/y2012/Autordisability.mp3
Tyler Cowen on Food,2012-04-23,3708,https://cdn.simplecast.com/audio/6fdba516-8381-43b0-b29f-59d05512b693/episodes/ba2a2a2b-2101-4517-b896-97dd257bd25d/audio/ae7b0cb1-9733-4572-939e-2c9530b817ce/default_tc.mp3?aid=rss_feed&feed=wgl4xEgL,29739610,http://files.libertyfund.org/econtalk/y2012/Cowenfood.mp3
"John Taylor on Rules, Discretion, and First Principles",2012-04-30,3753,https://cdn.simplecast.com/audio/6fdba516-8381-43b0-b29f-59d05512b693/episodes/9df123b0-17d8-4501-8684-70995f45ab5b/audio/194df963-1c9e-46d9-a261-258c292288f8/default_tc.mp3?aid=rss_feed&feed=wgl4xEgL,30105814,http://files.libertyfund.org/econtalk/y2012/Taylorrules.mp3
"David Schmidtz on Rawls, Nozick, and Justice",2012-05-07,4518,https://cdn.simplecast.com/audio/6fdba516-8381-43b0-b29f-59d05512b693/episodes/63b9dd07-db91-4bfa-b8a4-2eac1f6427b3/audio/8a91be6f-5c3e-4650-af61-a6848659b819/default_tc.mp3?aid=rss_feed&feed=wgl4xEgL,36219699,http://files.libertyfund.org/econtalk/y2012/SchmidtzRawls.mp3
"David Owen on Parenting, Money, and the First National Bank of Dad",2012-05-14,3826,https://cdn.simplecast.com/audio/6fdba516-8381-43b0-b29f-59d05512b693/episodes/d507f08f-2dd5-4315-93f3-f04959562464/audio/d001b5e5-b366-4f94-99d3-4b8049831dd7/default_tc.mp3?aid=rss_feed&feed=wgl4xEgL,30683246,http://files.libertyfund.org/econtalk/y2012/Owenparenting.mp3
"Ronald Coase on Externalities, the Firm, and the State of Economics",2012-05-21,3627,https://cdn.simplecast.com/audio/6fdba516-8381-43b0-b29f-59d05512b693/episodes/bfae0a1e-c49f-455e-8034-d1c0e13d392a/audio/828d853b-67e0-4929-8c02-8844eb9338e0/default_tc.mp3?aid=rss_feed&feed=wgl4xEgL,29093748,http://files.libertyfund.org/econtalk/y2012/Coaseexternalities.mp3
Larry White on the Clash of Economic Ideas,2012-05-28,3755,https://cdn.simplecast.com/audio/6fdba516-8381-43b0-b29f-59d05512b693/episodes/311864d0-70cd-4fd5-8914-58c1e6ed68a5/audio/9170fe94-84e2-463b-9553-b88b0daf09b3/default_tc.mp3?aid=rss_feed&feed=wgl4xEgL,30120231,http://files.libertyfund.org/econtalk/y2012/Whiteideas.mp3
"Ed Yong on Science, Replication, and Journalism",2012-06-04,4281,https://cdn.simplecast.com/audio/6fdba516-8381-43b0-b29f-59d05512b693/episodes/e9f5d7f3-c4de-42b2-bcbb-4a2f2cddd6e1/audio/b6f1db0f-f80c-417c-a3d4-739906bf279f/default_tc.mp3?aid=rss_feed&feed=wgl4xEgL,34330746,http://files.libertyfund.org/econtalk/y2012/Yongscience.mp3
Jonah Lehrer on Creativity and Imagine,2012-06-11,4210,https://cdn.simplecast.com/audio/6fdba516-8381-43b0-b29f-59d05512b693/episodes/948534c1-90f7-4675-bfce-b64baa147cd2/audio/9ec67081-5a55-4b8e-8622-593bfccf3778/default_tc.mp3?aid=rss_feed&feed=wgl4xEgL,33760427,http://files.libertyfund.org/econtalk/y2012/Lehrercreativity.mp3
"Jim Manzi on Knowledge, Policy, and Uncontrolled",2012-06-18,3830,https://cdn.simplecast.com/audio/6fdba516-8381-43b0-b29f-59d05512b693/episodes/aeb113e8-9050-4c8a-a2bb-f85514aebdc1/audio/11168b6f-21fb-4721-b1e2-dcde968a5621/default_tc.mp3?aid=rss_feed&feed=wgl4xEgL,30718532,http://files.libertyfund.org/econtalk/y2012/Manziknowledge.mp3
"Enrico Moretti on Jobs, Cities, and Innovation",2012-06-25,4306,https://cdn.simplecast.com/audio/6fdba516-8381-43b0-b29f-59d05512b693/episodes/798195eb-d508-4046-91af-33c80f18bca3/audio/661ae45d-95ee-43c5-9f83-6f5feb0f0ac2/default_tc.mp3?aid=rss_feed&feed=wgl4xEgL,34525302,http://files.libertyfund.org/econtalk/y2012/Moretticities.mp3
Luigi Zingales on Capitalism and Crony Capitalism,2012-07-02,3958,https://cdn.simplecast.com/audio/6fdba516-8381-43b0-b29f-59d05512b693/episodes/b2bc2d95-62f4-4166-94fc-1536bbbbb2f0/audio/c9ea6fea-8f77-47fe-9473-ca29caabf76d/default_tc.mp3?aid=rss_feed&feed=wgl4xEgL,31740231,http://files.libertyfund.org/econtalk/y2012/Zingalescapitalism.mp3
Joseph Stiglitz on Inequality,2012-07-09,4049,https://cdn.simplecast.com/audio/6fdba516-8381-43b0-b29f-59d05512b693/episodes/f0fafc68-6b70-4acb-aaa2-03875e148eaa/audio/7fccf358-a868-4f67-afe2-8c2426aa34c9/default_tc.mp3?aid=rss_feed&feed=wgl4xEgL,32469946,http://files.libertyfund.org/econtalk/y2012/Stiglitzinequality.mp3
Gary Taubes on Why We Get Fat,2012-07-16,4801,https://cdn.simplecast.com/audio/6fdba516-8381-43b0-b29f-59d05512b693/episodes/50a69e35-0abe-439a-a1a4-f04ab0bde8aa/audio/41ec8bbe-4192-471c-a093-e003ab9fbdb8/default_tc.mp3?aid=rss_feed&feed=wgl4xEgL,38485428,http://files.libertyfund.org/econtalk/y2012/Taubeswhy.mp3
David Brady on the 2012 US Election,2012-07-23,3946,https://cdn.simplecast.com/audio/6fdba516-8381-43b0-b29f-59d05512b693/episodes/7d47277d-f286-4662-87d5-c1dd33d62ebe/audio/5b378cf1-8a93-4085-a6d6-d9cca376967a/default_tc.mp3?aid=rss_feed&feed=wgl4xEgL,31649297,http://files.libertyfund.org/econtalk/y2012/Brady2012election.mp3
Scott Atlas on American Health Care,2012-07-30,3702,https://cdn.simplecast.com/audio/6fdba516-8381-43b0-b29f-59d05512b693/episodes/471d8c45-90e2-40c3-9a25-c4eed537cdd7/audio/1b3a2732-a279-47b5-afa3-ce1a41f81476/default_tc.mp3?aid=rss_feed&feed=wgl4xEgL,29693678,http://files.libertyfund.org/econtalk/y2012/Atlashealth.mp3
Josiah Ober on the Ancient Greek Economy,2012-08-06,3976,https://cdn.simplecast.com/audio/6fdba516-8381-43b0-b29f-59d05512b693/episodes/caea7e35-c1f4-4c7b-af35-282891326ce0/audio/52ce32e0-c836-4b5b-8c1b-479a330f37e6/default_tc.mp3?aid=rss_feed&feed=wgl4xEgL,31886915,http://files.libertyfund.org/econtalk/y2012/Oberancientgreece.mp3
Tammy Frisby on Tax Reform,2012-08-13,4025,https://cdn.simplecast.com/audio/6fdba516-8381-43b0-b29f-59d05512b693/episodes/33d25781-a7ad-4dbe-a19d-632b8d6e4643/audio/dd191f90-98e0-4ad8-bec9-3e06d9624226/default_tc.mp3?aid=rss_feed&feed=wgl4xEgL,32277960,http://files.libertyfund.org/econtalk/y2012/Frisbytaxreform.mp3
Lee Ohanian on the Great Recession and the Labor Market,2012-08-20,4463,https://cdn.simplecast.com/audio/6fdba516-8381-43b0-b29f-59d05512b693/episodes/31059a01-e5b8-478f-8a87-48411424ed76/audio/504f8464-cfa9-4f7a-922b-2af96c432b42/default_tc.mp3?aid=rss_feed&feed=wgl4xEgL,35781826,http://files.libertyfund.org/econtalk/y2012/Ohanianrecession.mp3
Roger Noll on the Economics of Sports,2012-08-27,4017,https://cdn.simplecast.com/audio/6fdba516-8381-43b0-b29f-59d05512b693/episodes/1a3e4a7c-a757-49df-ba8b-5338c3ae0ff3/audio/67a2a98b-8b29-4bd0-8905-560958d70aa6/default_tc.mp3?aid=rss_feed&feed=wgl4xEgL,32214812,http://files.libertyfund.org/econtalk/y2012/Nollsports.mp3
Neil Barofsky on Bailouts,2012-09-03,3770,https://cdn.simplecast.com/audio/6fdba516-8381-43b0-b29f-59d05512b693/episodes/5929f3cf-8b14-4c1d-9908-382ef1b6d56f/audio/d57f5a9e-b81d-4612-8cbd-847bf6ef6154/default_tc.mp3?aid=rss_feed&feed=wgl4xEgL,60407105,http://files.libertyfund.org/econtalk/y2012/Barofskybailouts.mp3
"Brian Nosek on Truth, Science, and Academic Incentives",2012-09-10,3387,https://cdn.simplecast.com/audio/6fdba516-8381-43b0-b29f-59d05512b693/episodes/d8cd9c7b-c249-40df-8ae1-f7eafcd0fd21/audio/a03164c9-a8c9-4189-86d8-5cd8f2cc0292/default_tc.mp3?aid=rss_feed&feed=wgl4xEgL,27176545,http://files.libertyfund.org/econtalk/y2012/Nosektruth.mp3
Paul Tough on How Children Succeed,2012-09-17,3318,https://cdn.simplecast.com/audio/6fdba516-8381-43b0-b29f-59d05512b693/episodes/7bc96838-bedc-44e5-93e7-2af05294ca6f/audio/b1b794c7-a86a-4969-a5f7-a85ea889b816/default_tc.mp3?aid=rss_feed&feed=wgl4xEgL,26626065,http://files.libertyfund.org/econtalk/y2012/Toughchildren.mp3
Robert Frank and Russ Roberts on Infrastructure,2012-09-24,3471,https://cdn.simplecast.com/audio/6fdba516-8381-43b0-b29f-59d05512b693/episodes/5e5154b6-4803-4296-8631-0f9ea5c42d3a/audio/6ad3838a-f266-45bc-8674-cf3793867c94/default_tc.mp3?aid=rss_feed&feed=wgl4xEgL,27846925,http://files.libertyfund.org/econtalk/y2012/Frankinfrastructure.mp3
"Robert Skidelsky on Money, the Good Life, and How Much is Enough",2012-10-01,3275,https://cdn.simplecast.com/audio/6fdba516-8381-43b0-b29f-59d05512b693/episodes/4f728144-0c61-4a4b-82f9-e7a53f49fbb2/audio/256066c4-25d4-49b7-b572-8ab473d990e2/default_tc.mp3?aid=rss_feed&feed=wgl4xEgL,26281503,http://files.libertyfund.org/econtalk/y2012/Skidelskyenough.mp3
"Garett Jones on Fisher, Debt, and Deflation",2012-10-08,3680,https://cdn.simplecast.com/audio/6fdba516-8381-43b0-b29f-59d05512b693/episodes/4e25eb55-a85f-4a0b-bc79-918b2733a96f/audio/78612271-49c5-4c94-b2c1-a011dd93f58b/default_tc.mp3?aid=rss_feed&feed=wgl4xEgL,29516479,http://files.libertyfund.org/econtalk/y2012/Jonesdebt.mp3
Arnold Kling on Education and the Internet,2012-10-15,4019,https://cdn.simplecast.com/audio/6fdba516-8381-43b0-b29f-59d05512b693/episodes/3d9959cc-f0b2-4e1b-af26-086546d7e113/audio/f2120d5c-fd82-48f1-ba66-ced18e4aaf43/default_tc.mp3?aid=rss_feed&feed=wgl4xEgL,32230481,http://files.libertyfund.org/econtalk/y2012/Klingeducation.mp3
Jonathan Rodden on the Geography of Voting,2012-10-22,3457,https://cdn.simplecast.com/audio/6fdba516-8381-43b0-b29f-59d05512b693/episodes/c9925abc-fcf7-4365-afe3-ee1322643122/audio/1e7a7c80-6874-4ce2-b91a-10db6f4eac27/default_tc.mp3?aid=rss_feed&feed=wgl4xEgL,27733237,http://files.libertyfund.org/econtalk/y2012/Roddenvoting.mp3
"Steve Hanke on Hyperinflation, Monetary Policy, and Debt",2012-10-29,3995,https://cdn.simplecast.com/audio/6fdba516-8381-43b0-b29f-59d05512b693/episodes/bd22d5f0-4b6b-4aab-b2bb-4c29c44a92b1/audio/cd3ab850-fc98-4399-8c9e-026870c9b830/default_tc.mp3?aid=rss_feed&feed=wgl4xEgL,32038668,http://files.libertyfund.org/econtalk/y2012/Hankehyperinflation.mp3
Joshua Rauh on Public Pensions,2012-11-05,4098,https://cdn.simplecast.com/audio/6fdba516-8381-43b0-b29f-59d05512b693/episodes/f2057485-e888-48a8-9360-065e646d6c2f/audio/6e1930fe-de26-40e0-b336-661f1b1e0634/default_tc.mp3?aid=rss_feed&feed=wgl4xEgL,65655429,http://files.libertyfund.org/econtalk/y2012/Rauhpensions.mp3
"Michael Munger on John Locke, Prices, and Hurricane Sandy",2012-11-12,3897,https://cdn.simplecast.com/audio/6fdba516-8381-43b0-b29f-59d05512b693/episodes/5755a6c6-2382-4e4e-a1dd-4fd6fce9f406/audio/35b556cf-dfed-46e4-b10b-a4b8b8aafc67/default_tc.mp3?aid=rss_feed&feed=wgl4xEgL,31258127,http://files.libertyfund.org/econtalk/y2012/MungerLocke.mp3
John Cochrane on Health Care,2012-11-19,3555,https://cdn.simplecast.com/audio/6fdba516-8381-43b0-b29f-59d05512b693/episodes/5655d365-7849-489d-8b5d-429b6b8f7a64/audio/005b83d0-8cba-44dd-8bf6-d6f904238038/default_tc.mp3?aid=rss_feed&feed=wgl4xEgL,28519816,http://files.libertyfund.org/econtalk/y2012/Cochranehealth.mp3
Marcia Angell on Big Pharma,2012-11-26,3599,https://cdn.simplecast.com/audio/6fdba516-8381-43b0-b29f-59d05512b693/episodes/700b9cc5-b488-4d72-961f-ec193ccb1c37/audio/f4541f85-bc6e-4ca9-b6f4-80a76c4e3d3d/default_tc.mp3?aid=rss_feed&feed=wgl4xEgL,28869433,http://files.libertyfund.org/econtalk/y2012/Angellpharmaceuticals.mp3
"Mulligan on Redistribution, Unemployment, and the Labor Market",2012-12-03,3924,https://cdn.simplecast.com/audio/6fdba516-8381-43b0-b29f-59d05512b693/episodes/4980f91f-9bb2-4ff9-ac5b-1fbfd58d2c60/audio/1551139a-5d77-40b1-a52c-2dbaf5b982ae/default_tc.mp3?aid=rss_feed&feed=wgl4xEgL,31469014,http://files.libertyfund.org/econtalk/y2012/Mulliganredistribution.mp3
Chris Anderson on Makers and Manufacturing,2012-12-10,3854,https://cdn.simplecast.com/audio/6fdba516-8381-43b0-b29f-59d05512b693/episodes/c06aa5b4-e083-41fa-ab7a-97fc11de9e1d/audio/9462e9e0-26b9-4b5f-ab1d-274acde8d40d/default_tc.mp3?aid=rss_feed&feed=wgl4xEgL,30912879,http://files.libertyfund.org/econtalk/y2012/Andersonmanufacturing.mp3
Don Boudreaux on Reading Hayek,2012-12-17,4382,https://cdn.simplecast.com/audio/6fdba516-8381-43b0-b29f-59d05512b693/episodes/3d5d9fd0-9250-46b7-8060-e714ce40412b/audio/c224bdda-2e35-41f9-8ed0-d62a7e607650/default_tc.mp3?aid=rss_feed&feed=wgl4xEgL,35133608,http://files.libertyfund.org/econtalk/y2012/Boudreauxreading.mp3
Lisa Turner on Organic Farming,2012-12-24,3743,https://cdn.simplecast.com/audio/6fdba516-8381-43b0-b29f-59d05512b693/episodes/d82f5664-ab5c-422b-bc93-9cc1014fd900/audio/f1653532-e608-480c-9b49-3b63718e0f7c/default_tc.mp3?aid=rss_feed&feed=wgl4xEgL,30019467,http://files.libertyfund.org/econtalk/y2012/Turnerfarming.mp3
"Becky Pettit on the Prison Population, Survey Data and African-American Progress",2012-12-31,3770,https://cdn.simplecast.com/audio/6fdba516-8381-43b0-b29f-59d05512b693/episodes/eac670bc-16e5-4a53-bd88-cb8be73c67a3/audio/79613fac-8143-495e-b644-49c24f334352/default_tc.mp3?aid=rss_feed&feed=wgl4xEgL,30241910,http://files.libertyfund.org/econtalk/y2012/Pettitprison.mp3
Morten Jerven on Measuring African Poverty and Progress,2013-01-07,4147,https://cdn.simplecast.com/audio/6fdba516-8381-43b0-b29f-59d05512b693/episodes/6ae4f364-3c4f-47c5-ab44-e4022e3b6811/audio/01e890a6-cc75-45d5-82ba-1ec95180fe44/default_tc.mp3?aid=rss_feed&feed=wgl4xEgL,33257224,http://files.libertyfund.org/econtalk/y2013/JervenAfrica.mp3
Esther Dyson on the Attention Economy and the Quantification of Everything,2013-01-14,3651,https://cdn.simplecast.com/audio/6fdba516-8381-43b0-b29f-59d05512b693/episodes/24c0f5ff-77fc-4e24-b356-5538ead6c0c6/audio/e27794da-5349-4d7d-ac5f-8b78eef2da01/default_tc.mp3?aid=rss_feed&feed=wgl4xEgL,29290843,http://files.libertyfund.org/econtalk/y2013/DysonEattention.mp3
"Kevin Kelly on the Future, Productivity, and the Quality of Life",2013-01-21,3514,https://cdn.simplecast.com/audio/6fdba516-8381-43b0-b29f-59d05512b693/episodes/54f15323-6b51-464a-b1c5-d287a144af98/audio/e2f64d65-c8b0-4a16-9c6f-f669b4f28a3a/default_tc.mp3?aid=rss_feed&feed=wgl4xEgL,28190325,http://files.libertyfund.org/econtalk/y2013/Kellyfuture.mp3
Peter Boettke on Living Economics,2013-01-28,3858,https://cdn.simplecast.com/audio/6fdba516-8381-43b0-b29f-59d05512b693/episodes/f81960c2-6150-4f5a-8c88-47bd63409591/audio/1d7e457a-3bf0-4f6f-a193-fc7c240a76e8/default_tc.mp3?aid=rss_feed&feed=wgl4xEgL,30944405,http://files.libertyfund.org/econtalk/y2013/Boettkeliving.mp3
Louis Michael Seidman on the Constitution,2013-02-04,3722,https://cdn.simplecast.com/audio/6fdba516-8381-43b0-b29f-59d05512b693/episodes/f01b5bcd-3f64-4d2b-912e-95bd942fb500/audio/318225d4-6fdd-4abc-8d1d-c71b805eb7cd/default_tc.mp3?aid=rss_feed&feed=wgl4xEgL,29856875,http://files.libertyfund.org/econtalk/y2013/Seidmanconstitution.mp3
Cathy O'Neil on Wall St and Occupy Wall Street,2013-02-11,3831,https://cdn.simplecast.com/audio/6fdba516-8381-43b0-b29f-59d05512b693/episodes/96bce317-017a-4595-8b5e-573d53657229/audio/fa873924-c9db-4303-a09b-9aab5f617b74/default_tc.mp3?aid=rss_feed&feed=wgl4xEgL,30723343,http://files.libertyfund.org/econtalk/y2013/ONeilwallstreet.mp3
"Glenn Reynolds on Politics, the Constitution, and Technology",2013-02-18,3588,https://cdn.simplecast.com/audio/6fdba516-8381-43b0-b29f-59d05512b693/episodes/204fd087-1cfe-46a4-bbea-c1c925de2319/audio/1d58f275-5cde-4336-a20b-d2730af4f4dc/default_tc.mp3?aid=rss_feed&feed=wgl4xEgL,57488954,http://files.libertyfund.org/econtalk/y2013/Reynoldspolitics.mp3
"Yanis Varoufakis on Valve, Spontaneous Order, and the European Crisis",2013-02-25,3800,https://cdn.simplecast.com/audio/6fdba516-8381-43b0-b29f-59d05512b693/episodes/048e586d-bae9-40d5-8c74-b8dd6ae3ead9/audio/378526a2-ac87-4ff3-ba93-4a4f8fbce7dc/default_tc.mp3?aid=rss_feed&feed=wgl4xEgL,30482005,http://files.libertyfund.org/econtalk/y2013/Varoufakisvalve.mp3
"Leigh Steinberg on Sports, Agents, and Athletes",2013-03-04,4257,https://cdn.simplecast.com/audio/6fdba516-8381-43b0-b29f-59d05512b693/episodes/9ebcf4a3-7aa2-4641-85b2-42f7b3c0846e/audio/e516276c-c561-47cc-89c5-333d32554ae6/default_tc.mp3?aid=rss_feed&feed=wgl4xEgL,68193294,http://files.libertyfund.org/econtalk/y2013/Steinbergsports.mp3
Doc Searls on the Intention Economy,2013-03-11,3778,https://cdn.simplecast.com/audio/6fdba516-8381-43b0-b29f-59d05512b693/episodes/146c3010-3d65-4fd9-a3ae-851a9c4d76a2/audio/25cf208a-56cb-45a2-a344-ba3020d06234/default_tc.mp3?aid=rss_feed&feed=wgl4xEgL,30306607,http://files.libertyfund.org/econtalk/y2013/Searlsintention.mp3
"Angus Burgin on Hayek, Friedman, and the Great Persuasion",2013-03-18,4143,https://cdn.simplecast.com/audio/6fdba516-8381-43b0-b29f-59d05512b693/episodes/7df779df-a10c-45bb-8b77-f810ccba6682/audio/bf8256c9-6d11-4cb1-9814-9f150c422589/default_tc.mp3?aid=rss_feed&feed=wgl4xEgL,33223793,http://files.libertyfund.org/econtalk/y2013/BurginHayek.mp3
"Scott Sumner on Money, Business Cycles, and Monetary Policy",2013-03-25,4176,https://cdn.simplecast.com/audio/6fdba516-8381-43b0-b29f-59d05512b693/episodes/ece0987d-27ab-44b6-8f8e-15b34ed0a1a4/audio/ebf2f3a3-b767-4f42-89ce-46b027e9549d/default_tc.mp3?aid=rss_feed&feed=wgl4xEgL,33485016,http://files.libertyfund.org/econtalk/y2013/Sumnerbusinesscycles.mp3
Eric Topol on the Creative Destruction of Medicine,2013-04-01,3811,https://cdn.simplecast.com/audio/6fdba516-8381-43b0-b29f-59d05512b693/episodes/7d8b3733-e4a9-43af-a383-2c1adefd64ea/audio/9eba262f-f15b-4022-a926-5019500b2dd2/default_tc.mp3?aid=rss_feed&feed=wgl4xEgL,61063326,http://files.libertyfund.org/econtalk/y2013/Topolmedicine.mp3
Anat Admati on Bank Regulation and the Bankers' New Clothes,2013-04-08,3604,https://cdn.simplecast.com/audio/6fdba516-8381-43b0-b29f-59d05512b693/episodes/167c19d0-708e-466e-bdc7-428d389de982/audio/09c4ed54-fa81-4fd1-9838-3b43160a8dc0/default_tc.mp3?aid=rss_feed&feed=wgl4xEgL,28912550,http://files.libertyfund.org/econtalk/y2013/Admatibanks.mp3
"Jeffrey Sachs on the Crisis, the Recovery, and the Future",2013-04-15,4065,https://cdn.simplecast.com/audio/6fdba516-8381-43b0-b29f-59d05512b693/episodes/88300472-59d8-4716-a3ba-919cddab3530/audio/af296cab-ab5b-4802-a6ce-25e864891cb6/default_tc.mp3?aid=rss_feed&feed=wgl4xEgL,32598940,http://files.libertyfund.org/econtalk/y2013/Sachsrecovery.mp3
Edward Glaeser on Cities,2013-04-22,3827,https://cdn.simplecast.com/audio/6fdba516-8381-43b0-b29f-59d05512b693/episodes/ed7560b6-62af-44bc-a922-b9d95524117a/audio/148d7452-b59e-46d6-8062-b637eef2ac3d/default_tc.mp3?aid=rss_feed&feed=wgl4xEgL,30694863,http://files.libertyfund.org/econtalk/y2013/Glaesercities.mp3
James Galbraith on Inequality,2013-04-29,3748,https://cdn.simplecast.com/audio/6fdba516-8381-43b0-b29f-59d05512b693/episodes/03f493fd-de0b-4cc8-9f09-bb31e9221666/audio/13f518c8-a4ad-47e1-b260-f66b138f2d21/default_tc.mp3?aid=rss_feed&feed=wgl4xEgL,30060831,http://files.libertyfund.org/econtalk/y2013/Galbraithinequality.mp3
"William Bernstein on Communication, Power and the Masters of the Word",2013-05-06,3692,https://cdn.simplecast.com/audio/6fdba516-8381-43b0-b29f-59d05512b693/episodes/926b602e-5709-458b-812e-e9f0d38f8099/audio/1eb630d8-5665-46ad-95b1-bcdf60712305/default_tc.mp3?aid=rss_feed&feed=wgl4xEgL,29562711,http://files.libertyfund.org/econtalk/y2013/Bernsteincommunication.mp3
Austin Frakt on Medicaid and the Oregon Medicaid Study,2013-05-13,4146,https://cdn.simplecast.com/audio/6fdba516-8381-43b0-b29f-59d05512b693/episodes/b9f9730f-9e01-4ab6-b627-11d11eea7622/audio/4b28c5c5-fec2-4550-adbf-2bfa7ad53f9a/default_tc.mp3?aid=rss_feed&feed=wgl4xEgL,33195168,http://files.libertyfund.org/econtalk/y2013/Fraktmedicaid.mp3
Richard Epstein on the Constitution,2013-05-20,3749,https://cdn.simplecast.com/audio/6fdba516-8381-43b0-b29f-59d05512b693/episodes/3d977c44-b031-4274-9ae5-aeeda6000421/audio/db6e6f3a-c0bf-426d-9ff2-2d691b1440bd/default_tc.mp3?aid=rss_feed&feed=wgl4xEgL,60091517,http://files.libertyfund.org/econtalk/y2013/Epsteinconstitution.mp3
"Jim Manzi on the Oregon Medicaid Study, Experimental Evidence, and Causality",2013-05-27,3605,https://cdn.simplecast.com/audio/6fdba516-8381-43b0-b29f-59d05512b693/episodes/1d534726-486e-411c-a2b9-3615452fa256/audio/3b9e37ae-8097-4616-bd85-52ba9af6c06b/default_tc.mp3?aid=rss_feed&feed=wgl4xEgL,28864124,http://files.libertyfund.org/econtalk/y2013/Manzimedicaid.mp3
Arnold Kling on the Three Languages of Politics,2013-06-03,3875,https://cdn.simplecast.com/audio/6fdba516-8381-43b0-b29f-59d05512b693/episodes/e1ba84f8-148a-4c6c-9ae2-50fa5ecc77a3/audio/fe6ec59b-2214-4441-b7a7-58df0ab7a924/default_tc.mp3?aid=rss_feed&feed=wgl4xEgL,31023020,http://files.libertyfund.org/econtalk/y2013/Klinglanguages.mp3
"Bruce Schneier on Power, the Internet, and Security",2013-06-10,3809,https://cdn.simplecast.com/audio/6fdba516-8381-43b0-b29f-59d05512b693/episodes/3c3208b8-4f50-4f9c-8d63-18ec0e558a3f/audio/1ca06625-7fee-423c-ab71-ccebd6b4303f/default_tc.mp3?aid=rss_feed&feed=wgl4xEgL,30497235,http://files.libertyfund.org/econtalk/y2013/Schneierpower.mp3
Dan Pallotta on Charity and the Culture of the Non-Profit Sector,2013-06-17,3540,https://cdn.simplecast.com/audio/6fdba516-8381-43b0-b29f-59d05512b693/episodes/3d696777-759b-4c20-b011-a8b142c4691e/audio/d0c6b6bc-9b0a-498a-909a-cbb8f68f78ba/default_tc.mp3?aid=rss_feed&feed=wgl4xEgL,28341014,http://files.libertyfund.org/econtalk/y2013/Pallottacharity.mp3
"Betsey Stevenson and Justin Wolfers on Happiness, Growth, and the Reinhart-Rogoff Controversy",2013-06-24,3894,https://cdn.simplecast.com/audio/6fdba516-8381-43b0-b29f-59d05512b693/episodes/24738f88-d0a8-47a0-9fda-a635a23b0525/audio/7db21fb9-c267-4d01-be62-a6d5bc8de25c/default_tc.mp3?aid=rss_feed&feed=wgl4xEgL,31180038,http://files.libertyfund.org/econtalk/y2013/StevensonWolfersgrowth.mp3
"Michael Munger on Sports, Norms, Rules, and the Code",2013-07-01,3707,https://cdn.simplecast.com/audio/6fdba516-8381-43b0-b29f-59d05512b693/episodes/b9be57ba-9693-4665-bc90-36379d5c0a55/audio/d92e2e58-5b16-4a94-badb-0d84057c10aa/default_tc.mp3?aid=rss_feed&feed=wgl4xEgL,29679914,http://files.libertyfund.org/econtalk/y2013/Mungersports.mp3
"Morris Fiorina on Polarization, Stability, and the State of the Electorate",2013-07-08,3564,https://cdn.simplecast.com/audio/6fdba516-8381-43b0-b29f-59d05512b693/episodes/4c797fc1-6594-45f1-9db6-5d657576545a/audio/aee49366-bdef-4958-b18a-4fb50e896089/default_tc.mp3?aid=rss_feed&feed=wgl4xEgL,28538737,http://files.libertyfund.org/econtalk/y2013/Fiorinapolarization.mp3
"Michael Clemens on Aid, Migration, and Poverty",2013-07-15,4549,https://cdn.simplecast.com/audio/6fdba516-8381-43b0-b29f-59d05512b693/episodes/1b5ee914-9b05-4aaa-87be-72822e0c854b/audio/e967d36f-1788-4841-8875-34a0a382a1e0/default_tc.mp3?aid=rss_feed&feed=wgl4xEgL,72884461,http://files.libertyfund.org/econtalk/y2013/Clemensmigration.mp3
Michael Lind on Libertarianism,2013-07-22,4190,https://cdn.simplecast.com/audio/6fdba516-8381-43b0-b29f-59d05512b693/episodes/78dbfa3e-b359-43bf-a5b6-a1d3293c39c6/audio/110797ad-32d6-4de2-b704-5114349fa182/default_tc.mp3?aid=rss_feed&feed=wgl4xEgL,67140440,http://files.libertyfund.org/econtalk/y2013/Lindlibertarianism.mp3
Amrita Narlikar on Fair Trade and Free Trade,2013-07-29,3680,https://cdn.simplecast.com/audio/6fdba516-8381-43b0-b29f-59d05512b693/episodes/bee2a003-05f3-4c04-826a-ec8ce582b71d/audio/e71c9afd-b472-4ecb-8a12-f6766f532ad6/default_tc.mp3?aid=rss_feed&feed=wgl4xEgL,29467372,http://files.libertyfund.org/econtalk/y2013/Narlikartrade.mp3
Robert Pindyck on Climate Change,2013-08-05,3894,https://cdn.simplecast.com/audio/6fdba516-8381-43b0-b29f-59d05512b693/episodes/4cf2bd8e-4003-4fdc-99e6-5510bf303d32/audio/3be0f281-105b-40f1-a629-2739188f3b85/default_tc.mp3?aid=rss_feed&feed=wgl4xEgL,31178055,http://files.libertyfund.org/econtalk/y2013/Pindyckclimate.mp3
Barry Weingast on the Violence Trap,2013-08-12,4146,https://cdn.simplecast.com/audio/6fdba516-8381-43b0-b29f-59d05512b693/episodes/75e99187-6faa-40be-bad7-aff963b8d4e9/audio/242c64f8-5256-412b-9dd0-be7e2b97317a/default_tc.mp3?aid=rss_feed&feed=wgl4xEgL,33194125,http://files.libertyfund.org/econtalk/y2013/Weingastviolence.mp3
Jagdish Bhagwati on India,2013-08-19,3962,https://cdn.simplecast.com/audio/6fdba516-8381-43b0-b29f-59d05512b693/episodes/e5735d15-7060-4fcd-a125-ee6dbacae173/audio/263e2548-59e6-4809-a4e5-4acde8b18665/default_tc.mp3?aid=rss_feed&feed=wgl4xEgL,31720132,http://files.libertyfund.org/econtalk/y2013/BhagwatiIndia.mp3
Eric Hanushek on Education and Prosperity,2013-08-26,4199,https://cdn.simplecast.com/audio/6fdba516-8381-43b0-b29f-59d05512b693/episodes/00fc1f74-f892-438c-8b7e-3c780bdd9b32/audio/fdecb1d6-4ae0-4e34-986e-52460615dc50/default_tc.mp3?aid=rss_feed&feed=wgl4xEgL,33616033,http://files.libertyfund.org/econtalk/y2013/Hanushekprosperity.mp3
Michael Munger on Milk,2013-09-02,3658,https://cdn.simplecast.com/audio/6fdba516-8381-43b0-b29f-59d05512b693/episodes/a73d6668-476d-4b50-840b-6e69bc9f1f28/audio/11c446f3-4276-4f0a-9919-78257ec1a725/default_tc.mp3?aid=rss_feed&feed=wgl4xEgL,29288692,http://files.libertyfund.org/econtalk/y2013/Mungermilk.mp3
"Capitalism, Government, and the Good Society",2013-09-04,7117,https://cdn.simplecast.com/audio/6fdba516-8381-43b0-b29f-59d05512b693/episodes/0accb94a-a638-407d-83e8-f0c9d79b87ca/audio/1a899b6e-9b99-415f-baab-87868e6499c3/default_tc.mp3?aid=rss_feed&feed=wgl4xEgL,56961995,http://files.libertyfund.org/econtalk/y2013/ButlerUcapitalism.mp3
Nassim Nicholas Taleb on Skin in the Game,2013-09-09,3766,https://cdn.simplecast.com/audio/6fdba516-8381-43b0-b29f-59d05512b693/episodes/c88c8fcd-a678-459f-a108-984970e1a4fe/audio/c20ee150-c185-466f-ba72-2a186be3bc94/default_tc.mp3?aid=rss_feed&feed=wgl4xEgL,30153219,http://files.libertyfund.org/econtalk/y2013/Talebskin.mp3
David Laidler on Money,2013-09-16,3878,https://cdn.simplecast.com/audio/6fdba516-8381-43b0-b29f-59d05512b693/episodes/d40b867c-f9dc-4d3d-9a14-4aabb58c57bf/audio/3b674671-b834-4e91-a98f-f85fd89186a7/default_tc.mp3?aid=rss_feed&feed=wgl4xEgL,31049526,http://files.libertyfund.org/econtalk/y2013/Laidlermoney.mp3
David Epstein on the Sports Gene,2013-09-23,3956,https://cdn.simplecast.com/audio/6fdba516-8381-43b0-b29f-59d05512b693/episodes/c1d0e802-de8a-4810-b644-4a215712162d/audio/6d6f146a-8eb3-4a7c-8bf4-eb8de12c2fcb/default_tc.mp3?aid=rss_feed&feed=wgl4xEgL,31671470,http://files.libertyfund.org/econtalk/y2013/EpsteinDsports.mp3
"Tyler Cowen on Inequality, the Future, and Average is Over",2013-09-30,3594,https://cdn.simplecast.com/audio/6fdba516-8381-43b0-b29f-59d05512b693/episodes/aa54ff1f-8018-454d-9288-b181537e5793/audio/7a391680-a46a-4ab3-8867-bec121760fc1/default_tc.mp3?aid=rss_feed&feed=wgl4xEgL,28778199,http://files.libertyfund.org/econtalk/y2013/Coweninequality.mp3
"Emily Oster on Pregnancy, Causation, and Expecting Better",2013-10-07,3657,https://cdn.simplecast.com/audio/6fdba516-8381-43b0-b29f-59d05512b693/episodes/057f04c9-6a05-47d4-ab48-a3d3e3b9c80b/audio/23ff504e-a66e-4bd2-8a33-9b6711a1d6c3/default_tc.mp3?aid=rss_feed&feed=wgl4xEgL,29283498,http://files.libertyfund.org/econtalk/y2013/Osterpregnancy.mp3
Cliff Winston on Transportation,2013-10-14,3647,https://cdn.simplecast.com/audio/6fdba516-8381-43b0-b29f-59d05512b693/episodes/545389e2-4140-4e6e-83a8-37966a3deafc/audio/04986cbf-e379-4631-81f4-ed69a09562ad/default_tc.mp3?aid=rss_feed&feed=wgl4xEgL,29199436,http://files.libertyfund.org/econtalk/y2013/Winstontransportation.mp3
"Guillermo Calvo on the Crisis, Money, and Macro",2013-10-21,4179,https://cdn.simplecast.com/audio/6fdba516-8381-43b0-b29f-59d05512b693/episodes/86e504f9-4ced-4310-a06a-133e847908c9/audio/927a8911-47d0-44c1-b948-0f795bc04eb3/default_tc.mp3?aid=rss_feed&feed=wgl4xEgL,33454076,http://files.libertyfund.org/econtalk/y2013/Calvomoney.mp3
Don Boudreaux on Coase,2013-10-28,4400,https://cdn.simplecast.com/audio/6fdba516-8381-43b0-b29f-59d05512b693/episodes/75d6f449-e194-40cf-b8fe-3e30cdc5c6f7/audio/0f549098-7f16-4acf-9024-37d3659e0eb6/default_tc.mp3?aid=rss_feed&feed=wgl4xEgL,35224931,http://files.libertyfund.org/econtalk/y2013/BoudreauxCoase.mp3
"John Ralston Saul on Reason, Elites, and Voltaire's Bastards",2013-11-04,4345,https://cdn.simplecast.com/audio/6fdba516-8381-43b0-b29f-59d05512b693/episodes/dd952002-1edd-4746-8308-08e8476ad5a8/audio/ff367c3e-e2e8-45d0-9ec5-06dc344dc002/default_tc.mp3?aid=rss_feed&feed=wgl4xEgL,34785739,http://files.libertyfund.org/econtalk/y2013/Saulreason.mp3
Edmund Phelps on Mass Flourishing,2013-11-11,4002,https://cdn.simplecast.com/audio/6fdba516-8381-43b0-b29f-59d05512b693/episodes/eb64bae1-ed0b-4d0d-8064-a6de13197c43/audio/91894370-c456-4e29-b6ce-45d43e78f5da/default_tc.mp3?aid=rss_feed&feed=wgl4xEgL,32040112,http://files.libertyfund.org/econtalk/y2013/Phelpsflourishing.mp3
"Angus Deaton on Health, Wealth, and Poverty",2013-11-18,3623,https://cdn.simplecast.com/audio/6fdba516-8381-43b0-b29f-59d05512b693/episodes/cad20ff4-1e4f-42e0-a034-82fccb3d74e6/audio/13a3e98a-3e27-4d22-8e9a-fc8e81082b8a/default_tc.mp3?aid=rss_feed&feed=wgl4xEgL,29006990,http://files.libertyfund.org/econtalk/y2013/Deatonpoverty.mp3
"Joel Mokyr on Growth, Innovation, and Stagnation",2013-11-25,3929,https://cdn.simplecast.com/audio/6fdba516-8381-43b0-b29f-59d05512b693/episodes/2403e71a-3ac0-4b22-8532-7012b9f6291b/audio/e52c00b1-c65b-4a7c-8cfe-2045190098db/default_tc.mp3?aid=rss_feed&feed=wgl4xEgL,31458760,http://files.libertyfund.org/econtalk/y2013/Mokyrgrowth.mp3
Lant Pritchett on Education in Poor Countries,2013-12-02,3888,https://cdn.simplecast.com/audio/6fdba516-8381-43b0-b29f-59d05512b693/episodes/29c37c0b-c5a5-4e55-9832-842c8420a78d/audio/a8a73310-88e3-4dd1-91e2-e4c7d21040f5/default_tc.mp3?aid=rss_feed&feed=wgl4xEgL,31126268,http://files.libertyfund.org/econtalk/y2013/Pritchetteducation.mp3
Doug Lemov on Teaching,2013-12-09,3965,https://cdn.simplecast.com/audio/6fdba516-8381-43b0-b29f-59d05512b693/episodes/c2ddf13b-9750-419d-a42e-f333ea3485af/audio/d86886cd-9cdb-480a-b298-21ff0a6eb05a/default_tc.mp3?aid=rss_feed&feed=wgl4xEgL,31741876,http://files.libertyfund.org/econtalk/y2013/Lemovteaching.mp3
"Wally Thurman on Bees, Beekeeping, and Coase",2013-12-16,3801,https://cdn.simplecast.com/audio/6fdba516-8381-43b0-b29f-59d05512b693/episodes/ff385b5e-d16e-4c46-b66a-c0b25a16ccef/audio/f462286f-ce76-4daa-a3b7-aebae1db246e/default_tc.mp3?aid=rss_feed&feed=wgl4xEgL,60917004,http://files.libertyfund.org/econtalk/y2013/Thurmanbees.mp3
Judith Curry on Climate Change,2013-12-23,3996,https://cdn.simplecast.com/audio/6fdba516-8381-43b0-b29f-59d05512b693/episodes/3705a82e-c551-4ae8-8093-b22de4f5d5a2/audio/cce05d1e-39d0-44c9-a388-ce642298e115/default_tc.mp3?aid=rss_feed&feed=wgl4xEgL,31990577,http://files.libertyfund.org/econtalk/y2013/Curryclimate.mp3
Richard Fisher on Too Big to Fail and the Fed,2013-12-30,3615,https://cdn.simplecast.com/audio/6fdba516-8381-43b0-b29f-59d05512b693/episodes/c9a63cd9-7f15-493b-a151-181afa4bad9f/audio/c3974412-dd85-44c9-a4a8-bfd66e4ee97a/default_tc.mp3?aid=rss_feed&feed=wgl4xEgL,28945775,http://files.libertyfund.org/econtalk/y2013/FisherFed.mp3
Anthony Gill on Religion,2014-01-06,3787,https://cdn.simplecast.com/audio/6fdba516-8381-43b0-b29f-59d05512b693/episodes/5a0d3a52-edf6-4832-ad5c-50634618188b/audio/9d9effcd-053c-413d-b4e3-6410c5bc5478/default_tc.mp3?aid=rss_feed&feed=wgl4xEgL,30321863,http://files.libertyfund.org/econtalk/y2014/Gillreligion.mp3
"Laurence Kotlikoff on Debt, Default, and the Federal Government's Finances",2014-01-13,3632,https://cdn.simplecast.com/audio/6fdba516-8381-43b0-b29f-59d05512b693/episodes/edd1cb2e-088d-4bc7-be7c-73200cf04938/audio/c67151f0-e013-4cc6-af92-a074a51e4167/default_tc.mp3?aid=rss_feed&feed=wgl4xEgL,29082087,http://files.libertyfund.org/econtalk/y2014/Kotlikoffdebt.mp3
Jonathan Haidt on the Righteous Mind,2014-01-20,3781,https://cdn.simplecast.com/audio/6fdba516-8381-43b0-b29f-59d05512b693/episodes/fa9331d1-cc91-4667-b539-24170b5077da/audio/f3bdd0e3-6274-4924-943b-8e0bf133f2b0/default_tc.mp3?aid=rss_feed&feed=wgl4xEgL,30271941,http://files.libertyfund.org/econtalk/y2014/Haidtrighteous.mp3
"Nina Munk on Poverty, Development, and the Idealist",2014-01-27,3817,https://cdn.simplecast.com/audio/6fdba516-8381-43b0-b29f-59d05512b693/episodes/19dac02d-bce4-4939-ad1d-e699969dd837/audio/8ba4be27-c950-48d8-8d0c-1a9db8f60b64/default_tc.mp3?aid=rss_feed&feed=wgl4xEgL,30564334,http://files.libertyfund.org/econtalk/y2014/Munkpoverty.mp3
Erik Brynjolfsson on the Second Machine Age,2014-02-03,3581,https://cdn.simplecast.com/audio/6fdba516-8381-43b0-b29f-59d05512b693/episodes/4afbc8f9-406c-4cbc-9efa-1093629595ad/audio/7ef32af3-33f9-4cd8-8993-f70e0f5f15e1/default_tc.mp3?aid=rss_feed&feed=wgl4xEgL,28675130,http://files.libertyfund.org/econtalk/y2014/Brynjolfssonmachine.mp3
"Paul Sabin on Ehrlich, Simon and the Bet",2014-02-10,3808,https://cdn.simplecast.com/audio/6fdba516-8381-43b0-b29f-59d05512b693/episodes/d88436d4-8d98-4da7-9f8b-72a1fd9437aa/audio/9e21bfe7-1ced-4f8c-aa0c-4ac5cf3c2145/default_tc.mp3?aid=rss_feed&feed=wgl4xEgL,30489288,http://files.libertyfund.org/econtalk/y2014/Sabinbet.mp3
Charles Calomiris and Stephen Haber on Fragile by Design,2014-02-17,4621,https://cdn.simplecast.com/audio/6fdba516-8381-43b0-b29f-59d05512b693/episodes/6e725092-e6af-4232-8105-90bfbf3db92d/audio/047a585e-9ad5-4e46-b320-68d270faad81/default_tc.mp3?aid=rss_feed&feed=wgl4xEgL,74043008,http://files.libertyfund.org/econtalk/y2014/CalomirisHaberfragile.mp3
Robert Frank on Coase,2014-02-24,3886,https://cdn.simplecast.com/audio/6fdba516-8381-43b0-b29f-59d05512b693/episodes/6cc84c4b-fa39-4d72-85ab-73ccb03ce9b9/audio/a51c1c1b-5e58-41c3-89a6-11e279ea1628/default_tc.mp3?aid=rss_feed&feed=wgl4xEgL,31113553,http://files.libertyfund.org/econtalk/y2014/FrankCoase.mp3
"Moises Velasquez-Manoff on Autoimmune Disease, Parasites, and Complexity",2014-03-03,4374,https://cdn.simplecast.com/audio/6fdba516-8381-43b0-b29f-59d05512b693/episodes/04a3071d-9461-4d6b-aba4-57bf6a55aff5/audio/ff2b0abc-fee2-4c15-b832-6093e9055003/default_tc.mp3?aid=rss_feed&feed=wgl4xEgL,35020430,http://files.libertyfund.org/econtalk/y2014/VelasquezManoffautoimmune.mp3
"Richard Epstein on Classical Liberalism, Libertarianism, and Lochner",2014-03-10,4122,https://cdn.simplecast.com/audio/6fdba516-8381-43b0-b29f-59d05512b693/episodes/00c7e5a5-7add-4891-be9d-7524e86c4235/audio/6fd37d81-4e26-4e50-988c-322749b52908/default_tc.mp3?aid=rss_feed&feed=wgl4xEgL,32997931,http://files.libertyfund.org/econtalk/y2014/Epsteinclassicalliberalism.mp3
Jeffrey Sachs on the Millennium Villages Project,2014-03-17,5043,https://cdn.simplecast.com/audio/6fdba516-8381-43b0-b29f-59d05512b693/episodes/71fdde33-8443-4a71-8180-760aa33c6c78/audio/66a00b2c-2eb5-40dc-8750-912de3bfae3f/default_tc.mp3?aid=rss_feed&feed=wgl4xEgL,40366802,http://files.libertyfund.org/econtalk/y2014/Sachsmillennium.mp3
John Christy and Kerry Emanuel on Climate Change,2014-03-24,3890,https://cdn.simplecast.com/audio/6fdba516-8381-43b0-b29f-59d05512b693/episodes/29cdf888-3f10-4328-bfe7-7f11350055e1/audio/7599f1cd-20ce-417c-910b-e97e18cc7391/default_tc.mp3?aid=rss_feed&feed=wgl4xEgL,31141107,http://files.libertyfund.org/econtalk/y2014/ChristyEmanuelclimatechange.mp3
John Cochrane on Education and MOOCs,2014-03-31,3687,https://cdn.simplecast.com/audio/6fdba516-8381-43b0-b29f-59d05512b693/episodes/0a3735c5-0681-4140-acd9-e071f508e4c5/audio/fbc03b1f-9370-4c05-886d-55ac13cc99b3/default_tc.mp3?aid=rss_feed&feed=wgl4xEgL,29524070,http://files.libertyfund.org/econtalk/y2014/Cochranemoocs.mp3
"Bryan Caplan on College, Signaling and Human Capital",2014-04-07,3778,https://cdn.simplecast.com/audio/6fdba516-8381-43b0-b29f-59d05512b693/episodes/919d4795-1aab-481b-9c80-29030409e3f6/audio/28d9a5e8-8629-4ee4-96c7-000c22fdebf7/default_tc.mp3?aid=rss_feed&feed=wgl4xEgL,30252199,http://files.libertyfund.org/econtalk/y2014/Caplansignaling.mp3
Steven Teles on Kludgeocracy,2014-04-14,3738,https://cdn.simplecast.com/audio/6fdba516-8381-43b0-b29f-59d05512b693/episodes/3320a5bc-b4fe-41c9-8316-c42d1b0d36bd/audio/40f27da2-f5f6-4f53-88ee-f1006a0e8735/default_tc.mp3?aid=rss_feed&feed=wgl4xEgL,29924887,http://files.libertyfund.org/econtalk/y2014/Teleskludgeocracy.mp3
"Megan McArdle on Failure, Success, and the Up Side of Down",2014-04-21,4184,https://cdn.simplecast.com/audio/6fdba516-8381-43b0-b29f-59d05512b693/episodes/8c1f4689-f511-4c62-b887-abe8881e4dda/audio/7a1aed1c-0480-4b60-a062-57f0ae961220/default_tc.mp3?aid=rss_feed&feed=wgl4xEgL,33495143,http://files.libertyfund.org/econtalk/y2014/McArdlefailure.mp3
Diane Coyle on GDP,2014-04-28,3526,https://cdn.simplecast.com/audio/6fdba516-8381-43b0-b29f-59d05512b693/episodes/abf98477-af23-4d38-af6a-f34af13dcdbb/audio/0e7393c2-39af-404c-99ba-99af2e8a74f3/default_tc.mp3?aid=rss_feed&feed=wgl4xEgL,28234222,http://files.libertyfund.org/econtalk/y2014/Coylegdp.mp3
Gavin Andresen on the Present and Future of Bitcoin,2014-05-05,3729,https://cdn.simplecast.com/audio/6fdba516-8381-43b0-b29f-59d05512b693/episodes/da994fa7-8df7-48d2-86d6-0ebbad73d339/audio/0a126bd1-db3a-437b-88de-337932e1687a/default_tc.mp3?aid=rss_feed&feed=wgl4xEgL,29857015,http://files.libertyfund.org/econtalk/y2014/Andresenfuturebitcoin.mp3
"Charles Marohn on Strong Towns, Urban Development, and the Future of American Cities",2014-05-12,3869,https://cdn.simplecast.com/audio/6fdba516-8381-43b0-b29f-59d05512b693/episodes/1362d44d-c3ee-415e-9f24-1df336c57ad6/audio/58ec59c5-3ba9-431c-975b-67ddab4b3ebc/default_tc.mp3?aid=rss_feed&feed=wgl4xEgL,30980346,http://files.libertyfund.org/econtalk/y2014/Marohncities.mp3
Marc Andreessen on Venture Capital and the Digital Future,2014-05-19,4126,https://cdn.simplecast.com/audio/6fdba516-8381-43b0-b29f-59d05512b693/episodes/a37aa4d3-a3fe-4e21-bb26-5ad004246034/audio/80b79603-9ade-4a54-99af-d464d208743b/default_tc.mp3?aid=rss_feed&feed=wgl4xEgL,33029546,http://files.libertyfund.org/econtalk/y2014/Andreessenventure.mp3
"Yuval Levin on Burke, Paine, and the Great Debate",2014-05-26,4114,https://cdn.simplecast.com/audio/6fdba516-8381-43b0-b29f-59d05512b693/episodes/cca26166-ce4e-438d-8c5a-27def331093f/audio/da50d9e1-4733-47ba-bc64-6f5b503d837a/default_tc.mp3?aid=rss_feed&feed=wgl4xEgL,32939251,http://files.libertyfund.org/econtalk/y2014/LevinBurke.mp3
"Andrew McAfee, Megan McArdle, and Lee Ohanian on the Future of Work",2014-06-02,4772,https://cdn.simplecast.com/audio/6fdba516-8381-43b0-b29f-59d05512b693/episodes/313e0c9e-ae97-4daf-835c-1f722d007db1/audio/f7bd891b-ca36-4a7b-a413-980d5e7b12a8/default_tc.mp3?aid=rss_feed&feed=wgl4xEgL,38204494,http://files.libertyfund.org/econtalk/y2014/McAfeeMcArdleOhanianwork.mp3
Edward Lazear on Becker,2014-06-09,3785,https://cdn.simplecast.com/audio/6fdba516-8381-43b0-b29f-59d05512b693/episodes/2d427ce4-aa1b-44eb-a09a-c3fa76201a39/audio/78cebb56-cbe2-4ddc-ab5a-0b626b0c8e92/default_tc.mp3?aid=rss_feed&feed=wgl4xEgL,30308355,http://files.libertyfund.org/econtalk/y2014/LazearBecker.mp3
William Easterly on the Tyranny of Experts,2014-06-16,3860,https://cdn.simplecast.com/audio/6fdba516-8381-43b0-b29f-59d05512b693/episodes/0da9af6e-6a4c-4e5a-8a34-1b69715c9e57/audio/cf1ae0bf-1209-4238-bb59-dc42e1a15872/default_tc.mp3?aid=rss_feed&feed=wgl4xEgL,30905029,http://files.libertyfund.org/econtalk/y2014/Easterlytyranny.mp3
Gregory Zuckerman on the Frackers and the Energy Revolution,2014-06-23,3718,https://cdn.simplecast.com/audio/6fdba516-8381-43b0-b29f-59d05512b693/episodes/5ab6b052-75e8-4d09-8346-5d42070401ad/audio/587af8f1-f541-4fc7-a4c8-54f4e24a7907/default_tc.mp3?aid=rss_feed&feed=wgl4xEgL,29769259,http://files.libertyfund.org/econtalk/y2014/Zuckermanfracking.mp3
"Lars Peter Hansen on Risk, Ambiguity, and Measurement",2014-06-30,3616,https://cdn.simplecast.com/audio/6fdba516-8381-43b0-b29f-59d05512b693/episodes/def13485-2700-4f93-91e1-9630481f8c09/audio/32659653-7024-4f39-be19-23cb934867b1/default_tc.mp3?aid=rss_feed&feed=wgl4xEgL,28953996,http://files.libertyfund.org/econtalk/y2014/Hansenrisk.mp3
Michael Munger on the Sharing Economy,2014-07-07,3784,https://cdn.simplecast.com/audio/6fdba516-8381-43b0-b29f-59d05512b693/episodes/2958f7a6-8a40-4c35-bb82-0cb724a383cc/audio/74a5648e-40eb-45ed-a95c-f116f090726e/default_tc.mp3?aid=rss_feed&feed=wgl4xEgL,30294172,http://files.libertyfund.org/econtalk/y2014/Mungersharing.mp3
"D. G. Myers on Cancer, Dying, and Living",2014-07-14,4169,https://cdn.simplecast.com/audio/6fdba516-8381-43b0-b29f-59d05512b693/episodes/7025c1f8-92c3-4148-abe4-f485ba1129db/audio/fe1f8079-f60c-4ed2-ad0f-5f6c6a9b1d7b/default_tc.mp3?aid=rss_feed&feed=wgl4xEgL,33375369,http://files.libertyfund.org/econtalk/y2014/Myersliving.mp3
"Chris Blattman on Cash, Poverty, and Development",2014-07-21,4264,https://cdn.simplecast.com/audio/6fdba516-8381-43b0-b29f-59d05512b693/episodes/b80d5b96-3f22-4a79-81f8-ea71cd6b2878/audio/ddfd7a64-95ba-46f4-8860-3df8be27b929/default_tc.mp3?aid=rss_feed&feed=wgl4xEgL,34135657,http://files.libertyfund.org/econtalk/y2014/Blattmandevelopment.mp3
"Sam Altman on Start-ups, Venture Capital, and the Y Combinator",2014-07-28,3940,https://cdn.simplecast.com/audio/6fdba516-8381-43b0-b29f-59d05512b693/episodes/b2e58280-4111-43e5-b0e9-f6a9d7c70d9e/audio/47a527a8-6ce9-4b94-96a8-9a27a8cc0609/default_tc.mp3?aid=rss_feed&feed=wgl4xEgL,31547055,http://files.libertyfund.org/econtalk/y2014/Altmanstartups.mp3
Reid Hoffman and Ben Casnocha on LinkedIn and The Alliance,2014-08-04,4184,https://cdn.simplecast.com/audio/6fdba516-8381-43b0-b29f-59d05512b693/episodes/a4ff8462-ce85-40c1-820b-eb0312f60533/audio/a264f81f-3c7f-49a4-82ef-798cc3f6b1cf/default_tc.mp3?aid=rss_feed&feed=wgl4xEgL,33494737,http://files.libertyfund.org/econtalk/y2014/HoffmanCasnochalinkedin.mp3
Barry Weingast on Law,2014-08-11,3901,https://cdn.simplecast.com/audio/6fdba516-8381-43b0-b29f-59d05512b693/episodes/e17be5c0-aef9-4f2a-93b4-0b8bb03c1b9d/audio/1d9ce877-1d4a-4ff6-8613-a47b5ae0b72f/default_tc.mp3?aid=rss_feed&feed=wgl4xEgL,31235384,http://files.libertyfund.org/econtalk/y2014/Weingastlaw.mp3
Terry Anderson on the Environment and Property Rights,2014-08-18,3815,https://cdn.simplecast.com/audio/6fdba516-8381-43b0-b29f-59d05512b693/episodes/999cee7f-ab92-4ba7-a39b-c93a481dd592/audio/d4c3f47f-1483-46c9-a4ee-628198317764/default_tc.mp3?aid=rss_feed&feed=wgl4xEgL,30545398,http://files.libertyfund.org/econtalk/y2014/AndersonTenvironment.mp3
"Daphne Koller on Education, Coursera, and MOOCs",2014-08-25,3745,https://cdn.simplecast.com/audio/6fdba516-8381-43b0-b29f-59d05512b693/episodes/c11bd522-7b37-4e8e-a514-db0c9dbc0d6f/audio/c2916d08-52d9-4410-bd4a-c39e94e1fb3b/default_tc.mp3?aid=rss_feed&feed=wgl4xEgL,29987201,http://files.libertyfund.org/econtalk/y2014/Kollereducation.mp3
Nathan Blecharczyk on Airbnb and the Sharing Economy,2014-09-01,3552,https://cdn.simplecast.com/audio/6fdba516-8381-43b0-b29f-59d05512b693/episodes/3c7ee973-d6a5-4876-bbf2-830e52483ea5/audio/3eb6540c-cdb5-4c49-8ec5-713697344f5d/default_tc.mp3?aid=rss_feed&feed=wgl4xEgL,28442016,http://files.libertyfund.org/econtalk/y2014/Blecharczykairbnb.mp3
Paul Pfleiderer on the Misuse of Economic Models,2014-09-08,3631,https://cdn.simplecast.com/audio/6fdba516-8381-43b0-b29f-59d05512b693/episodes/cc737f6f-6258-4714-b4cb-d63a11f31190/audio/d81ce2fd-d829-4472-9654-883542bc47aa/default_tc.mp3?aid=rss_feed&feed=wgl4xEgL,29073126,http://files.libertyfund.org/econtalk/y2014/Pfleiderermodels.mp3
Elizabeth Green on Education and Building a Better Teacher,2014-09-15,3865,https://cdn.simplecast.com/audio/6fdba516-8381-43b0-b29f-59d05512b693/episodes/b7963694-0273-4c74-bd31-67f23087774d/audio/8b17c624-7596-46ca-9f7b-8a33ccb437e5/default_tc.mp3?aid=rss_feed&feed=wgl4xEgL,30946230,http://files.libertyfund.org/econtalk/y2014/Greeneducation.mp3
Thomas Piketty on Inequality and Capital in the 21st Century,2014-09-22,4123,https://cdn.simplecast.com/audio/6fdba516-8381-43b0-b29f-59d05512b693/episodes/7dee3e41-32ad-417d-9068-35c675da9e2e/audio/f74e2f2b-d8b0-4af6-be63-fd40d9d1ec1f/default_tc.mp3?aid=rss_feed&feed=wgl4xEgL,33005728,http://files.libertyfund.org/econtalk/y2014/Pikettycapital.mp3
Martha Nussbaum on Creating Capabilities and GDP,2014-09-29,3674,https://cdn.simplecast.com/audio/6fdba516-8381-43b0-b29f-59d05512b693/episodes/2d6e353b-7410-40a8-8999-83935be34858/audio/927cca8e-5d08-4d83-a33f-575b4a504f65/default_tc.mp3?aid=rss_feed&feed=wgl4xEgL,29418779,http://files.libertyfund.org/econtalk/y2014/Nussbaumgdp.mp3
David Autor on the Future of Work and Polanyi's Paradox,2014-10-06,4163,https://cdn.simplecast.com/audio/6fdba516-8381-43b0-b29f-59d05512b693/episodes/7bd5ab9e-5283-4159-95b6-550115ac1231/audio/8787fa11-0925-416f-80c1-cd133c7e6342/default_tc.mp3?aid=rss_feed&feed=wgl4xEgL,33331309,http://files.libertyfund.org/econtalk/y2014/Autorwork.mp3
Russ Roberts and Michael Munger on How Adam Smith Can Change Your Life,2014-10-13,3862,https://cdn.simplecast.com/audio/6fdba516-8381-43b0-b29f-59d05512b693/episodes/8a2d0d2d-f2d7-4aad-995f-6fdae0740370/audio/148fa149-a4f8-437b-8f92-ede4ac68662f/default_tc.mp3?aid=rss_feed&feed=wgl4xEgL,30923261,http://files.libertyfund.org/econtalk/y2014/MungerRobertsSmith.mp3
Luigi Zingales on Incentives and the Potential Capture of Economists by Special Interests,2014-10-20,3725,https://cdn.simplecast.com/audio/6fdba516-8381-43b0-b29f-59d05512b693/episodes/164b3048-bd30-4ac4-9d4a-ea7c341b8ace/audio/6d6d5410-3e75-4123-9380-30442779a52f/default_tc.mp3?aid=rss_feed&feed=wgl4xEgL,29825953,http://files.libertyfund.org/econtalk/y2014/Zingalescapture.mp3
Robert Solow on Growth and the State of Economics,2014-10-27,3725,https://cdn.simplecast.com/audio/6fdba516-8381-43b0-b29f-59d05512b693/episodes/aae5d9a2-336c-4110-88cf-7a763c832392/audio/53fc00f5-2e2f-4f15-85c8-83e8094be8d8/default_tc.mp3?aid=rss_feed&feed=wgl4xEgL,29825873,http://files.libertyfund.org/econtalk/y2014/Solowgrowth.mp3
"Daron Acemoglu on Inequality, Institutions, and Piketty",2014-11-03,4145,https://cdn.simplecast.com/audio/6fdba516-8381-43b0-b29f-59d05512b693/episodes/842a1ad8-5789-4f5e-8e58-d1e33b7e5646/audio/348ed99e-b7b8-4514-8631-3dc7632d9dfe/default_tc.mp3?aid=rss_feed&feed=wgl4xEgL,33187949,http://files.libertyfund.org/econtalk/y2014/Acemogluinstitutions.mp3
Becky Liddicoat Yamarik on Palliative Care and End-of-Life Medical Issues,2014-11-10,4150,https://cdn.simplecast.com/audio/6fdba516-8381-43b0-b29f-59d05512b693/episodes/b98216de-d821-41d4-adaa-ec36954f2148/audio/1830869d-4d19-488c-973c-6e0a7de85b8e/default_tc.mp3?aid=rss_feed&feed=wgl4xEgL,33224765,http://files.libertyfund.org/econtalk/y2014/Yamarikpalliative.mp3
Vernon Smith on Adam Smith and the Human Enterprise,2014-11-17,4081,https://cdn.simplecast.com/audio/6fdba516-8381-43b0-b29f-59d05512b693/episodes/6cbbfe71-e217-444f-bee3-577b9c494b25/audio/1d574721-e669-4e82-833c-cb1b27464c18/default_tc.mp3?aid=rss_feed&feed=wgl4xEgL,32676359,http://files.libertyfund.org/econtalk/y2014/SmithSmith.mp3
Emily Oster on Infant Mortality,2014-11-24,3571,https://cdn.simplecast.com/audio/6fdba516-8381-43b0-b29f-59d05512b693/episodes/b3d3556f-ddbd-4d80-aede-2e9234308b5d/audio/f49d33c2-075f-4277-8d0c-1023b8622a1f/default_tc.mp3?aid=rss_feed&feed=wgl4xEgL,28588678,http://files.libertyfund.org/econtalk/y2014/Osterinfant.mp3
Nick Bostrom on Superintelligence,2014-12-01,4114,https://cdn.simplecast.com/audio/6fdba516-8381-43b0-b29f-59d05512b693/episodes/347cc861-e416-4e60-8cc6-1f15be136537/audio/f5983782-2e5d-4141-9a7a-c090c6cfb35f/default_tc.mp3?aid=rss_feed&feed=wgl4xEgL,32939219,http://files.libertyfund.org/econtalk/y2014/Bostromsuperintelligence.mp3
James Otteson on the End of Socialism,2014-12-08,3827,https://cdn.simplecast.com/audio/6fdba516-8381-43b0-b29f-59d05512b693/episodes/0cfcf787-c1bd-44cf-844f-f367352ce6a2/audio/976a15d9-0ed2-4cdd-8aa0-95f959fabbb7/default_tc.mp3?aid=rss_feed&feed=wgl4xEgL,30640242,http://files.libertyfund.org/econtalk/y2014/Ottesonsocialism.mp3
Gary Marcus on the Future of Artificial Intelligence and the Brain,2014-12-15,3495,https://cdn.simplecast.com/audio/6fdba516-8381-43b0-b29f-59d05512b693/episodes/2f66aec3-fc7f-41f8-af97-981edcb4acda/audio/1199aa0b-0fd3-4101-a25d-6c73a4a917cb/default_tc.mp3?aid=rss_feed&feed=wgl4xEgL,27988140,http://files.libertyfund.org/econtalk/y2014/Marcusfuture.mp3
Joshua Angrist on Econometrics and Causation,2014-12-22,3930,https://cdn.simplecast.com/audio/6fdba516-8381-43b0-b29f-59d05512b693/episodes/4989fe2e-2728-4d2c-a3f5-5e9629adc1ef/audio/7e5a2ba7-5542-4300-8e7a-d7e79a70a1fc/default_tc.mp3?aid=rss_feed&feed=wgl4xEgL,31465308,http://files.libertyfund.org/econtalk/y2014/Angristeconometrics.mp3
James Tooley on Private Schools for the Poor and the Beautiful Tree,2014-12-29,4033,https://cdn.simplecast.com/audio/6fdba516-8381-43b0-b29f-59d05512b693/episodes/07976c0d-f780-4792-bfd4-90df2ca534c8/audio/fedef972-6200-4613-bf80-9565ef73a1e9/default_tc.mp3?aid=rss_feed&feed=wgl4xEgL,32288315,http://files.libertyfund.org/econtalk/y2014/Tooleyschools.mp3
"Joshua Greene on Moral Tribes, Moral Dilemmas, and Utilitarianism",2015-01-05,4206,https://cdn.simplecast.com/audio/6fdba516-8381-43b0-b29f-59d05512b693/episodes/c4d9f1ed-90db-40db-b20a-66cf33dfd502/audio/d51eb819-03e2-45ad-9b8b-1d0e11ddeec8/default_tc.mp3?aid=rss_feed&feed=wgl4xEgL,33672174,http://files.libertyfund.org/econtalk/y2015/Greenemoral.mp3
"Greg Page on Food, Agriculture, and Cargill",2015-01-12,3726,https://cdn.simplecast.com/audio/6fdba516-8381-43b0-b29f-59d05512b693/episodes/e182135e-5f7d-4118-9533-c424965d086b/audio/f4ff56f8-f93e-4413-a3d8-2bce8562096b/default_tc.mp3?aid=rss_feed&feed=wgl4xEgL,29834638,http://files.libertyfund.org/econtalk/y2015/Pageagriculture.mp3
Nassim Nicholas Taleb on the Precautionary Principle and Genetically Modified Organisms,2015-01-19,4056,https://cdn.simplecast.com/audio/6fdba516-8381-43b0-b29f-59d05512b693/episodes/28dd0493-6ba2-4828-b3a2-2a89a8b4f422/audio/95757beb-10d1-4430-8f2f-73c3bbfea657/default_tc.mp3?aid=rss_feed&feed=wgl4xEgL,32474347,http://files.libertyfund.org/econtalk/y2015/Talebgmos.mp3
Alex Tabarrok on Private Cities,2015-01-26,4097,https://cdn.simplecast.com/audio/6fdba516-8381-43b0-b29f-59d05512b693/episodes/3b140fff-e9b9-4c9c-adc4-d6520ee55e02/audio/1544ee4a-f467-44fb-b724-8dcde6a54b1a/default_tc.mp3?aid=rss_feed&feed=wgl4xEgL,32800661,http://files.libertyfund.org/econtalk/y2015/Tabarrokcities.mp3
Luigi Zingales on the Costs and Benefits of the Financial Sector,2015-02-02,3702,https://cdn.simplecast.com/audio/6fdba516-8381-43b0-b29f-59d05512b693/episodes/62a76687-a40a-4a3f-b1a9-77f43f015cdb/audio/39ffcdb8-2d9f-4aa7-a7bc-21736129f7f6/default_tc.mp3?aid=rss_feed&feed=wgl4xEgL,59332785,http://files.libertyfund.org/econtalk/y2015/Zingalesfinancial.mp3
Daniel Sumner on the Political Economy of Agriculture,2015-02-09,4144,https://cdn.simplecast.com/audio/6fdba516-8381-43b0-b29f-59d05512b693/episodes/12e7497d-4b8e-4680-81d2-7ce55a8ca1f0/audio/1702b79d-b0c0-4e7a-952c-d593466624bc/default_tc.mp3?aid=rss_feed&feed=wgl4xEgL,33179167,http://files.libertyfund.org/econtalk/y2015/SumnerDagriculture.mp3
Benn Steil on the Battle of Bretton Woods,2015-02-16,3909,https://cdn.simplecast.com/audio/6fdba516-8381-43b0-b29f-59d05512b693/episodes/daad6a50-cafc-4ced-a00f-0626a50db84f/audio/431b7976-e75c-4303-a2a3-693c322ab1a8/default_tc.mp3?aid=rss_feed&feed=wgl4xEgL,62644671,http://files.libertyfund.org/econtalk/y2015/Steilbrettonwoods.mp3
Michael Munger on Choosing in Groups,2015-02-23,4511,https://cdn.simplecast.com/audio/6fdba516-8381-43b0-b29f-59d05512b693/episodes/72cb2399-7e69-410d-86ea-209c24e33dc3/audio/14f6be58-d676-41bc-b497-f08d9b8e59fe/default_tc.mp3?aid=rss_feed&feed=wgl4xEgL,36115297,http://files.libertyfund.org/econtalk/y2015/Mungergroups.mp3
David Zetland on Water,2015-03-02,3602,https://cdn.simplecast.com/audio/6fdba516-8381-43b0-b29f-59d05512b693/episodes/caca2c44-4f9d-4666-b97f-7c4a60858b26/audio/e1bad4e6-9bc5-4741-b472-cd2945329f68/default_tc.mp3?aid=rss_feed&feed=wgl4xEgL,28838808,http://files.libertyfund.org/econtalk/y2015/Zetlandwater.mp3
Lawrence H. White on Monetary Constitutions,2015-03-09,4698,https://cdn.simplecast.com/audio/6fdba516-8381-43b0-b29f-59d05512b693/episodes/8298d868-4762-4858-bdad-40f831531876/audio/f334fa74-aaf2-4152-8db2-7d5584d93d40/default_tc.mp3?aid=rss_feed&feed=wgl4xEgL,37610351,http://files.libertyfund.org/econtalk/y2015/Whiteconstitutions.mp3
Paul Romer on Urban Growth,2015-03-16,3781,https://cdn.simplecast.com/audio/6fdba516-8381-43b0-b29f-59d05512b693/episodes/f196b66e-b4f0-46a9-824e-5df2b9f2f9c4/audio/99bb4ef5-4053-4ba1-9e7e-27b4cd71ed5c/default_tc.mp3?aid=rss_feed&feed=wgl4xEgL,30271164,http://files.libertyfund.org/econtalk/y2015/Romerurban.mp3
"Campbell Harvey on Randomness, Skill, and Investment Strategies",2015-03-23,3905,https://cdn.simplecast.com/audio/6fdba516-8381-43b0-b29f-59d05512b693/episodes/f302e915-7fd9-44c5-9c3a-15cab6be0da0/audio/7b97056f-ee48-4e72-b4bf-bb275d323d4a/default_tc.mp3?aid=rss_feed&feed=wgl4xEgL,31264098,http://files.libertyfund.org/econtalk/y2015/Harveyrandomness.mp3
David Skarbek on Prison Gangs and the Social Order of the Underworld,2015-03-30,4583,https://cdn.simplecast.com/audio/6fdba516-8381-43b0-b29f-59d05512b693/episodes/bd71a2e6-3356-43a1-a2e4-5cfee6b1ca30/audio/7625e2ed-af08-47c0-9bba-03ce736cf3f1/default_tc.mp3?aid=rss_feed&feed=wgl4xEgL,36690055,http://files.libertyfund.org/econtalk/y2015/Skarbekprisons.mp3
Vernon Smith and James Otteson on Adam Smith,2015-04-06,3878,https://cdn.simplecast.com/audio/6fdba516-8381-43b0-b29f-59d05512b693/episodes/94cd50df-73b5-4567-99e3-4b36a2e72e32/audio/17fd3ede-1f63-4853-b7b8-9852786907a8/default_tc.mp3?aid=rss_feed&feed=wgl4xEgL,31048393,http://files.libertyfund.org/econtalk/y2015/SmithVOttesonSmith.mp3
"Phil Rosenzweig on Leadership, Decisions, and Behavioral Economics",2015-04-13,3737,https://cdn.simplecast.com/audio/6fdba516-8381-43b0-b29f-59d05512b693/episodes/51b89a87-1481-4838-a205-6b3e7c05842b/audio/02f91823-0802-43da-a074-3df06690b35a/default_tc.mp3?aid=rss_feed&feed=wgl4xEgL,29924127,http://files.libertyfund.org/econtalk/y2015/Rosenzweigleadership.mp3
Scott Sumner on Interest Rates,2015-04-20,3910,https://cdn.simplecast.com/audio/6fdba516-8381-43b0-b29f-59d05512b693/episodes/91bd9c39-fe8b-4669-a68a-f9e341d1d2db/audio/da3ec78f-043d-4206-8964-eac017e6b792/default_tc.mp3?aid=rss_feed&feed=wgl4xEgL,62660542,http://files.libertyfund.org/econtalk/y2015/Sumnerinterestrates.mp3
Leonard Wong on Honesty and Ethics in the Military,2015-04-27,3743,https://cdn.simplecast.com/audio/6fdba516-8381-43b0-b29f-59d05512b693/episodes/0c4350d3-faeb-47e6-a872-eb9005100dc6/audio/89dd0bec-1b2f-44fa-9194-333c8dc32517/default_tc.mp3?aid=rss_feed&feed=wgl4xEgL,29967772,http://files.libertyfund.org/econtalk/y2015/Wongmilitary.mp3
Michael O'Hare on Art Museums,2015-05-04,3797,https://cdn.simplecast.com/audio/6fdba516-8381-43b0-b29f-59d05512b693/episodes/6292b161-02cd-4009-9cb5-6d8d11dd58f4/audio/fc59f77c-180e-4219-83a2-6b29e11bb772/default_tc.mp3?aid=rss_feed&feed=wgl4xEgL,30404288,http://files.libertyfund.org/econtalk/y2015/OHareart.mp3
Eric Topol on the Power of Patients in a Digital World,2015-05-11,4025,https://cdn.simplecast.com/audio/6fdba516-8381-43b0-b29f-59d05512b693/episodes/79fef61f-d4d6-4204-9574-8283af0db876/audio/4e8d343a-9ea6-4f17-82d4-bbdf00d0ad72/default_tc.mp3?aid=rss_feed&feed=wgl4xEgL,32224342,http://files.libertyfund.org/econtalk/y2015/Topolpatients.mp3
Nicholas Vincent on the Magna Carta,2015-05-18,4214,https://cdn.simplecast.com/audio/6fdba516-8381-43b0-b29f-59d05512b693/episodes/74129340-db47-4eb9-84a4-0fbe79b79707/audio/ccecc2d0-fa4e-4437-9785-81e51eeedef3/default_tc.mp3?aid=rss_feed&feed=wgl4xEgL,33736689,http://files.libertyfund.org/econtalk/y2015/Vincentmagnacarta.mp3
Bent Flyvbjerg on Megaprojects,2015-05-25,3857,https://cdn.simplecast.com/audio/6fdba516-8381-43b0-b29f-59d05512b693/episodes/413dca42-4a81-409a-b270-4ed8fa1183b9/audio/937b46d5-b382-425f-9a92-2c5226730835/default_tc.mp3?aid=rss_feed&feed=wgl4xEgL,30880137,http://files.libertyfund.org/econtalk/y2015/Flyvbjergmegaprojects.mp3
Martin Weitzman on Climate Change,2015-06-01,4109,https://cdn.simplecast.com/audio/6fdba516-8381-43b0-b29f-59d05512b693/episodes/b12058e7-5f9f-4b34-8433-5e71926367d3/audio/6b3553f2-b054-4fa1-b240-a65763b7650f/default_tc.mp3?aid=rss_feed&feed=wgl4xEgL,32896169,http://files.libertyfund.org/econtalk/y2015/Weitzmanclimate.mp3
Nathaniel Popper on Bitcoin and Digital Gold,2015-06-08,4052,https://cdn.simplecast.com/audio/6fdba516-8381-43b0-b29f-59d05512b693/episodes/6e5c9994-f79c-4319-9cf5-c406ed0c9fc1/audio/5c632ce4-791b-48fd-8f3a-47e080de7782/default_tc.mp3?aid=rss_feed&feed=wgl4xEgL,32440198,http://files.libertyfund.org/econtalk/y2015/Popperbitcoin.mp3
Adam Davidson on Hollywood and the Future of Work,2015-06-15,4456,https://cdn.simplecast.com/audio/6fdba516-8381-43b0-b29f-59d05512b693/episodes/f4e39f71-f482-4110-9ae5-2e9bd5155acf/audio/921b32dc-0d09-4719-978b-4cc8b2a1d8ad/default_tc.mp3?aid=rss_feed&feed=wgl4xEgL,35668733,http://files.libertyfund.org/econtalk/y2015/Davidsonhollywood.mp3
Morten Jerven on African Economic Growth,2015-06-22,4336,https://cdn.simplecast.com/audio/6fdba516-8381-43b0-b29f-59d05512b693/episodes/2fa73ea3-522e-41df-883e-7daa912f95fb/audio/7aa2f273-81cc-4da5-b6b7-1e11608df86c/default_tc.mp3?aid=rss_feed&feed=wgl4xEgL,34713888,http://files.libertyfund.org/econtalk/y2015/Jervengrowth.mp3
Matt Ridley on Climate Change,2015-06-29,4057,https://cdn.simplecast.com/audio/6fdba516-8381-43b0-b29f-59d05512b693/episodes/6d541814-0422-492e-914b-e22f4fa27161/audio/aa003732-bfac-4de7-807f-e69285af3deb/default_tc.mp3?aid=rss_feed&feed=wgl4xEgL,32484366,http://files.libertyfund.org/econtalk/y2015/Ridleyclimate.mp3
Alvin Roth on Matching Markets,2015-07-06,3789,https://cdn.simplecast.com/audio/6fdba516-8381-43b0-b29f-59d05512b693/episodes/baf8ff14-eba6-4be7-8e8f-374681b8989b/audio/5f754b61-46c5-4a2b-a761-cc7e2f2504b4/default_tc.mp3?aid=rss_feed&feed=wgl4xEgL,30344881,http://files.libertyfund.org/econtalk/y2015/Rothmatching.mp3
"Lee Ohanian, Arnold Kling, and John Cochrane on the Future of Freedom, Democracy, and Prosperity",2015-07-13,3416,https://cdn.simplecast.com/audio/6fdba516-8381-43b0-b29f-59d05512b693/episodes/ba280cc8-0cec-4723-b42d-836be48737a8/audio/c22af3c0-bf8e-42f0-afa6-301601c96383/default_tc.mp3?aid=rss_feed&feed=wgl4xEgL,27360078,http://files.libertyfund.org/econtalk/y2015/OhanianKlingCochranefreedom.mp3
Wences Casares on Bitcoin and Xapo,2015-07-20,3650,https://cdn.simplecast.com/audio/6fdba516-8381-43b0-b29f-59d05512b693/episodes/1b095ef7-367e-48da-8273-e68305145d36/audio/eae9c196-960e-4321-8c3e-2f513e30dc2f/default_tc.mp3?aid=rss_feed&feed=wgl4xEgL,29234981,http://files.libertyfund.org/econtalk/y2015/Casaresbitcoin.mp3
"Eric Hanushek on the Education, Skills, and the Millennium Development Goals",2015-07-27,4265,https://cdn.simplecast.com/audio/6fdba516-8381-43b0-b29f-59d05512b693/episodes/f985a870-48f6-45b5-9397-8e8eac10931a/audio/fc74fb1a-6118-4e27-83a4-383e534aec08/default_tc.mp3?aid=rss_feed&feed=wgl4xEgL,34153975,http://files.libertyfund.org/econtalk/y2015/Hanushekmillennium.mp3
"Roger Berkowitz on Fish, Food, and Legal Sea Foods",2015-08-03,3838,https://cdn.simplecast.com/audio/6fdba516-8381-43b0-b29f-59d05512b693/episodes/7aa69c19-5b4e-45fa-8542-fccea7764302/audio/88959ea8-089b-4742-8964-596f262dbce5/default_tc.mp3?aid=rss_feed&feed=wgl4xEgL,30737118,http://files.libertyfund.org/econtalk/y2015/Berkowitzfish.mp3
"Summer Brennan on Wilderness, Politics and the Oyster War",2015-08-10,3873,https://cdn.simplecast.com/audio/6fdba516-8381-43b0-b29f-59d05512b693/episodes/f9e4d3e6-cd21-4710-a8a6-7721cf0f2bd5/audio/1fb501b4-a59a-48d5-b8da-bd2d83f0026c/default_tc.mp3?aid=rss_feed&feed=wgl4xEgL,31015906,http://files.libertyfund.org/econtalk/y2015/Brennanwilderness.mp3
Rachel Laudan on the History of Food and Cuisine,2015-08-17,4014,https://cdn.simplecast.com/audio/6fdba516-8381-43b0-b29f-59d05512b693/episodes/2822de94-4e30-40c9-b6c6-b3d9b6c6bab8/audio/8d186438-0dcd-4755-8acb-12e4ed5473d0/default_tc.mp3?aid=rss_feed&feed=wgl4xEgL,32148358,http://files.libertyfund.org/econtalk/y2015/Laudanfood.mp3
"Jesse Ausubel on Agriculture, Technology, and the Return of Nature",2015-08-24,3772,https://cdn.simplecast.com/audio/6fdba516-8381-43b0-b29f-59d05512b693/episodes/4aae20d1-aaf3-4515-85a4-5d21aa3f44b9/audio/f777175a-c7b1-493e-a987-d1b0f8c048ef/default_tc.mp3?aid=rss_feed&feed=wgl4xEgL,30206756,http://files.libertyfund.org/econtalk/y2015/Ausubelagriculture.mp3
"Paul Robinson on Cooperation, Punishment and the Criminal Justice System",2015-08-31,4206,https://cdn.simplecast.com/audio/6fdba516-8381-43b0-b29f-59d05512b693/episodes/fed5b8c9-9ef7-489c-98a9-7d6d9526a8f5/audio/7d2f6815-b962-40c0-bd73-303414d3206d/default_tc.mp3?aid=rss_feed&feed=wgl4xEgL,33678749,http://files.libertyfund.org/econtalk/y2015/Robinsoncooperation.mp3
William MacAskill on Effective Altruism and Doing Good Better,2015-09-07,4152,https://cdn.simplecast.com/audio/6fdba516-8381-43b0-b29f-59d05512b693/episodes/99fcc517-0f13-4b00-ab5f-7bd6856fc223/audio/d6971d82-aebf-4f85-84e1-7187a75c9fe9/default_tc.mp3?aid=rss_feed&feed=wgl4xEgL,33250539,http://files.libertyfund.org/econtalk/y2015/MacAskillaltruism.mp3
Mitch Weiss on the Business of Broadway,2015-09-14,4361,https://cdn.simplecast.com/audio/6fdba516-8381-43b0-b29f-59d05512b693/episodes/aac95436-ce9f-4db8-8871-05894163c641/audio/d5e03d67-4adf-4ef1-9496-f6862a52453a/default_tc.mp3?aid=rss_feed&feed=wgl4xEgL,34922563,http://files.libertyfund.org/econtalk/y2015/Weissbroadway.mp3
Tina Rosenberg on the Kidney Market in Iran,2015-09-21,3683,https://cdn.simplecast.com/audio/6fdba516-8381-43b0-b29f-59d05512b693/episodes/19c6d0d5-448d-4aba-8f77-7ed9eac862e7/audio/dac508da-5d05-4bd5-90ae-7cf3035a0295/default_tc.mp3?aid=rss_feed&feed=wgl4xEgL,29492859,http://files.libertyfund.org/econtalk/y2015/Rosenbergkidneys.mp3
Pete Geddes on the American Prairie Reserve,2015-09-28,4022,https://cdn.simplecast.com/audio/6fdba516-8381-43b0-b29f-59d05512b693/episodes/e969bdb0-1448-42c5-96cf-4bd737c02494/audio/22b6892f-5fe0-4ab5-8f0f-618ef968f315/default_tc.mp3?aid=rss_feed&feed=wgl4xEgL,32206459,http://files.libertyfund.org/econtalk/y2015/Geddesprairie.mp3
Tim O'Reilly on Technology and Work,2015-10-05,3797,https://cdn.simplecast.com/audio/6fdba516-8381-43b0-b29f-59d05512b693/episodes/df9fc7d0-7892-439c-9876-06b82dbc8d1c/audio/240da785-79e2-4d8c-a045-93407e222f51/default_tc.mp3?aid=rss_feed&feed=wgl4xEgL,30409227,http://files.libertyfund.org/econtalk/y2015/OReillytechnology.mp3
"Peter Boettke on Katrina, Ten Years After",2015-10-12,4724,https://cdn.simplecast.com/audio/6fdba516-8381-43b0-b29f-59d05512b693/episodes/b4704fbd-ed37-401e-972a-71f5e63cf352/audio/336b7f68-0434-45c1-a902-eb2a7ef9c6eb/default_tc.mp3?aid=rss_feed&feed=wgl4xEgL,37821111,http://files.libertyfund.org/econtalk/y2015/Boettkekatrinaten.mp3
Yuval Harari on Sapiens,2015-10-19,4328,https://cdn.simplecast.com/audio/6fdba516-8381-43b0-b29f-59d05512b693/episodes/9a1e0e41-969b-4c24-9c2d-85418cfdc00d/audio/1de1039e-d6cf-47da-b0f0-20371715c02a/default_tc.mp3?aid=rss_feed&feed=wgl4xEgL,34653799,http://files.libertyfund.org/econtalk/y2015/Hararisapiens.mp3
Cesar Hidalgo on Why Information Grows,2015-10-26,3764,https://cdn.simplecast.com/audio/6fdba516-8381-43b0-b29f-59d05512b693/episodes/05ee5622-64e5-4f9d-9a4b-4e4ce4864d5e/audio/85b4e1b4-2c89-4863-915b-a7f22bf63cff/default_tc.mp3?aid=rss_feed&feed=wgl4xEgL,30141094,http://files.libertyfund.org/econtalk/y2015/Hidalgoinformation.mp3
"Michael Matheson Miller on Poverty, Inc",2015-11-02,4154,https://cdn.simplecast.com/audio/6fdba516-8381-43b0-b29f-59d05512b693/episodes/683444c8-f6d1-4555-9bef-2d6a63ee5d7a/audio/e6b5016a-18b8-48e3-b1fe-5ba8d3969f36/default_tc.mp3?aid=rss_feed&feed=wgl4xEgL,33259503,http://files.libertyfund.org/econtalk/y2015/MathesonMillerpoverty.mp3
Robert Aronowitz on Risky Medicine,2015-11-09,4232,https://cdn.simplecast.com/audio/6fdba516-8381-43b0-b29f-59d05512b693/episodes/df975514-d359-42cb-8349-031b45dec13b/audio/3d864470-8047-4435-9f0f-755e802689b7/default_tc.mp3?aid=rss_feed&feed=wgl4xEgL,33885392,http://files.libertyfund.org/econtalk/y2015/Aronowitzmedicine.mp3
Brian Nosek on the Reproducibility Project,2015-11-16,4037,https://cdn.simplecast.com/audio/6fdba516-8381-43b0-b29f-59d05512b693/episodes/ee1bf8da-e39b-4d9f-b9fe-dd4c00a3f835/audio/8331495f-aae7-4dc5-880c-8216aa1ad1a5/default_tc.mp3?aid=rss_feed&feed=wgl4xEgL,32330368,http://files.libertyfund.org/econtalk/y2015/Nosekreproducibility.mp3
Michael Munger on EconTalk's 500th Episode,2015-11-23,4414,https://cdn.simplecast.com/audio/6fdba516-8381-43b0-b29f-59d05512b693/episodes/69a725dc-2742-490b-9f26-e45499f78ad5/audio/8241c776-1db9-412d-930c-8758bb15b747/default_tc.mp3?aid=rss_feed&feed=wgl4xEgL,35340982,http://files.libertyfund.org/econtalk/y2015/Mungerfivehundred.mp3
"David Mindell on Our Robots, Ourselves",2015-11-30,3598,https://cdn.simplecast.com/audio/6fdba516-8381-43b0-b29f-59d05512b693/episodes/005bdb29-820b-44aa-8b0c-e7786dc0025c/audio/cc544110-2e1a-46d0-a1c3-d6fe32bb45e4/default_tc.mp3?aid=rss_feed&feed=wgl4xEgL,28816635,http://files.libertyfund.org/econtalk/y2015/Mindellrobots.mp3
Canice Prendergast on How Prices Can Improve a Food Fight (and Help the Poor),2015-12-07,3754,https://cdn.simplecast.com/audio/6fdba516-8381-43b0-b29f-59d05512b693/episodes/b22b22e3-f981-4b6c-9147-953fce110fbc/audio/cf630574-b0a3-43ba-8be2-62e5cea27d63/default_tc.mp3?aid=rss_feed&feed=wgl4xEgL,30060521,http://files.libertyfund.org/econtalk/y2015/Prendergastfood.mp3
George Selgin on Monetary Policy and the Great Recession,2015-12-14,4141,https://cdn.simplecast.com/audio/6fdba516-8381-43b0-b29f-59d05512b693/episodes/cc3fd0cb-29fd-4ed8-a545-28e90a99e23f/audio/ab4fd483-ad96-4e05-a374-2b3a498803f6/default_tc.mp3?aid=rss_feed&feed=wgl4xEgL,33156555,http://files.libertyfund.org/econtalk/y2015/Selginrecession.mp3
Philip Tetlock on Superforecasting,2015-12-21,3583,https://cdn.simplecast.com/audio/6fdba516-8381-43b0-b29f-59d05512b693/episodes/6209755e-f775-45ac-8d94-870934f3d25a/audio/b083e4f4-e89b-410d-89b8-b6c438f79834/default_tc.mp3?aid=rss_feed&feed=wgl4xEgL,28699185,http://files.libertyfund.org/econtalk/y2015/Tetlocksuperforecasting.mp3
Noah Smith on Whether Economics is a Science,2015-12-28,4113,https://cdn.simplecast.com/audio/6fdba516-8381-43b0-b29f-59d05512b693/episodes/b676e747-6c37-4f2f-8959-ea5688fceff1/audio/e2a2da13-6696-49f4-ae13-6d366befe3a3/default_tc.mp3?aid=rss_feed&feed=wgl4xEgL,32939183,http://files.libertyfund.org/econtalk/y2015/SmithNscience.mp3
Robert Frank on Dinner Table Economics,2016-01-04,3492,https://cdn.simplecast.com/audio/6fdba516-8381-43b0-b29f-59d05512b693/episodes/535a8994-71a6-442f-ad96-13ddf3aaec71/audio/d98fe4fc-d618-4697-abc9-f5489d59c4c9/default_tc.mp3?aid=rss_feed&feed=wgl4xEgL,55986362,http://files.libertyfund.org/econtalk/y2016/Frankdinnertable.mp3
Greg Ip on Foolproof,2016-01-11,3977,https://cdn.simplecast.com/audio/6fdba516-8381-43b0-b29f-59d05512b693/episodes/42349b9e-0eb0-400c-853d-c76c072f71c6/audio/6ca96b6a-4e06-43e5-9258-a6b676989843/default_tc.mp3?aid=rss_feed&feed=wgl4xEgL,31844314,http://files.libertyfund.org/econtalk/y2016/Ipfoolproof.mp3
"Josh Luber on Sneakers, Sneakerheads, and the Second-hand Market",2016-01-18,3774,https://cdn.simplecast.com/audio/6fdba516-8381-43b0-b29f-59d05512b693/episodes/ed9e1353-90fc-4682-8303-bf21afe0c048/audio/aff0481c-c327-4481-a3e8-f3353a648bc0/default_tc.mp3?aid=rss_feed&feed=wgl4xEgL,30222259,http://files.libertyfund.org/econtalk/y2016/Lubersneakers.mp3
"James Heckman on Facts, Evidence, and the State of Econometrics",2016-01-25,3852,https://cdn.simplecast.com/audio/6fdba516-8381-43b0-b29f-59d05512b693/episodes/26e436eb-9e9e-407b-bb3f-e9dd53eda6a3/audio/5292cec4-7d0d-45e8-a261-d38a64709f56/default_tc.mp3?aid=rss_feed&feed=wgl4xEgL,30844599,http://files.libertyfund.org/econtalk/y2016/Heckmaneconometrics.mp3
Timothy Taylor on Government vs. Business,2016-02-01,3716,https://cdn.simplecast.com/audio/6fdba516-8381-43b0-b29f-59d05512b693/episodes/acac9789-57ad-4148-9cf5-b480a152be6a/audio/f8532411-4c41-4d57-b29c-61b8f3e5f29a/default_tc.mp3?aid=rss_feed&feed=wgl4xEgL,29760600,http://files.libertyfund.org/econtalk/y2016/TaylorTgovernment.mp3
Adam Ozimek on the Power of Econometrics and Data,2016-02-08,3747,https://cdn.simplecast.com/audio/6fdba516-8381-43b0-b29f-59d05512b693/episodes/560f4b73-1d28-4e69-90d3-0288651429d1/audio/ef8fbbdb-fecf-42a4-af99-932af6d582ba/default_tc.mp3?aid=rss_feed&feed=wgl4xEgL,30006577,http://files.libertyfund.org/econtalk/y2016/Ozimekeconometrics.mp3
Adam Cifu on Ending Medical Reversal,2016-02-15,3889,https://cdn.simplecast.com/audio/6fdba516-8381-43b0-b29f-59d05512b693/episodes/f1cba614-c956-4ea4-8a2c-f9c21b9a4af6/audio/aaca9e65-f335-48aa-a628-eec682425bd1/default_tc.mp3?aid=rss_feed&feed=wgl4xEgL,31142562,http://files.libertyfund.org/econtalk/y2016/Cifumedical.mp3
Matt Ridley on the Evolution of Everything,2016-02-22,4190,https://cdn.simplecast.com/audio/6fdba516-8381-43b0-b29f-59d05512b693/episodes/4f4fa7c4-d844-4774-bd42-aa7752b4343b/audio/448eb201-6f35-474b-9463-ce19700ed658/default_tc.mp3?aid=rss_feed&feed=wgl4xEgL,67154236,http://files.libertyfund.org/econtalk/y2016/Ridleyevolution.mp3
"Alison Wolf on Women, Inequality and the XX Factor",2016-02-29,4284,https://cdn.simplecast.com/audio/6fdba516-8381-43b0-b29f-59d05512b693/episodes/8e03a208-9664-4403-93d3-7e1f276d1c98/audio/3c50b6da-3178-4678-9838-d3af4954b670/default_tc.mp3?aid=rss_feed&feed=wgl4xEgL,34303202,http://files.libertyfund.org/econtalk/y2016/Wolfinequality.mp3
"Will Davies on the Economics, Economists, and the Limits of Neoliberalism",2016-03-07,3990,https://cdn.simplecast.com/audio/6fdba516-8381-43b0-b29f-59d05512b693/episodes/ddd31df6-59a4-4caa-a110-499d37492eac/audio/1afca0a3-04f8-4e2c-b9fc-2d99027d65eb/default_tc.mp3?aid=rss_feed&feed=wgl4xEgL,63954371,http://files.libertyfund.org/econtalk/y2016/Daviesneoliberalism.mp3
"David Autor on Trade, China, and U.S. Labor Markets",2016-03-14,4378,https://cdn.simplecast.com/audio/6fdba516-8381-43b0-b29f-59d05512b693/episodes/9eac0062-ea9d-464a-88c3-8ae4184cf8bf/audio/e31026f5-cd7a-4948-a654-fb6178405728/default_tc.mp3?aid=rss_feed&feed=wgl4xEgL,35057825,http://files.libertyfund.org/econtalk/y2016/Autortrade.mp3
Marina Krakovsky on the Middleman Economy,2016-03-21,3788,https://cdn.simplecast.com/audio/6fdba516-8381-43b0-b29f-59d05512b693/episodes/8d3fc7d4-ea01-471f-b85b-aae6bc978b57/audio/d51b2ca7-d02f-47fe-9790-741d86ccf5c0/default_tc.mp3?aid=rss_feed&feed=wgl4xEgL,30334668,http://files.libertyfund.org/econtalk/y2016/Krakovskymiddlemen.mp3
"Jayson Lusk on Food, Technology, and Unnaturally Delicious",2016-03-28,4052,https://cdn.simplecast.com/audio/6fdba516-8381-43b0-b29f-59d05512b693/episodes/f3c2d3dd-fd4f-4e7a-b080-06de98bdfa0e/audio/496543d3-af84-41d6-9085-5fe39c40ea91/default_tc.mp3?aid=rss_feed&feed=wgl4xEgL,32450811,http://files.libertyfund.org/econtalk/y2016/Luskdelicious.mp3
Richard Jones on Transhumanism,2016-04-04,4302,https://cdn.simplecast.com/audio/6fdba516-8381-43b0-b29f-59d05512b693/episodes/9ab8ec04-3a1a-4e8f-be44-95c1157bec22/audio/0001c6e0-79e0-4733-ab6f-d0a5f8e289f3/default_tc.mp3?aid=rss_feed&feed=wgl4xEgL,34443404,http://files.libertyfund.org/econtalk/y2016/JonesRtranshumanism.mp3
Robert Frank on Success and Luck,2016-04-11,4294,https://cdn.simplecast.com/audio/6fdba516-8381-43b0-b29f-59d05512b693/episodes/afb102be-6dd6-4f46-ae34-b259380fca47/audio/5d556e76-9576-4529-baff-55194448f31a/default_tc.mp3?aid=rss_feed&feed=wgl4xEgL,34382384,http://files.libertyfund.org/econtalk/y2016/Franksuccess.mp3
Gary Belsky on the Origins of Sports,2016-04-18,4092,https://cdn.simplecast.com/audio/6fdba516-8381-43b0-b29f-59d05512b693/episodes/a1d7d010-38e1-4eed-94f3-4356ab144650/audio/b03ce757-15c1-4f37-858c-3bdb8c396ebd/default_tc.mp3?aid=rss_feed&feed=wgl4xEgL,32764259,http://files.libertyfund.org/econtalk/y2016/Belskysports.mp3
Alberto Alesina on Fiscal Policy and Austerity,2016-04-25,3808,https://cdn.simplecast.com/audio/6fdba516-8381-43b0-b29f-59d05512b693/episodes/83c4f8c7-d3ea-4764-acb4-dfe0f4e3f46b/audio/9608a00b-446a-4bd2-87ef-661454684129/default_tc.mp3?aid=rss_feed&feed=wgl4xEgL,30494332,http://files.libertyfund.org/econtalk/y2016/Alesinafiscalpolicy.mp3
Arnold Kling on Specialization and Trade,2016-05-02,4016,https://cdn.simplecast.com/audio/6fdba516-8381-43b0-b29f-59d05512b693/episodes/f34ebc58-6988-493d-ae08-d6537483d1e5/audio/d7848e77-5cce-4755-aefc-9a7f714cf40c/default_tc.mp3?aid=rss_feed&feed=wgl4xEgL,32161356,http://files.libertyfund.org/econtalk/y2016/Klingspecialization.mp3
Pedro Domingos on Machine Learning and the Master Algorithm,2016-05-09,3950,https://cdn.simplecast.com/audio/6fdba516-8381-43b0-b29f-59d05512b693/episodes/1669205a-7351-4830-8989-952d92e09c10/audio/f047ce56-e9d4-4eaf-86c6-03e0dae3aef6/default_tc.mp3?aid=rss_feed&feed=wgl4xEgL,31629313,http://files.libertyfund.org/econtalk/y2016/Domingosalgorithm.mp3
Leif Wenar on Blood Oil,2016-05-16,3885,https://cdn.simplecast.com/audio/6fdba516-8381-43b0-b29f-59d05512b693/episodes/d2ba5286-4b42-418b-af09-8a20290a5456/audio/2afabe99-787a-4ee4-b06f-d8a3412a2420/default_tc.mp3?aid=rss_feed&feed=wgl4xEgL,31111201,http://files.libertyfund.org/econtalk/y2016/Wenarbloodoil.mp3
James Bessen on Learning by Doing,2016-05-23,3863,https://cdn.simplecast.com/audio/6fdba516-8381-43b0-b29f-59d05512b693/episodes/25720263-8a4f-40e4-9b0a-0ef947adfb2f/audio/6b63e52e-8b12-45bd-8787-9be3404bbd98/default_tc.mp3?aid=rss_feed&feed=wgl4xEgL,30937549,http://files.libertyfund.org/econtalk/y2016/Bessenlearning.mp3
"David Beckworth on Money, Monetary Policy, and the Great Recession",2016-05-30,3831,https://cdn.simplecast.com/audio/6fdba516-8381-43b0-b29f-59d05512b693/episodes/f6451768-c07b-4e47-a128-46514b047059/audio/efca5fde-b20a-4654-86f6-ccf1b607bb9e/default_tc.mp3?aid=rss_feed&feed=wgl4xEgL,61410246,http://files.libertyfund.org/econtalk/y2016/Beckworthmoney.mp3
Jason Zweig on Finance and the Devil's Financial Dictionary,2016-06-06,3880,https://cdn.simplecast.com/audio/6fdba516-8381-43b0-b29f-59d05512b693/episodes/71fc2277-e1d1-4407-a899-79d6b799d94f/audio/aef87285-8268-421f-b42e-5f019f64627f/default_tc.mp3?aid=rss_feed&feed=wgl4xEgL,62194330,http://files.libertyfund.org/econtalk/y2016/Zweigfinance.mp3
"Abby Smith Rumsey on Remembering, Forgetting, and When We Are No More",2016-06-13,3784,https://cdn.simplecast.com/audio/6fdba516-8381-43b0-b29f-59d05512b693/episodes/50be223d-74d5-4c34-bd7b-7454cfcf429e/audio/98fd9a47-e6ef-45e9-afdc-527a0022dadb/default_tc.mp3?aid=rss_feed&feed=wgl4xEgL,30305228,http://files.libertyfund.org/econtalk/y2016/Rumseynomore.mp3
Kevin Kelly on the Inevitable,2016-06-20,3746,https://cdn.simplecast.com/audio/6fdba516-8381-43b0-b29f-59d05512b693/episodes/6f0bf50c-6d19-4f4d-8965-160c788193a8/audio/56937e1a-bb1c-438c-b2cf-28088d57f666/default_tc.mp3?aid=rss_feed&feed=wgl4xEgL,29999242,http://files.libertyfund.org/econtalk/y2016/Kellyinevitable.mp3
"Richard Epstein on Cruises, First-Class Travel, and Inequality",2016-06-27,3821,https://cdn.simplecast.com/audio/6fdba516-8381-43b0-b29f-59d05512b693/episodes/64c22cf4-e54d-47ba-992a-6bc9b15dbe99/audio/fbc2ba53-a912-4969-988c-567546d3eb33/default_tc.mp3?aid=rss_feed&feed=wgl4xEgL,30596924,http://files.libertyfund.org/econtalk/y2016/Epsteincruises.mp3
Yuval Levin on The Fractured Republic,2016-07-04,3689,https://cdn.simplecast.com/audio/6fdba516-8381-43b0-b29f-59d05512b693/episodes/130bf00f-e4e8-45d6-ab7a-b45e41deb262/audio/4529b172-0545-4df3-9983-7efbb2856ba0/default_tc.mp3?aid=rss_feed&feed=wgl4xEgL,29543047,http://files.libertyfund.org/econtalk/y2016/Levinrepublic.mp3
"Jonathan Skinner on Health Care Costs, Technology, and Rising Mortality",2016-07-11,3787,https://cdn.simplecast.com/audio/6fdba516-8381-43b0-b29f-59d05512b693/episodes/13900037-4f4f-4df1-9f0c-919320b5f8ac/audio/0570fa8c-8ff2-418c-a391-cdaf7c6a7b5d/default_tc.mp3?aid=rss_feed&feed=wgl4xEgL,30331149,http://files.libertyfund.org/econtalk/y2016/Skinnerhealth.mp3
Ryan Holiday on Ego is the Enemy,2016-07-18,3942,https://cdn.simplecast.com/audio/6fdba516-8381-43b0-b29f-59d05512b693/episodes/4ff8ea2e-e3f7-4097-a5c0-0278d3b591fc/audio/bcff0160-6b99-48c3-ab4a-c91fced3ef79/default_tc.mp3?aid=rss_feed&feed=wgl4xEgL,31570986,http://files.libertyfund.org/econtalk/y2016/Holidayego.mp3
Angela Duckworth on Grit,2016-07-25,4167,https://cdn.simplecast.com/audio/6fdba516-8381-43b0-b29f-59d05512b693/episodes/604493f5-eea8-4fe7-9e00-9067e03b2f07/audio/6cd1c92e-e3cd-4626-ba41-8ccadc22c30b/default_tc.mp3?aid=rss_feed&feed=wgl4xEgL,33370083,http://files.libertyfund.org/econtalk/y2016/Duckworthgrit.mp3
Matthew Futterman on Players and the Business of Sports,2016-08-01,3858,https://cdn.simplecast.com/audio/6fdba516-8381-43b0-b29f-59d05512b693/episodes/ff787f60-0fce-4161-9c1c-4fa1dc0d013b/audio/dd2f0422-9701-4dce-ac9d-26e061e9ef8e/default_tc.mp3?aid=rss_feed&feed=wgl4xEgL,61835717,http://files.libertyfund.org/econtalk/y2016/Futtermansports.mp3
"Adam D'Angelo on Knowledge, Experimentation, and Quora",2016-08-08,3973,https://cdn.simplecast.com/audio/6fdba516-8381-43b0-b29f-59d05512b693/episodes/4163e322-1c6e-4375-8d12-66558efb4571/audio/bac75f19-faec-494c-b3cd-881ed863c78f/default_tc.mp3?aid=rss_feed&feed=wgl4xEgL,31815499,http://files.libertyfund.org/econtalk/y2016/DAngeloquora.mp3
Chuck Klosterman on But What If We're Wrong,2016-08-15,3743,https://cdn.simplecast.com/audio/6fdba516-8381-43b0-b29f-59d05512b693/episodes/1d9389a8-afc8-4abe-873b-703322900a75/audio/44f1f5d9-4d0c-4405-ad80-7bd6a0bdf322/default_tc.mp3?aid=rss_feed&feed=wgl4xEgL,29978364,http://files.libertyfund.org/econtalk/y2016/Klostermanwhatif.mp3
Michael Munger on Slavery and Racism,2016-08-22,4468,https://cdn.simplecast.com/audio/6fdba516-8381-43b0-b29f-59d05512b693/episodes/4d55e217-bcfd-4149-bc82-7c077f2fb4f0/audio/aca29231-e3a8-4896-8213-e2dcd9a4c9fb/default_tc.mp3?aid=rss_feed&feed=wgl4xEgL,35773756,http://files.libertyfund.org/econtalk/y2016/Mungerslavery.mp3
Leo Katz on Why the Law is So Perverse,2016-08-29,4453,https://cdn.simplecast.com/audio/6fdba516-8381-43b0-b29f-59d05512b693/episodes/24dc3685-c0d0-4cbd-a0a4-419a06720ee1/audio/3d5a8cf4-297c-4f7b-8e84-2b7e1958b188/default_tc.mp3?aid=rss_feed&feed=wgl4xEgL,35654871,http://files.libertyfund.org/econtalk/y2016/Katzlaw.mp3
"Terry Moe on the Constitution, the Presidency, and Relic",2016-09-05,3721,https://cdn.simplecast.com/audio/6fdba516-8381-43b0-b29f-59d05512b693/episodes/f04f29be-94fb-4c2d-977c-96ef4e4e55f2/audio/18ed19b6-b73e-406b-816d-507b594e0ec6/default_tc.mp3?aid=rss_feed&feed=wgl4xEgL,29800326,http://files.libertyfund.org/econtalk/y2016/Moeconstitution.mp3
"Susan Athey on Machine Learning, Big Data, and Causation",2016-09-12,3693,https://cdn.simplecast.com/audio/6fdba516-8381-43b0-b29f-59d05512b693/episodes/d6b7711e-b68e-45f5-881c-3277c6622b05/audio/befc7d41-5f4f-4d87-881b-3b97ae17604d/default_tc.mp3?aid=rss_feed&feed=wgl4xEgL,29579226,http://files.libertyfund.org/econtalk/y2016/Atheymachinelearning.mp3
"Eric Wakin on Archiving, Preservation, and History",2016-09-19,3831,https://cdn.simplecast.com/audio/6fdba516-8381-43b0-b29f-59d05512b693/episodes/6c6d97e3-a1ee-4592-96e3-0d2a38ce334f/audio/5415a3c0-8893-4428-ba08-f459adb1c9a8/default_tc.mp3?aid=rss_feed&feed=wgl4xEgL,30680333,http://files.libertyfund.org/econtalk/y2016/Wakinarchiving.mp3
John Cochrane on Economic Growth and Changing the Policy Debate,2016-09-26,3745,https://cdn.simplecast.com/audio/6fdba516-8381-43b0-b29f-59d05512b693/episodes/484adb36-28c2-4fe1-b0d2-94491e153f74/audio/149ca771-030c-48c1-9cbe-f012c9b4e60b/default_tc.mp3?aid=rss_feed&feed=wgl4xEgL,29993639,http://files.libertyfund.org/econtalk/y2016/Cochranegrowth.mp3
Cathy O'Neil on Weapons of Math Destruction,2016-10-03,4268,https://cdn.simplecast.com/audio/6fdba516-8381-43b0-b29f-59d05512b693/episodes/0fc52fee-e81b-4b2f-b720-902e43d0a8cd/audio/c48df449-dd38-4e3e-93a1-7412a43f234a/default_tc.mp3?aid=rss_feed&feed=wgl4xEgL,34179063,http://files.libertyfund.org/econtalk/y2016/ONeilmath.mp3
"Angus Deaton on Inequality, Trade, and the Robin Hood Principle",2016-10-10,3904,https://cdn.simplecast.com/audio/6fdba516-8381-43b0-b29f-59d05512b693/episodes/a3ff4649-309e-41a5-a671-d9ddd080049d/audio/9f2674ce-2fa3-49b7-aede-7b7892878ca2/default_tc.mp3?aid=rss_feed&feed=wgl4xEgL,31259429,http://files.libertyfund.org/econtalk/y2016/Deatoninequality.mp3
"Chris Arnade on the Mexican Crisis, TARP, and American Poverty",2016-10-17,4147,https://cdn.simplecast.com/audio/6fdba516-8381-43b0-b29f-59d05512b693/episodes/0a712aad-f4b9-47dd-be7a-cf6fc92a41b4/audio/3447e448-53af-4b98-8b7a-1e0c63c2516f/default_tc.mp3?aid=rss_feed&feed=wgl4xEgL,33205446,http://files.libertyfund.org/econtalk/y2016/Arnadepoverty.mp3
Casey Mulligan on Cuba,2016-10-24,3709,https://cdn.simplecast.com/audio/6fdba516-8381-43b0-b29f-59d05512b693/episodes/c4e7f70a-a97d-4775-8d4a-ad23e5060b60/audio/702e3094-ea64-468f-9b42-026784500529/default_tc.mp3?aid=rss_feed&feed=wgl4xEgL,29707296,http://files.libertyfund.org/econtalk/y2016/MulliganCuba.mp3
"Judith Donath on Signaling, Design, and the Social Machine",2016-10-31,4098,https://cdn.simplecast.com/audio/6fdba516-8381-43b0-b29f-59d05512b693/episodes/54ecab42-6be0-4564-bc73-059b62e31390/audio/ee8076c3-83f6-43ff-af34-3e8e688a4979/default_tc.mp3?aid=rss_feed&feed=wgl4xEgL,65675511,http://files.libertyfund.org/econtalk/y2016/Donathsignaling.mp3
"David Gelernter on Consciousness, Computers, and the Tides of Mind",2016-11-07,4110,https://cdn.simplecast.com/audio/6fdba516-8381-43b0-b29f-59d05512b693/episodes/301b02a2-6be7-4d14-afed-205d72541344/audio/fbc2ae20-af27-4d0b-88f4-40684fda86c5/default_tc.mp3?aid=rss_feed&feed=wgl4xEgL,32913923,http://files.libertyfund.org/econtalk/y2016/Gelernterconsciousness.mp3
Tim Harford on the Virtues of Disorder and Messy,2016-11-14,4351,https://cdn.simplecast.com/audio/6fdba516-8381-43b0-b29f-59d05512b693/episodes/f59e0070-41b6-44bf-b1b5-fa2cd0fd0d7b/audio/30c78b91-940b-4a7d-ace8-211c11e7a75b/default_tc.mp3?aid=rss_feed&feed=wgl4xEgL,34840697,http://files.libertyfund.org/econtalk/y2016/Harfordmessy.mp3
"Erik Hurst on Work, Play, and the Dynamics of U.S. Labor Markets",2016-11-21,4264,https://cdn.simplecast.com/audio/6fdba516-8381-43b0-b29f-59d05512b693/episodes/462fed37-c720-4839-99c5-af0faa6fefda/audio/fa62d9d7-9b76-442f-90b6-5b7e6ff23cbe/default_tc.mp3?aid=rss_feed&feed=wgl4xEgL,34145229,http://files.libertyfund.org/econtalk/y2016/Hurstlabor.mp3
Doug Lemov on Reading,2016-11-28,3767,https://cdn.simplecast.com/audio/6fdba516-8381-43b0-b29f-59d05512b693/episodes/469e9714-bc90-44c9-86f7-49785dfd2e8d/audio/4117b608-8395-493b-a6ce-160415209fc7/default_tc.mp3?aid=rss_feed&feed=wgl4xEgL,30170179,http://files.libertyfund.org/econtalk/y2016/Lemovreading.mp3
"Thomas Leonard on Race, Eugenics, and Illiberal Reformers",2016-12-05,4095,https://cdn.simplecast.com/audio/6fdba516-8381-43b0-b29f-59d05512b693/episodes/40fb6090-b3ce-42de-a3c2-e7205f250452/audio/3d112ed4-c326-4f05-a977-7ba598a2dbde/default_tc.mp3?aid=rss_feed&feed=wgl4xEgL,32792282,http://files.libertyfund.org/econtalk/y2016/Leonardrace.mp3
Bruce Bueno de Mesquita on the Spoils of War,2016-12-12,4510,https://cdn.simplecast.com/audio/6fdba516-8381-43b0-b29f-59d05512b693/episodes/35ab4770-3416-438d-aff1-fd4cc0996a20/audio/a1bd7be7-7dd7-43fc-886a-3f6f99e616b0/default_tc.mp3?aid=rss_feed&feed=wgl4xEgL,36109611,http://files.libertyfund.org/econtalk/y2016/BuenodeMesquitawar.mp3
Terry Anderson on Native American Economics,2016-12-19,4031,https://cdn.simplecast.com/audio/6fdba516-8381-43b0-b29f-59d05512b693/episodes/eb90a75b-61e9-4823-ad10-99be6a861c84/audio/823bfe8c-230e-42b2-b39f-2b0557073b1d/default_tc.mp3?aid=rss_feed&feed=wgl4xEgL,32282358,http://files.libertyfund.org/econtalk/y2016/AndersonTnative.mp3
Chris Blattman on Sweatshops,2016-12-26,4660,https://cdn.simplecast.com/audio/6fdba516-8381-43b0-b29f-59d05512b693/episodes/9a0e942d-dd5b-4ed4-9879-ce87df2bb65c/audio/e4d5f70e-dab6-494d-9faf-35045e8f3081/default_tc.mp3?aid=rss_feed&feed=wgl4xEgL,37313944,http://files.libertyfund.org/econtalk/y2016/Blattmansweatshops.mp3
"Mark Warshawsky on Compensation, Health Care Costs, and Inequality",2017-01-02,4022,https://cdn.simplecast.com/audio/6fdba516-8381-43b0-b29f-59d05512b693/episodes/177f0e7b-06d7-4d81-9160-91e7a44ecfc1/audio/1f584071-1729-4820-942c-7c2913ae3294/default_tc.mp3?aid=rss_feed&feed=wgl4xEgL,32211328,http://files.libertyfund.org/econtalk/y2017/Warshawskyhealthcare.mp3
"Robert Hall on Recession, Stagnation, and Monetary Policy",2017-01-09,4103,https://cdn.simplecast.com/audio/6fdba516-8381-43b0-b29f-59d05512b693/episodes/8632c58d-6e39-4e6c-85ff-d99c86e37c36/audio/e6005259-3664-4018-89a8-3bef3eeec28e/default_tc.mp3?aid=rss_feed&feed=wgl4xEgL,32858952,http://files.libertyfund.org/econtalk/y2017/Hallmoney.mp3
Michael Munger on the Basic Income Guarantee,2017-01-16,3856,https://cdn.simplecast.com/audio/6fdba516-8381-43b0-b29f-59d05512b693/episodes/f15bb346-c3b4-407c-9432-c02440eefec5/audio/25fd0d16-e765-44cb-920d-8a6f4dd953e5/default_tc.mp3?aid=rss_feed&feed=wgl4xEgL,30881977,http://files.libertyfund.org/econtalk/y2017/Mungerguarantee.mp3
"Sam Quinones on Heroin, the Opioid Epidemic, and Dreamland",2017-01-23,4196,https://cdn.simplecast.com/audio/6fdba516-8381-43b0-b29f-59d05512b693/episodes/163f7fd2-3b4d-43f3-b71b-e60514822863/audio/9efe28e9-104d-468e-b6f7-7be862d6d25e/default_tc.mp3?aid=rss_feed&feed=wgl4xEgL,33600831,http://files.libertyfund.org/econtalk/y2017/Quinonesopioids.mp3
George Borjas on Immigration and We Wanted Workers,2017-01-30,3919,https://cdn.simplecast.com/audio/6fdba516-8381-43b0-b29f-59d05512b693/episodes/9cf5ac00-780e-4561-8d1e-8c39c0a6f54d/audio/6e240d5c-261b-44c1-8ca3-347dea72f98b/default_tc.mp3?aid=rss_feed&feed=wgl4xEgL,31386893,http://files.libertyfund.org/econtalk/y2017/Borjasimmigration.mp3
Gary Taubes on the Case Against Sugar,2017-02-06,4617,https://cdn.simplecast.com/audio/6fdba516-8381-43b0-b29f-59d05512b693/episodes/47c11831-0b30-40bb-9fe6-19ee6ac5e3d0/audio/77ac6f73-43e7-4006-a038-b2e29f179f8d/default_tc.mp3?aid=rss_feed&feed=wgl4xEgL,36966844,http://files.libertyfund.org/econtalk/y2017/Taubessugar.mp3
"Jim Epstein on Bitcoin, the Blockchain, and Freedom in Latin America",2017-02-13,3591,https://cdn.simplecast.com/audio/6fdba516-8381-43b0-b29f-59d05512b693/episodes/293b8d97-f3ce-42de-b8ae-f932afe3e9d6/audio/bc079ea0-ea7f-45a0-a38f-5ce10a6673c5/default_tc.mp3?aid=rss_feed&feed=wgl4xEgL,28756694,http://files.libertyfund.org/econtalk/y2017/EpsteinJbitcoin.mp3
Tom Wainwright on Narconomics,2017-02-20,4281,https://cdn.simplecast.com/audio/6fdba516-8381-43b0-b29f-59d05512b693/episodes/c18542ae-d813-4c0a-aa59-abad39cfb91a/audio/a1d39feb-5b67-48f8-868a-5d143b9a8bfc/default_tc.mp3?aid=rss_feed&feed=wgl4xEgL,34280823,http://files.libertyfund.org/econtalk/y2017/Wainwrightnarconomics.mp3
Paul Bloom on Empathy,2017-02-27,4104,https://cdn.simplecast.com/audio/6fdba516-8381-43b0-b29f-59d05512b693/episodes/0a2dff7b-ca3f-421f-ba16-78ad9fae9300/audio/347e65cd-23c3-4843-be3d-2323038ce47c/default_tc.mp3?aid=rss_feed&feed=wgl4xEgL,32863932,http://files.libertyfund.org/econtalk/y2017/Bloomagainstempathy.mp3
"Nicholas Crafts, Luis Garicano, and Luigi Zingales on the Economic Future of Europe",2017-03-06,3762,https://cdn.simplecast.com/audio/6fdba516-8381-43b0-b29f-59d05512b693/episodes/ff9fb41d-fe1d-4a46-9f92-f0bc0acd9d1d/audio/92d36b96-8b41-4388-8d32-e6b5fc82b040/default_tc.mp3?aid=rss_feed&feed=wgl4xEgL,30127596,http://files.libertyfund.org/econtalk/y2017/CraftsGaricanoZingaleseurope.mp3
Robert Whaples on the Economics of Pope Francis,2017-03-13,3498,https://cdn.simplecast.com/audio/6fdba516-8381-43b0-b29f-59d05512b693/episodes/9c4c0210-c3a3-4dd7-8494-3fbd0f28c90e/audio/4e0e39f0-ee14-411d-a618-a0f82d9b2791/default_tc.mp3?aid=rss_feed&feed=wgl4xEgL,28014796,http://files.libertyfund.org/econtalk/y2017/Whaplespope.mp3
"Andrew Gelman on Social Science, Small Samples, and the Garden of the Forking Paths",2017-03-20,4061,https://cdn.simplecast.com/audio/6fdba516-8381-43b0-b29f-59d05512b693/episodes/17348a15-681b-4ca8-8c77-19a1e18a3099/audio/d398647e-0374-4f06-8d56-bf7c40d6cda1/default_tc.mp3?aid=rss_feed&feed=wgl4xEgL,32520014,http://files.libertyfund.org/econtalk/y2017/Gelmansamples.mp3
Jason Barr on Building the Skyline and the Economics of Skyscrapers,2017-03-27,4656,https://cdn.simplecast.com/audio/6fdba516-8381-43b0-b29f-59d05512b693/episodes/528e61a0-ce10-4bec-93ac-f6b2613af1f6/audio/a2f78764-c2f5-425b-88d3-e00ef920c6dc/default_tc.mp3?aid=rss_feed&feed=wgl4xEgL,37280344,http://files.libertyfund.org/econtalk/y2017/Barrskyscrapers.mp3
Vanessa Williamson on Taxes and Read My Lips,2017-04-03,4118,https://cdn.simplecast.com/audio/6fdba516-8381-43b0-b29f-59d05512b693/episodes/d8693d55-20d9-48c1-863f-50c53c9d4654/audio/98aa0fdc-9839-45e9-a975-8073c0ad3da7/default_tc.mp3?aid=rss_feed&feed=wgl4xEgL,32977431,http://files.libertyfund.org/econtalk/y2017/Williamsontaxes.mp3
Erica Sandberg on Homelessness and Downtown Streets Team,2017-04-10,3460,https://cdn.simplecast.com/audio/6fdba516-8381-43b0-b29f-59d05512b693/episodes/4ccbb714-c075-4abf-bc18-daab617b7170/audio/f94262bd-b385-4a02-a740-0f75a717e453/default_tc.mp3?aid=rss_feed&feed=wgl4xEgL,27708232,http://files.libertyfund.org/econtalk/y2017/Sandberghomelessness.mp3
Rana Foroohar on the Financial Sector and Makers and Takers,2017-04-17,3825,https://cdn.simplecast.com/audio/6fdba516-8381-43b0-b29f-59d05512b693/episodes/df7d4660-c320-4fdb-8a0f-6366c75d6f7b/audio/2e3e6414-6bec-4fe2-92a6-23493ed05abe/default_tc.mp3?aid=rss_feed&feed=wgl4xEgL,30628934,http://files.libertyfund.org/econtalk/y2017/Forooharfinancial.mp3
Elizabeth Pape on Manufacturing and Selling Women's Clothing and Elizabeth Suzann,2017-04-24,4553,https://cdn.simplecast.com/audio/6fdba516-8381-43b0-b29f-59d05512b693/episodes/7ffa4117-b0f2-4b2e-90d6-a0fd308b7bc4/audio/95627883-a245-4974-bf72-925e4364e520/default_tc.mp3?aid=rss_feed&feed=wgl4xEgL,36452799,http://files.libertyfund.org/econtalk/y2017/Papeclothing.mp3
Jennifer Pahlka on Code for America,2017-05-01,3576,https://cdn.simplecast.com/audio/6fdba516-8381-43b0-b29f-59d05512b693/episodes/59957efb-6a5e-45c0-9d39-c5837193124a/audio/2942f26b-fc8a-4998-8bab-4f8d2a63c8af/default_tc.mp3?aid=rss_feed&feed=wgl4xEgL,28639633,http://files.libertyfund.org/econtalk/y2017/Pahlkacode.mp3
Tyler Cowen on The Complacent Class,2017-05-08,3961,https://cdn.simplecast.com/audio/6fdba516-8381-43b0-b29f-59d05512b693/episodes/09763978-6b3a-43bd-854b-a7f052de3172/audio/f8d7c4c6-308c-4a43-85ec-b7392ea4ab69/default_tc.mp3?aid=rss_feed&feed=wgl4xEgL,31719575,http://files.libertyfund.org/econtalk/y2017/Cowencomplacent.mp3
Cass Sunstein on #Republic,2017-05-15,4034,https://cdn.simplecast.com/audio/6fdba516-8381-43b0-b29f-59d05512b693/episodes/887a2c9c-07f9-492d-b431-e55ac11e4264/audio/8e772f1c-f6d7-46cf-a5df-b31f784b13b2/default_tc.mp3?aid=rss_feed&feed=wgl4xEgL,64651480,http://files.libertyfund.org/econtalk/y2017/Sunsteinrepublic.mp3
"Lant Pritchett on Poverty, Growth, and Experiments",2017-05-22,3794,https://cdn.simplecast.com/audio/6fdba516-8381-43b0-b29f-59d05512b693/episodes/49efd60d-8692-45c4-b2a1-0305171de7ca/audio/4ffca8f2-54f6-48b3-bcad-8c22e515836a/default_tc.mp3?aid=rss_feed&feed=wgl4xEgL,30382120,http://files.libertyfund.org/econtalk/y2017/Pritchettpoverty.mp3
"David Boaz, P.J. O'Rourke, and George Will on the State of Liberty",2017-05-29,3891,https://cdn.simplecast.com/audio/6fdba516-8381-43b0-b29f-59d05512b693/episodes/d071afaf-e4d3-4482-ac1a-988953e0803b/audio/4ec41e91-f250-4a38-b616-389944b4be4a/default_tc.mp3?aid=rss_feed&feed=wgl4xEgL,31160375,http://files.libertyfund.org/econtalk/y2017/BoazORourkeWillliberty.mp3
Christy Ford Chapin on the Evolution of the American Health Care System,2017-06-05,3952,https://cdn.simplecast.com/audio/6fdba516-8381-43b0-b29f-59d05512b693/episodes/7d9e12c8-dd03-4656-82da-448872be870a/audio/b1630bef-29ba-489a-8c5b-9b4fbd7dcc4f/default_tc.mp3?aid=rss_feed&feed=wgl4xEgL,31648767,http://files.libertyfund.org/econtalk/y2017/Chapinhealth.mp3
"Don Boudreaux, Michael Munger, and Russ Roberts on Emergent Order",2017-06-12,4419,https://cdn.simplecast.com/audio/6fdba516-8381-43b0-b29f-59d05512b693/episodes/23500f6a-39cb-4998-8a80-254dc0543033/audio/188e970e-0b8b-44b0-89c0-953a0eae794b/default_tc.mp3?aid=rss_feed&feed=wgl4xEgL,35381553,http://files.libertyfund.org/econtalk/y2017/BoudreauxMungerRoberts.mp3
Thomas Ricks on Churchill and Orwell,2017-06-19,3947,https://cdn.simplecast.com/audio/6fdba516-8381-43b0-b29f-59d05512b693/episodes/8be74bbc-9df8-4ef0-bec6-2054c545af22/audio/1b97d3c9-1c90-40a6-a108-211a31029eb9/default_tc.mp3?aid=rss_feed&feed=wgl4xEgL,31604428,http://files.libertyfund.org/econtalk/y2017/RicksChurchillOrwell.mp3
"Robin Feldman on Drug Patents, Generics, and Drug Wars",2017-06-26,3921,https://cdn.simplecast.com/audio/6fdba516-8381-43b0-b29f-59d05512b693/episodes/4e20ba23-e544-4efc-9187-70825a83a9d9/audio/e243667b-6c77-4c39-a62b-9ef7ed170bb6/default_tc.mp3?aid=rss_feed&feed=wgl4xEgL,31401526,http://files.libertyfund.org/econtalk/y2017/Feldmandrugs.mp3
"Chris Blattman on Chickens, Cash, and Development Economics",2017-07-03,3820,https://cdn.simplecast.com/audio/6fdba516-8381-43b0-b29f-59d05512b693/episodes/ffa6f082-6a19-4687-b080-b2425a91a081/audio/912e6e2f-a6df-4ff8-87e3-3a0fa44bb6c8/default_tc.mp3?aid=rss_feed&feed=wgl4xEgL,30590063,http://files.libertyfund.org/econtalk/y2017/Blattmanchickens.mp3
Martha Nussbaum on Alexander Hamilton,2017-07-10,3718,https://cdn.simplecast.com/audio/6fdba516-8381-43b0-b29f-59d05512b693/episodes/21c50823-b62d-404b-a961-028b029f9cca/audio/811e0b34-1292-4bc0-a83c-2506b7223aed/default_tc.mp3?aid=rss_feed&feed=wgl4xEgL,29775273,http://files.libertyfund.org/econtalk/y2017/NussbaumHamilton.mp3
"Tamar Haspel on Food Costs, Animal Welfare, and the Honey Bee",2017-07-17,3711,https://cdn.simplecast.com/audio/6fdba516-8381-43b0-b29f-59d05512b693/episodes/467a04d3-51a1-464a-82ba-0d15f24b342e/audio/5d5fb365-e2cd-47da-83ca-ad49f495eff3/default_tc.mp3?aid=rss_feed&feed=wgl4xEgL,29718456,http://files.libertyfund.org/econtalk/y2017/Haspelfood.mp3
Sally Satel on Organ Donation,2017-07-24,3612,https://cdn.simplecast.com/audio/6fdba516-8381-43b0-b29f-59d05512b693/episodes/3453de12-9fd4-4531-8012-166bcb90a2eb/audio/2e033571-0c99-4b77-8dd4-7d52b9abaf7e/default_tc.mp3?aid=rss_feed&feed=wgl4xEgL,28921374,http://files.libertyfund.org/econtalk/y2017/Satelorgandonation.mp3
Alex Guarnaschelli on Food,2017-07-31,3835,https://cdn.simplecast.com/audio/6fdba516-8381-43b0-b29f-59d05512b693/episodes/b3f0aa43-66d7-44d9-95a6-a2454e3c6ba9/audio/760e243d-7c84-4251-bf47-c758d878bbbc/default_tc.mp3?aid=rss_feed&feed=wgl4xEgL,30706685,http://files.libertyfund.org/econtalk/y2017/Guarnaschellifood.mp3
"Tyler Cowen on Stubborn Attachments, Prosperity, and the Good Society",2017-08-07,3645,https://cdn.simplecast.com/audio/6fdba516-8381-43b0-b29f-59d05512b693/episodes/7e04aaf7-998e-416b-b6f2-852d87cc8b31/audio/a4668d44-b453-4294-a140-14200a7ff241/default_tc.mp3?aid=rss_feed&feed=wgl4xEgL,29185565,http://files.libertyfund.org/econtalk/y2017/Cowenstubborn.mp3
"Nassim Nicholas Taleb on Work, Slavery, the Minority Rule, and Skin in the Game",2017-08-14,5079,https://cdn.simplecast.com/audio/6fdba516-8381-43b0-b29f-59d05512b693/episodes/98449a8e-652f-4928-9bce-45819abdc4b5/audio/a34a9416-ffd6-4960-91f6-10edb34b628d/default_tc.mp3?aid=rss_feed&feed=wgl4xEgL,40661899,http://files.libertyfund.org/econtalk/y2017/Talebgame.mp3
John McWhorter on the Evolution of Language and Words on the Move,2017-08-21,3882,https://cdn.simplecast.com/audio/6fdba516-8381-43b0-b29f-59d05512b693/episodes/2486b4e9-2f3e-479c-9514-135061149060/audio/cd787776-81ce-4901-9fe8-342b1d6536ce/default_tc.mp3?aid=rss_feed&feed=wgl4xEgL,31085394,http://files.libertyfund.org/econtalk/y2017/McWhorterlanguage.mp3
Benedict Evans on the Future of Cars,2017-08-28,4044,https://cdn.simplecast.com/audio/6fdba516-8381-43b0-b29f-59d05512b693/episodes/68b42ae9-3332-41d6-af28-df03bb0447ca/audio/290270bd-bbbe-441b-a677-d64622ebf826/default_tc.mp3?aid=rss_feed&feed=wgl4xEgL,32378114,http://files.libertyfund.org/econtalk/y2017/Evanscars.mp3
Rob Reich on Foundations and Philanthropy,2017-09-03,3813,https://cdn.simplecast.com/audio/6fdba516-8381-43b0-b29f-59d05512b693/episodes/7743a106-b544-4321-8f60-f27ea3786ad9/audio/d52a7e36-cf0c-4f43-b34d-faf760566bc7/default_tc.mp3?aid=rss_feed&feed=wgl4xEgL,30533874,http://files.libertyfund.org/econtalk/y2017/Reichphilanthropy.mp3
Gillian Hadfield on Law and Rules For a Flat World,2017-09-11,4037,https://cdn.simplecast.com/audio/6fdba516-8381-43b0-b29f-59d05512b693/episodes/bce22eaa-b347-43e6-be57-e82393d0255e/audio/b2f363ea-ecbf-40cb-a2a9-f5a6406297db/default_tc.mp3?aid=rss_feed&feed=wgl4xEgL,64699445,http://files.libertyfund.org/econtalk/y2017/Hadfieldrules.mp3
"Gabriel Zucman on Inequality, Growth, and Distributional National Accounts",2017-09-18,4355,https://cdn.simplecast.com/audio/6fdba516-8381-43b0-b29f-59d05512b693/episodes/8849607e-1344-4ddc-9777-c89e85aa7463/audio/a55f1b50-06a6-4723-9707-46f3477ba2b3/default_tc.mp3?aid=rss_feed&feed=wgl4xEgL,69787286,http://files.libertyfund.org/econtalk/y2017/Zucmaninequality.mp3
Philip Auerswald on the Rise of Populism,2017-09-25,4780,https://cdn.simplecast.com/audio/6fdba516-8381-43b0-b29f-59d05512b693/episodes/288ede15-c0b9-4695-b834-46b7a5d8c873/audio/6cbe8162-ebfc-4058-b7bc-cb1d47e932cb/default_tc.mp3?aid=rss_feed&feed=wgl4xEgL,76587866,http://files.libertyfund.org/econtalk/y2017/Auerswaldpopulism.mp3
"Robert Wright on Meditation, Mindfulness, and Why Buddhism is True",2017-10-02,4018,https://cdn.simplecast.com/audio/6fdba516-8381-43b0-b29f-59d05512b693/episodes/61393ab2-15e3-4ffe-b434-0c55305bd119/audio/963a529a-aaff-4b07-9a5c-8aff1fdf44b2/default_tc.mp3?aid=rss_feed&feed=wgl4xEgL,32170000,http://files.libertyfund.org/econtalk/y2017/Wrightmeditation.mp3
Tim O'Reilly on What's the Future,2017-10-09,3766,https://cdn.simplecast.com/audio/6fdba516-8381-43b0-b29f-59d05512b693/episodes/c9dffb66-5eed-4850-aa9f-295f14b7f591/audio/e5832695-5cbc-4ed5-9329-8d6a6871a10e/default_tc.mp3?aid=rss_feed&feed=wgl4xEgL,30157284,http://files.libertyfund.org/econtalk/y2017/OReillyfuture.mp3
Megan McArdle on Internet Shaming and Online Mobs,2017-10-16,4471,https://cdn.simplecast.com/audio/6fdba516-8381-43b0-b29f-59d05512b693/episodes/8b08a7ff-c016-4c50-9174-1b1d20f1fc33/audio/edaba83f-518f-4635-a2d9-697c7790b41f/default_tc.mp3?aid=rss_feed&feed=wgl4xEgL,35797868,http://files.libertyfund.org/econtalk/y2017/McArdleshaming.mp3
Jennifer Burns on Ayn Rand and the Goddess of the Market,2017-10-23,3878,https://cdn.simplecast.com/audio/6fdba516-8381-43b0-b29f-59d05512b693/episodes/71c574b6-c61c-430f-bc7b-72733b5f2709/audio/b8e5cdf7-e692-465e-bca3-e5ae7448c60e/default_tc.mp3?aid=rss_feed&feed=wgl4xEgL,31049232,http://files.libertyfund.org/econtalk/y2017/BurnsRand.mp3
Michael Munger on Permissionless Innovation,2017-10-30,4071,https://cdn.simplecast.com/audio/6fdba516-8381-43b0-b29f-59d05512b693/episodes/d90cdc55-0b2b-4568-b950-62d1af4466f9/audio/ae70e6e9-11e4-4233-be29-17ad83ef7f78/default_tc.mp3?aid=rss_feed&feed=wgl4xEgL,65243620,http://files.libertyfund.org/econtalk/y2017/Mungerpermissionless.mp3
Dennis Rasmussen on Hume and Smith and The Infidel and the Professor,2017-11-06,4296,https://cdn.simplecast.com/audio/6fdba516-8381-43b0-b29f-59d05512b693/episodes/3df5f88b-ce58-45ed-8748-72be24f2577e/audio/c087e986-ed1b-4e39-8da5-c77eaf2d407d/default_tc.mp3?aid=rss_feed&feed=wgl4xEgL,34400023,http://files.libertyfund.org/econtalk/y2017/RasmussenHumeSmith.mp3
Anthony Gill on Tipping,2017-11-13,3942,https://cdn.simplecast.com/audio/6fdba516-8381-43b0-b29f-59d05512b693/episodes/ac08983d-c456-4963-95e8-5a542250e955/audio/e41c100f-79fc-4afb-898c-5732dbd080d1/default_tc.mp3?aid=rss_feed&feed=wgl4xEgL,31564333,http://files.libertyfund.org/econtalk/y2017/Gilltipping.mp3
Tim Harford on Fifty Inventions That Shaped the Modern Economy,2017-11-20,4130,https://cdn.simplecast.com/audio/6fdba516-8381-43b0-b29f-59d05512b693/episodes/1df3082f-d303-4658-b7c1-f1d2ddbfdb59/audio/468b1b74-67f2-4de2-afd1-e3e12a0cfb38/default_tc.mp3?aid=rss_feed&feed=wgl4xEgL,66187809,http://files.libertyfund.org/econtalk/y2017/Harfordfiftyinventions.mp3
Simeon Djankov and Matt Warner on the Doing Business Report and Development Aid,2017-11-27,4526,https://cdn.simplecast.com/audio/6fdba516-8381-43b0-b29f-59d05512b693/episodes/193d8c00-9e7b-4391-b1ba-2f2a379c36b1/audio/7b99d690-6ae6-43a4-89a5-f1fd19bd3a5f/default_tc.mp3?aid=rss_feed&feed=wgl4xEgL,36238637,http://files.libertyfund.org/econtalk/y2017/DjankovWarnerdevelopment.mp3
Rachel Laudan on Food Waste,2017-12-04,3709,https://cdn.simplecast.com/audio/6fdba516-8381-43b0-b29f-59d05512b693/episodes/ed8e34fd-9ef6-4a82-83f2-78bb31e0d365/audio/b571989d-4d25-4f4f-b0f4-ffc0e0355187/default_tc.mp3?aid=rss_feed&feed=wgl4xEgL,29701493,http://files.libertyfund.org/econtalk/y2017/Laudanwaste.mp3
John Cogan on Entitlements and the High Cost of Good Intentions,2017-12-12,3967,https://cdn.simplecast.com/audio/6fdba516-8381-43b0-b29f-59d05512b693/episodes/2ab29974-16c5-4326-a9e0-ad9a1586b5a0/audio/f3dd4247-6c06-496a-9731-346e2168978b/default_tc.mp3?aid=rss_feed&feed=wgl4xEgL,31766875,http://files.libertyfund.org/econtalk/y2017/Coganentitlements.mp3
Brink Lindsey and Steven Teles on the Captured Economy,2017-12-18,4174,https://cdn.simplecast.com/audio/6fdba516-8381-43b0-b29f-59d05512b693/episodes/7baba199-1b1e-4dcf-abaf-9e5c2acca50f/audio/50524d8b-0683-41b7-8640-1cd0b83c11ff/default_tc.mp3?aid=rss_feed&feed=wgl4xEgL,33417597,http://files.libertyfund.org/econtalk/y2017/LindseyTelescaptured.mp3
Matt Stoller on Modern Monopolies,2017-12-25,4211,https://cdn.simplecast.com/audio/6fdba516-8381-43b0-b29f-59d05512b693/episodes/30582cfb-3691-451c-9095-650bb6fd1419/audio/94988eeb-6cd5-45ad-b6a6-6dab7d40632d/default_tc.mp3?aid=rss_feed&feed=wgl4xEgL,33715788,http://files.libertyfund.org/econtalk/y2017/Stollermonopolies.mp3
Kelly Weinersmith and Zach Weinersmith on Soonish,2018-01-01,4227,https://cdn.simplecast.com/audio/6fdba516-8381-43b0-b29f-59d05512b693/episodes/26a7ffc6-1bd8-4dda-bbda-7e7e0fc9d27e/audio/6e9b298d-c8d9-4a48-90bb-366a7a68930e/default_tc.mp3?aid=rss_feed&feed=wgl4xEgL,33844327,http://files.libertyfund.org/econtalk/y2018/Weinersmithsoonish.mp3
Dick Carpenter on Bottleneckers,2018-01-08,4498,https://cdn.simplecast.com/audio/6fdba516-8381-43b0-b29f-59d05512b693/episodes/4c22b647-5a01-4f31-9791-dec83e299572/audio/e6f0dbe5-0025-4c7e-bef2-b3cd54a2e6a7/default_tc.mp3?aid=rss_feed&feed=wgl4xEgL,36008502,http://files.libertyfund.org/econtalk/y2018/Carpenterbottleneckers.mp3
"Bill James on Baseball, Facts, and the Rules of the Game",2018-01-14,3740,https://cdn.simplecast.com/audio/6fdba516-8381-43b0-b29f-59d05512b693/episodes/178eba6e-edc5-4f25-8d10-00043a5f9d14/audio/89b772ff-3996-4e47-816d-b9a672ea465e/default_tc.mp3?aid=rss_feed&feed=wgl4xEgL,29947909,http://files.libertyfund.org/econtalk/y2018/Jamesbaseball.mp3
"John Ioannidis on Statistical Significance, Economics, and Replication",2018-01-22,3911,https://cdn.simplecast.com/audio/6fdba516-8381-43b0-b29f-59d05512b693/episodes/6ce8b37c-8a68-4566-88bb-5a6ffc1775cc/audio/5c5ca3eb-938c-44d8-82e4-fdbcccb19803/default_tc.mp3?aid=rss_feed&feed=wgl4xEgL,31319456,http://files.libertyfund.org/econtalk/y2018/Ioannidisstatistics.mp3
Marian Goodell on Burning Man,2018-01-29,4354,https://cdn.simplecast.com/audio/6fdba516-8381-43b0-b29f-59d05512b693/episodes/73384cad-b444-483d-b000-409301502c5f/audio/3c5acdfe-e5cf-417a-b498-a4bd765dd7a9/default_tc.mp3?aid=rss_feed&feed=wgl4xEgL,34861829,http://files.libertyfund.org/econtalk/y2018/Goodellburningman.mp3
Helen Pluckrose and James Lindsay on the Enemies of Modernity,2018-02-05,4166,https://cdn.simplecast.com/audio/6fdba516-8381-43b0-b29f-59d05512b693/episodes/56d32db0-d538-43a1-804f-a24abd066a2f/audio/bbf459d1-bb50-44ec-8deb-fc7c712a8fa4/default_tc.mp3?aid=rss_feed&feed=wgl4xEgL,33359297,http://files.libertyfund.org/econtalk/y2018/PluckroseLindsaymodernity.mp3
Bryan Caplan on the Case Against Education,2018-02-12,4287,https://cdn.simplecast.com/audio/6fdba516-8381-43b0-b29f-59d05512b693/episodes/c5b4f291-6684-469f-84ab-000463201147/audio/486730bf-1cb2-48ee-9f0d-d6a675a7f906/default_tc.mp3?aid=rss_feed&feed=wgl4xEgL,34326645,http://files.libertyfund.org/econtalk/y2018/Caplaneducation.mp3
Jordan Peterson on 12 Rules for Life,2018-02-19,4702,https://cdn.simplecast.com/audio/6fdba516-8381-43b0-b29f-59d05512b693/episodes/75f94bfa-2654-43b4-8dbf-28f9f71f5655/audio/f5e03906-9a7d-4931-ba4d-b37f7d02bd12/default_tc.mp3?aid=rss_feed&feed=wgl4xEgL,37641891,http://files.libertyfund.org/econtalk/y2018/Petersonrules.mp3
Elizabeth Anderson on Worker Rights and Private Government,2018-02-26,4025,https://cdn.simplecast.com/audio/6fdba516-8381-43b0-b29f-59d05512b693/episodes/54773b43-f9db-4d1f-ac91-5a1b72974e9d/audio/8e51ef2e-9e84-4df4-9222-0692dfe89cf3/default_tc.mp3?aid=rss_feed&feed=wgl4xEgL,32224326,http://files.libertyfund.org/econtalk/y2018/AndersonEprivategovernment.mp3
"Nassim Nicholas Taleb on Rationality, Risk, and Skin in the Game",2018-03-05,4466,https://cdn.simplecast.com/audio/6fdba516-8381-43b0-b29f-59d05512b693/episodes/588bd8e5-54a5-4b9f-9c3b-81a0ac3c3c9c/audio/5a7d16aa-9f44-4366-9220-4412fbe85a5c/default_tc.mp3?aid=rss_feed&feed=wgl4xEgL,35760258,http://files.libertyfund.org/econtalk/y2018/Talebrationality.mp3
Arnold Kling on Economics for the 21st Century,2018-03-12,3890,https://cdn.simplecast.com/audio/6fdba516-8381-43b0-b29f-59d05512b693/episodes/c16cc26a-88d8-4a86-a560-f632c8308b01/audio/62f46d31-a978-46b0-a9fe-28af94774499/default_tc.mp3?aid=rss_feed&feed=wgl4xEgL,31145979,http://files.libertyfund.org/econtalk/y2018/Kling21stcentury.mp3
Beth Redbird on Licensing,2018-03-19,3748,https://cdn.simplecast.com/audio/6fdba516-8381-43b0-b29f-59d05512b693/episodes/a761c15a-4aeb-4576-a50d-57332db009da/audio/938ec7ca-bfe9-444f-b5e9-1fc1726f3eb3/default_tc.mp3?aid=rss_feed&feed=wgl4xEgL,30013708,http://files.libertyfund.org/econtalk/y2018/Redbirdlicensing.mp3
Edward Glaeser on Joblessness and the War on Work,2018-03-26,3965,https://cdn.simplecast.com/audio/6fdba516-8381-43b0-b29f-59d05512b693/episodes/6a808370-3ebb-463a-9607-08ec4964eb10/audio/37fb6433-0793-4c9d-a6d0-0920dba9fbaa/default_tc.mp3?aid=rss_feed&feed=wgl4xEgL,31744710,http://files.libertyfund.org/econtalk/y2018/Glaeserwaronwork.mp3
Michael Munger on Traffic,2018-04-02,4448,https://cdn.simplecast.com/audio/6fdba516-8381-43b0-b29f-59d05512b693/episodes/a252fd3e-f3cd-485b-9af7-dc3b3517ea67/audio/5e976f9d-e707-430c-ad21-4b7d3a593c49/default_tc.mp3?aid=rss_feed&feed=wgl4xEgL,35612061,http://files.libertyfund.org/econtalk/y2018/Mungertraffic.mp3
Vincent Rajkumar on the High Price of Cancer Drugs,2018-04-09,4358,https://cdn.simplecast.com/audio/6fdba516-8381-43b0-b29f-59d05512b693/episodes/7f4fc18c-ed8f-42ef-91f1-ff52126e8bcc/audio/e2e83364-e0ab-4877-ab61-b002deffe5d0/default_tc.mp3?aid=rss_feed&feed=wgl4xEgL,34888599,http://files.libertyfund.org/econtalk/y2018/Rajkumarcancer.mp3
Jerry Muller on the Tyranny of Metrics,2018-04-16,3885,https://cdn.simplecast.com/audio/6fdba516-8381-43b0-b29f-59d05512b693/episodes/a3780c25-4b3a-4113-8f6e-3704d247a9e7/audio/a60f7e73-9df8-462c-9daf-faa6e200506d/default_tc.mp3?aid=rss_feed&feed=wgl4xEgL,31105639,http://files.libertyfund.org/econtalk/y2018/Mullermetrics.mp3
Jonah Goldberg on The Suicide of the West,2018-04-23,5244,https://cdn.simplecast.com/audio/6fdba516-8381-43b0-b29f-59d05512b693/episodes/6d56835f-3c87-41a3-91f8-76032c3efc33/audio/1c854cd6-a1e8-4820-9462-a526c7355269/default_tc.mp3?aid=rss_feed&feed=wgl4xEgL,41979675,http://files.libertyfund.org/econtalk/y2018/Goldbergsuicide.mp3
"Ryan Holiday on Conspiracy, Gawker, and the Hulk Hogan Trial",2018-04-30,4670,https://cdn.simplecast.com/audio/6fdba516-8381-43b0-b29f-59d05512b693/episodes/58aa35b2-78ee-42df-88f0-e86ce539aef7/audio/c8565e8b-14dc-4dd1-ad2f-19528c5541dd/default_tc.mp3?aid=rss_feed&feed=wgl4xEgL,37387170,http://files.libertyfund.org/econtalk/y2018/Holidayconspiracy.mp3
"Joel Peterson on Leadership, Betrayal, and the 10 Laws of Trust",2018-05-07,4396,https://cdn.simplecast.com/audio/6fdba516-8381-43b0-b29f-59d05512b693/episodes/3bb0e216-f008-4aee-b856-9b446998250f/audio/12e9d15b-0e60-4a96-8d02-797686ceff71/default_tc.mp3?aid=rss_feed&feed=wgl4xEgL,35197693,http://files.libertyfund.org/econtalk/y2018/PetersonJCleadership.mp3
"Peter Boettke on Public Administration, Liberty, and the Proper Role of Government",2018-05-20,4366,https://cdn.simplecast.com/audio/6fdba516-8381-43b0-b29f-59d05512b693/episodes/ec1fa5fb-37a0-45f7-a946-e92a9c6a3313/audio/82f257d9-3c88-4a11-b842-2f113c276727/default_tc.mp3?aid=rss_feed&feed=wgl4xEgL,34954042,http://files.libertyfund.org/econtalk/y2018/Boettkepublic.mp3
Glen Weyl on Radical Markets,2018-05-21,3807,https://cdn.simplecast.com/audio/6fdba516-8381-43b0-b29f-59d05512b693/episodes/e7197d0d-3eb5-45db-8b6e-4dda735e600f/audio/06e7ade8-5cce-41d5-b339-4b561dc78274/default_tc.mp3?aid=rss_feed&feed=wgl4xEgL,30485377,http://files.libertyfund.org/econtalk/y2018/Weylradical.mp3
Iain McGilchrist on the Divided Brain and the Master and His Emissary,2018-05-28,5168,https://cdn.simplecast.com/audio/6fdba516-8381-43b0-b29f-59d05512b693/episodes/5ee599e9-291c-4700-8950-9a2adcc9ea2e/audio/4ec7a8bf-88f0-47fd-b07f-49068c95c6a7/default_tc.mp3?aid=rss_feed&feed=wgl4xEgL,41374927,http://files.libertyfund.org/econtalk/y2018/McGilchristbrain.mp3
Janet Golden on Babies Made Us Modern,2018-06-04,3783,https://cdn.simplecast.com/audio/6fdba516-8381-43b0-b29f-59d05512b693/episodes/0fc65198-2c95-4381-8011-7dbae9036edb/audio/3ceadc4a-8702-48fe-bd12-ed26723962d3/default_tc.mp3?aid=rss_feed&feed=wgl4xEgL,30295841,http://files.libertyfund.org/econtalk/y2018/Goldenmodern.mp3
"Moises Velasquez-Manoff on Cows, Carbon Farming, and Climate Change",2018-06-11,4460,https://cdn.simplecast.com/audio/6fdba516-8381-43b0-b29f-59d05512b693/episodes/6bc96c17-89d5-4688-9604-eaf05104f1ad/audio/11f20707-fff4-4465-bd75-6d595caf020b/default_tc.mp3?aid=rss_feed&feed=wgl4xEgL,35706771,http://files.libertyfund.org/econtalk/y2018/VelasquezManoffclimate.mp3
"Richard Reinsch on the Enlightenment, Tradition, and Populism",2018-06-18,4001,https://cdn.simplecast.com/audio/6fdba516-8381-43b0-b29f-59d05512b693/episodes/e6a99d17-8a1b-49b0-b863-4a81fc14e929/audio/493b8408-e867-4500-abc0-f2982ed54911/default_tc.mp3?aid=rss_feed&feed=wgl4xEgL,32040218,http://files.libertyfund.org/econtalk/y2018/Reinschenlightenment.mp3
Michael Pollan on Psychedelic Drugs and How to Change Your Mind,2018-06-25,4347,https://cdn.simplecast.com/audio/6fdba516-8381-43b0-b29f-59d05512b693/episodes/411dd9ea-6a4e-4665-9e57-158685710209/audio/18902068-ce7c-43a2-a6c1-f3bfe72b419f/default_tc.mp3?aid=rss_feed&feed=wgl4xEgL,34807319,http://files.libertyfund.org/econtalk/y2018/Pollanpsychedelic.mp3
"Arnold Kling on Morality, Culture, and Tribalism",2018-07-02,4012,https://cdn.simplecast.com/audio/6fdba5/6fdba516-8381-43b0-b29f-59d05512b693/7ccf2d62-f049-41b9-8c14-06e00c16e7e7/klingmorality_tc.mp3?aid=rss_feed&feed=wgl4xEgL,32120662,http://files.libertyfund.org/econtalk/y2018/Klingmorality.mp3
Patrick Deneen on Why Liberalism Failed,2018-07-09,4498,https://cdn.simplecast.com/audio/6fdba5/6fdba516-8381-43b0-b29f-59d05512b693/7c7e74d9-5336-4ef9-8493-c08b806b315e/deneenliberalism_tc.mp3?aid=rss_feed&feed=wgl4xEgL,36010181,http://files.libertyfund.org/econtalk/y2018/Deneenliberalism.mp3
"Russ Roberts on the Information Revolution, Politics, Yeats, and Yelling",2018-07-16,3690,https://cdn.simplecast.com/audio/6fdba5/6fdba516-8381-43b0-b29f-59d05512b693/e7ca7246-d62a-4c97-bff0-803a5838eae6/robertsinformationrevolution_tc.mp3?aid=rss_feed&feed=wgl4xEgL,29550028,http://files.libertyfund.org/econtalk/y2018/Robertsinformationrevolution.mp3
"Teppo Felin on Blindness, Rationality, and Perception",2018-07-23,3870,https://cdn.simplecast.com/audio/6fdba5/6fdba516-8381-43b0-b29f-59d05512b693/8f223649-3dc1-44c5-8f95-e3a7fc93aa32/felinrationality_tc.mp3?aid=rss_feed&feed=wgl4xEgL,30989043,http://files.libertyfund.org/econtalk/y2018/Felinrationality.mp3
Alberto Alesina on Immigration and Redistribution,2018-07-30,3974,https://cdn.simplecast.com/audio/6fdba5/6fdba516-8381-43b0-b29f-59d05512b693/732550a2-c3ca-4fc8-9cda-2ff46f1b0852/alesinaimmigration_tc.mp3?aid=rss_feed&feed=wgl4xEgL,31820986,http://files.libertyfund.org/econtalk/y2018/Alesinaimmigration.mp3
Frank Dikotter on Mao's Great Famine,2018-08-06,4367,https://cdn.simplecast.com/audio/6fdba5/6fdba516-8381-43b0-b29f-59d05512b693/4fd00509-be43-4a98-aa4e-535e59a148ce/dikottermao_tc.mp3?aid=rss_feed&feed=wgl4xEgL,34962773,http://files.libertyfund.org/econtalk/y2018/DikotterMao.mp3
David Meltzer on the Doctor-Patient Relationship,2018-08-13,4125,https://cdn.simplecast.com/audio/6fdba5/6fdba516-8381-43b0-b29f-59d05512b693/a690ec15-18a1-4bf1-8820-d35d937258d7/meltzerddoctorpatient_tc.mp3?aid=rss_feed&feed=wgl4xEgL,33027425,http://files.libertyfund.org/econtalk/y2018/MeltzerDdoctorpatient.mp3
Lilliana Mason on Uncivil Agreement,2018-08-20,4217,https://cdn.simplecast.com/audio/6fdba5/6fdba516-8381-43b0-b29f-59d05512b693/5ce73db8-5e3e-4380-a580-713aea2b44d6/masonuncivil_tc.mp3?aid=rss_feed&feed=wgl4xEgL,33768244,http://files.libertyfund.org/econtalk/y2018/Masonuncivil.mp3
Charlan Nemeth on In Defense of Troublemakers,2018-08-27,5004,https://cdn.simplecast.com/audio/6fdba5/6fdba516-8381-43b0-b29f-59d05512b693/134fbb96-2db5-4ee7-a376-8b7e2080ebc7/nemethtroublemakers_tc.mp3?aid=rss_feed&feed=wgl4xEgL,40059794,http://files.libertyfund.org/econtalk/y2018/Nemethtroublemakers.mp3
Yoram Hazony on the Virtue of Nationalism,2018-09-03,4954,https://cdn.simplecast.com/audio/6fdba5/6fdba516-8381-43b0-b29f-59d05512b693/687db0f7-7523-4232-be1c-1091135ecb1d/hazonynationalism_tc.mp3?aid=rss_feed&feed=wgl4xEgL,39658131,http://files.libertyfund.org/econtalk/y2018/Hazonynationalism.mp3
"Kevin McKenna on Solzhenitsyn, the Soviet Union, and In the First Circle",2018-09-10,4717,https://cdn.simplecast.com/audio/6fdba5/6fdba516-8381-43b0-b29f-59d05512b693/e168ff12-13bf-4216-9cad-c6c06c8e3395/mckennasolzhenitsyn_tc.mp3?aid=rss_feed&feed=wgl4xEgL,37765434,http://files.libertyfund.org/econtalk/y2018/McKennaSolzhenitsyn.mp3
Paul Bloom on Cruelty,2018-09-17,4955,https://cdn.simplecast.com/audio/6fdba5/6fdba516-8381-43b0-b29f-59d05512b693/4398aa1c-cf26-426e-b4a7-306d99935997/bloomcruelty_tc.mp3?aid=rss_feed&feed=wgl4xEgL,39668978,http://files.libertyfund.org/econtalk/y2018/Bloomcruelty.mp3
Rodney Brooks on Artificial Intelligence,2018-09-24,3937,https://cdn.simplecast.com/audio/6fdba5/6fdba516-8381-43b0-b29f-59d05512b693/82f68f6c-f61c-413d-808c-b34c8c2f8cd9/brooksartificialintelligence_tc.mp3?aid=rss_feed&feed=wgl4xEgL,31525062,http://files.libertyfund.org/econtalk/y2018/Brooksartificialintelligence.mp3
"Noah Smith on Worker Compensation, Co-determination, and Market Power",2018-10-01,4517,https://cdn.simplecast.com/audio/6fdba5/6fdba516-8381-43b0-b29f-59d05512b693/65c3e973-eb93-418f-9e1e-088c01ce308c/smithncodetermination_tc.mp3?aid=rss_feed&feed=wgl4xEgL,36167573,http://files.libertyfund.org/econtalk/y2018/SmithNcodetermination.mp3
Neil Monnery on Hong Kong and the Architect of Prosperity,2018-10-08,4410,https://cdn.simplecast.com/audio/6fdba5/6fdba516-8381-43b0-b29f-59d05512b693/1eedefd0-3021-43d1-b7f7-415b883b931b/monneryhongkong_tc.mp3?aid=rss_feed&feed=wgl4xEgL,35306356,http://files.libertyfund.org/econtalk/y2018/MonneryHongKong.mp3
John Gray on the Seven Kinds of Atheism,2018-10-15,5763,https://cdn.simplecast.com/audio/6fdba5/6fdba516-8381-43b0-b29f-59d05512b693/4f505964-fdb3-43c8-a4f2-08f9b385ef39/grayatheism_tc.mp3?aid=rss_feed&feed=wgl4xEgL,46130228,http://files.libertyfund.org/econtalk/y2018/Grayatheism.mp3
"Kevin McKenna on Characters, Plot, and Themes of In the First Circle",2018-10-18,4579,https://cdn.simplecast.com/audio/6fdba5/6fdba516-8381-43b0-b29f-59d05512b693/6bef9f11-e695-48fe-9032-1659854a7bfc/mckennacharacters_tc.mp3?aid=rss_feed&feed=wgl4xEgL,36662630,http://files.libertyfund.org/econtalk/y2018/McKennacharacters.mp3
Ran Abramitzky on the Mystery of the Kibbutz,2018-10-22,4003,https://cdn.simplecast.com/audio/6fdba5/6fdba516-8381-43b0-b29f-59d05512b693/7b201956-f206-4f19-a164-93893fdfff80/abramitzkykibbutz_tc.mp3?aid=rss_feed&feed=wgl4xEgL,32052322,http://files.libertyfund.org/econtalk/y2018/Abramitzkykibbutz.mp3
"Michael Munger on Sharing, Transaction Costs, and Tomorrow 3.0",2018-10-29,4218,https://cdn.simplecast.com/audio/6fdba5/6fdba516-8381-43b0-b29f-59d05512b693/b5d95cc7-b976-4a0a-a044-655e172d579f/mungertomorrow_tc.mp3?aid=rss_feed&feed=wgl4xEgL,33770361,http://files.libertyfund.org/econtalk/y2018/Mungertomorrow.mp3
"Alan Lightman on Science, Spirituality, and Searching for Stars on an Island in Maine",2018-11-05,4320,https://cdn.simplecast.com/audio/6fdba5/6fdba516-8381-43b0-b29f-59d05512b693/e81ad77d-d266-4108-8a31-ff0d9dc34539/lightmanscience_tc.mp3?aid=rss_feed&feed=wgl4xEgL,34587285,http://files.libertyfund.org/econtalk/y2018/Lightmanscience.mp3
"Julia Belluz on Epidemiology, Nutrition, and Metabolism",2018-11-12,3921,https://cdn.simplecast.com/audio/6fdba5/6fdba516-8381-43b0-b29f-59d05512b693/03d6dd8c-dcd2-4cc7-8ff6-d2d1671fe36e/belluzepidemiology_tc.mp3?aid=rss_feed&feed=wgl4xEgL,31394465,http://files.libertyfund.org/econtalk/y2018/Belluzepidemiology.mp3
A.J. Jacobs on Thanks a Thousand,2018-11-19,3687,https://cdn.simplecast.com/audio/6fdba5/6fdba516-8381-43b0-b29f-59d05512b693/571ca76e-12ec-4bcd-9798-f1353b5bd5d0/jacobsthanks_tc.mp3?aid=rss_feed&feed=wgl4xEgL,29527418,http://files.libertyfund.org/econtalk/y2018/Jacobsthanks.mp3
Anat Admati on the Financial Crisis of 2008,2018-11-26,3957,https://cdn.simplecast.com/audio/6fdba5/6fdba516-8381-43b0-b29f-59d05512b693/285d4304-f388-45a5-900b-502c287d72e0/admatifinancialcrisis_tc.mp3?aid=rss_feed&feed=wgl4xEgL,31685771,http://files.libertyfund.org/econtalk/y2018/Admatifinancialcrisis.mp3
Maeve Cohen on Rethinking Economics,2018-12-03,3722,https://cdn.simplecast.com/audio/6fdba5/6fdba516-8381-43b0-b29f-59d05512b693/f8125f38-3831-490a-a0ef-3affe5b196c2/cohenrethinking_tc.mp3?aid=rss_feed&feed=wgl4xEgL,29808081,http://files.libertyfund.org/econtalk/y2018/Cohenrethinking.mp3
"Peter Berkowitz on Locke, Liberty, and Liberalism",2018-12-09,4802,https://cdn.simplecast.com/audio/6fdba5/6fdba516-8381-43b0-b29f-59d05512b693/93c331bc-05e4-4d78-8fc5-70dbdaddb1cb/berkowitzpliberalism_tc.mp3?aid=rss_feed&feed=wgl4xEgL,38443968,http://files.libertyfund.org/econtalk/y2018/BerkowitzPliberalism.mp3
John Horgan on Mind-Body Problems,2018-12-17,4630,https://cdn.simplecast.com/audio/6fdba5/6fdba516-8381-43b0-b29f-59d05512b693/c6015d2f-8142-4689-9a4d-880c0dbacdac/horganmindbody_tc.mp3?aid=rss_feed&feed=wgl4xEgL,37070329,http://files.libertyfund.org/econtalk/y2018/Horganmindbody.mp3
Mariana Mazzucato on the Value of Everything,2018-12-24,4072,https://cdn.simplecast.com/audio/6fdba5/6fdba516-8381-43b0-b29f-59d05512b693/8ff09f6d-3420-4386-94ee-26da2299fee4/mazzucatovalue_tc.mp3?aid=rss_feed&feed=wgl4xEgL,32605700,http://files.libertyfund.org/econtalk/y2018/Mazzucatovalue.mp3
Sebastian Junger on Tribe,2018-12-31,4584,https://cdn.simplecast.com/audio/6fdba5/6fdba516-8381-43b0-b29f-59d05512b693/6b4aa436-a3e5-4840-9288-b4359bced288/jungertribe_tc.mp3?aid=rss_feed&feed=wgl4xEgL,36703144,http://files.libertyfund.org/econtalk/y2018/Jungertribe.mp3
Ed Dolan on Employer-Sponsored Health Insurance,2019-01-07,3866,https://cdn.simplecast.com/audio/6fdba5/6fdba516-8381-43b0-b29f-59d05512b693/901e44c0-6eed-43ab-987a-08944e3e57d1/dolaninsurance_tc.mp3?aid=rss_feed&feed=wgl4xEgL,30956227,http://files.libertyfund.org/econtalk/y2019/Dolaninsurance.mp3
Stephen Kotkin on Solzhenitsyn,2019-01-14,3603,https://cdn.simplecast.com/audio/6fdba5/6fdba516-8381-43b0-b29f-59d05512b693/a8a106df-9843-4ff2-87eb-a9dec15dfbcb/kotkinsolzhenitsyn_tc.mp3?aid=rss_feed&feed=wgl4xEgL,28848872,http://files.libertyfund.org/econtalk/y2019/KotkinSolzhenitsyn.mp3
Jennifer Doleac on Crime,2019-01-21,4978,https://cdn.simplecast.com/audio/6fdba5/6fdba516-8381-43b0-b29f-59d05512b693/979d8835-1a2f-42ed-ab6d-648bd83aeca7/doleaccrime_tc.mp3?aid=rss_feed&feed=wgl4xEgL,39856227,http://files.libertyfund.org/econtalk/y2019/Doleaccrime.mp3
Patrick Collison on Innovation and Scientific Progress,2019-01-28,4548,https://cdn.simplecast.com/audio/6fdba5/6fdba516-8381-43b0-b29f-59d05512b693/4a8325ca-3372-4024-9d92-f16936ff40b7/collisoninnovation_tc.mp3?aid=rss_feed&feed=wgl4xEgL,36411437,http://files.libertyfund.org/econtalk/y2019/Collisoninnovation.mp3
Gary Greenberg on the Placebo Effect,2019-02-04,3695,https://cdn.simplecast.com/audio/6fdba5/6fdba516-8381-43b0-b29f-59d05512b693/920e0ee1-ebd2-401d-8660-6d7bfe931983/greenbergplacebo_tc.mp3?aid=rss_feed&feed=wgl4xEgL,29588862,http://files.libertyfund.org/econtalk/y2019/Greenbergplacebo.mp3
"Jessica Riskin on Life, Machinery, and the Restless Clock",2019-02-11,3891,https://cdn.simplecast.com/audio/6fdba5/6fdba516-8381-43b0-b29f-59d05512b693/c6625bbf-424d-4383-991f-06adf5723151/riskinlife_tc.mp3?aid=rss_feed&feed=wgl4xEgL,31156025,http://files.libertyfund.org/econtalk/y2019/Riskinlife.mp3
"Catherine Semcer on Poaching, Preserves, and African Wildlife",2019-02-18,4050,https://cdn.simplecast.com/audio/6fdba5/6fdba516-8381-43b0-b29f-59d05512b693/4fa71e39-dd31-40cc-a1c2-6abe1f057f2a/semcerpoaching_tc.mp3?aid=rss_feed&feed=wgl4xEgL,32431846,http://files.libertyfund.org/econtalk/y2019/Semcerpoaching.mp3
Michael Munger on Crony Capitalism,2019-02-25,4211,https://cdn.simplecast.com/audio/6fdba5/6fdba516-8381-43b0-b29f-59d05512b693/849c9e48-8999-4bac-b797-2651fde5b015/mungercrony_tc.mp3?aid=rss_feed&feed=wgl4xEgL,33712864,http://files.libertyfund.org/econtalk/y2019/Mungercrony.mp3
Jacob Vigdor on the Seattle Minimum Wage,2019-03-04,4434,https://cdn.simplecast.com/audio/6fdba5/6fdba516-8381-43b0-b29f-59d05512b693/4088d377-2742-4250-b432-823c3a778833/vigdorminimumwage_tc.mp3?aid=rss_feed&feed=wgl4xEgL,35500272,http://files.libertyfund.org/econtalk/y2019/Vigdorminimumwage.mp3
"Amy Webb on Artificial Intelligence, Humanity, and the Big Nine",2019-03-11,5085,https://cdn.simplecast.com/audio/6fdba5/6fdba516-8381-43b0-b29f-59d05512b693/09f7748d-197f-46eb-9908-348667a497e2/webbbignine_tc.mp3?aid=rss_feed&feed=wgl4xEgL,40711202,http://files.libertyfund.org/econtalk/y2019/Webbbignine.mp3
"Amy Tuteur on Birth, Natural Parenting, and Push Back",2019-03-18,3753,https://cdn.simplecast.com/audio/6fdba5/6fdba516-8381-43b0-b29f-59d05512b693/e057aa47-c3f3-4274-8df7-a607c76db2dc/tuteurparenting_tc.mp3?aid=rss_feed&feed=wgl4xEgL,30050515,http://files.libertyfund.org/econtalk/y2019/Tuteurparenting.mp3
Daniel Hamermesh on Spending Time,2019-03-25,3768,https://cdn.simplecast.com/audio/6fdba5/6fdba516-8381-43b0-b29f-59d05512b693/adff8f81-b409-43bd-b6ed-ab3e70f124d0/hamermeshtime_tc.mp3?aid=rss_feed&feed=wgl4xEgL,30171494,http://files.libertyfund.org/econtalk/y2019/Hamermeshtime.mp3
Jacob Stegenga on Medical Nihilism,2019-04-01,4712,https://cdn.simplecast.com/audio/6fdba5/6fdba516-8381-43b0-b29f-59d05512b693/8a937855-4306-4ddc-a2aa-1a439cbc2b1b/stegengamedical_tc.mp3?aid=rss_feed&feed=wgl4xEgL,37725272,http://files.libertyfund.org/econtalk/y2019/Stegengamedical.mp3
"Robin Feldman on Drugs, Money, and Secret Handshakes",2019-04-08,3915,https://cdn.simplecast.com/audio/6fdba5/6fdba516-8381-43b0-b29f-59d05512b693/64b6a428-342c-4857-b4ce-0b0231c7b82d/feldmanhandshakes_tc.mp3?aid=rss_feed&feed=wgl4xEgL,31349740,http://files.libertyfund.org/econtalk/y2019/Feldmanhandshakes.mp3
"Jill Lepore on Nationalism, Populism, and the State of America",2019-04-15,3992,https://cdn.simplecast.com/audio/6fdba5/6fdba516-8381-43b0-b29f-59d05512b693/8349e430-2e71-4ec1-89be-ec6a93d35391/leporenationalism_tc.mp3?aid=rss_feed&feed=wgl4xEgL,31962688,http://files.libertyfund.org/econtalk/y2019/Leporenationalism.mp3
"Paul Romer on Growth, Cities, and the State of Economics",2019-04-22,5202,https://cdn.simplecast.com/audio/6fdba5/6fdba516-8381-43b0-b29f-59d05512b693/9223291c-6d10-4649-8572-d3e7d21e5a8a/romerstateofeconomics_tc.mp3?aid=rss_feed&feed=wgl4xEgL,41645960,http://files.libertyfund.org/econtalk/y2019/Romerstateofeconomics.mp3
Emily Oster on Cribsheet,2019-04-29,3963,https://cdn.simplecast.com/audio/6fdba5/6fdba516-8381-43b0-b29f-59d05512b693/c88fea30-bc9a-4aad-aa1d-78b134acd11c/ostercribsheet_tc.mp3?aid=rss_feed&feed=wgl4xEgL,31728801,http://files.libertyfund.org/econtalk/y2019/Ostercribsheet.mp3
"Mauricio Miller on Poverty, Social Work, and the Alternative",2019-05-06,4686,https://cdn.simplecast.com/audio/6fdba5/6fdba516-8381-43b0-b29f-59d05512b693/75e9ea26-ee47-4485-ac4d-b9494ac836d4/millermsocialwork_tc.mp3?aid=rss_feed&feed=wgl4xEgL,37514020,http://files.libertyfund.org/econtalk/y2019/MillerMsocialwork.mp3
Robert Burton on Being Certain,2019-05-13,4817,https://cdn.simplecast.com/audio/6fdba5/6fdba516-8381-43b0-b29f-59d05512b693/7cd9fd5e-31e0-4045-8e00-742ff7ad1670/burtonbeingcertain_tc.mp3?aid=rss_feed&feed=wgl4xEgL,38561186,http://files.libertyfund.org/econtalk/y2019/Burtonbeingcertain.mp3
"Mary Hirschfeld on Economics, Culture, and Aquinas and the Market",2019-05-20,4612,https://cdn.simplecast.com/audio/6fdba5/6fdba516-8381-43b0-b29f-59d05512b693/acac60dc-bcf9-46c6-b5c8-c189b41499ee/hirschfeldaquinas_tc.mp3?aid=rss_feed&feed=wgl4xEgL,36927837,http://files.libertyfund.org/econtalk/y2019/HirschfeldAquinas.mp3
"David Epstein on Mastery, Specialization, and Range",2019-05-27,6114,https://cdn.simplecast.com/audio/6fdba5/6fdba516-8381-43b0-b29f-59d05512b693/c960e92f-1a02-4a9b-bf3e-990dea0790a5/epsteindmastery_tc.mp3?aid=rss_feed&feed=wgl4xEgL,48938716,http://files.libertyfund.org/econtalk/y2019/EpsteinDmastery.mp3
"Alain Bertaud on Cities, Planning, and Order Without Design",2019-06-03,4700,https://cdn.simplecast.com/audio/6fdba5/6fdba516-8381-43b0-b29f-59d05512b693/52811d3d-ffd3-46e4-89a4-064cdbda6c83/bertaudcities_tc.mp3?aid=rss_feed&feed=wgl4xEgL,37631048,http://files.libertyfund.org/econtalk/y2019/Bertaudcities.mp3
Bjorn Lomborg on the Costs and Benefits of Attacking Climate Change,2019-06-10,4252,https://cdn.simplecast.com/audio/6fdba5/6fdba516-8381-43b0-b29f-59d05512b693/32a7bbcb-8cd8-4496-b284-75ef18c24936/lomborgclimate_tc.mp3?aid=rss_feed&feed=wgl4xEgL,34046846,http://files.libertyfund.org/econtalk/y2019/Lomborgclimate.mp3
Anja Shortland on Kidnap,2019-06-17,4673,https://cdn.simplecast.com/audio/6fdba5/6fdba516-8381-43b0-b29f-59d05512b693/77ce3d35-ef19-4d6e-8b6e-6eccc455a971/shortlandkidnap_tc.mp3?aid=rss_feed&feed=wgl4xEgL,37414509,http://files.libertyfund.org/econtalk/y2019/Shortlandkidnap.mp3
Eric Topol on Deep Medicine,2019-06-24,4105,https://cdn.simplecast.com/audio/6fdba5/6fdba516-8381-43b0-b29f-59d05512b693/794f418d-83cd-447c-bccb-78bb40b4df47/topolmedicine_tc.mp3?aid=rss_feed&feed=wgl4xEgL,32870670,http://files.libertyfund.org/econtalk/y2019/Topolmedicine.mp3
Adam Cifu on the Case for Being a Medical Conservative,2019-07-01,4426,https://cdn.simplecast.com/audio/6fdba5/6fdba516-8381-43b0-b29f-59d05512b693/1c32697e-959a-4fa8-ae93-4db4e0771c74/cifumedicalconservative_tc.mp3?aid=rss_feed&feed=wgl4xEgL,35436131,http://files.libertyfund.org/econtalk/y2019/Cifumedicalconservative.mp3
Arthur Brooks on Love Your Enemies,2019-07-08,4201,https://cdn.simplecast.com/audio/6fdba5/6fdba516-8381-43b0-b29f-59d05512b693/237175ea-c852-4473-b2f2-6911036534be/brooksaenemies_tc.mp3?aid=rss_feed&feed=wgl4xEgL,33637213,http://files.libertyfund.org/econtalk/y2019/BrooksAenemies.mp3
Michael Brendan Dougherty on My Father Left Me Ireland,2019-07-15,5586,https://cdn.simplecast.com/audio/6fdba5/6fdba516-8381-43b0-b29f-59d05512b693/f3f8a7ec-a0b8-43d2-a3a9-29ce257f5ec1/doughertyireland_tc.mp3?aid=rss_feed&feed=wgl4xEgL,44716496,http://files.libertyfund.org/econtalk/y2019/DoughertyIreland.mp3
Chris Arnade on Dignity,2019-07-22,4902,https://cdn.simplecast.com/audio/6fdba5/6fdba516-8381-43b0-b29f-59d05512b693/d41e3c6b-79cb-4498-8605-db2c5436eb46/arnadedignity_tc.mp3?aid=rss_feed&feed=wgl4xEgL,39242453,http://files.libertyfund.org/econtalk/y2019/Arnadedignity.mp3
Shoshana Zuboff on Surveillance Capitalism,2019-07-29,5594,https://cdn.simplecast.com/audio/6fdba5/6fdba516-8381-43b0-b29f-59d05512b693/9713c2d5-7980-4034-82e1-edced14159cf/zuboffsurveillance_tc.mp3?aid=rss_feed&feed=wgl4xEgL,44777297,http://files.libertyfund.org/econtalk/y2019/Zuboffsurveillance.mp3
Andy Matuschak on Books and Learning,2019-08-05,3986,https://cdn.simplecast.com/audio/6fdba5/6fdba516-8381-43b0-b29f-59d05512b693/0bc57997-249f-498a-9488-794afedb6457/matuschaklearning_tc.mp3?aid=rss_feed&feed=wgl4xEgL,31919194,http://files.libertyfund.org/econtalk/y2019/Matuschaklearning.mp3
Arthur Diamond on Openness to Creative Destruction,2019-08-12,4544,https://cdn.simplecast.com/audio/6fdba5/6fdba516-8381-43b0-b29f-59d05512b693/baeaf7b9-a843-48a1-8724-542be08a228a/diamondcreativedestruction_tc.mp3?aid=rss_feed&feed=wgl4xEgL,36382594,http://files.libertyfund.org/econtalk/y2019/Diamondcreativedestruction.mp3
Tyler Cowen on Big Business,2019-08-19,3984,https://cdn.simplecast.com/audio/6fdba5/6fdba516-8381-43b0-b29f-59d05512b693/85508432-38a3-42d2-9fbc-d0e68ba9890f/cowenbigbusiness_tc.mp3?aid=rss_feed&feed=wgl4xEgL,31899750,http://files.libertyfund.org/econtalk/y2019/Cowenbigbusiness.mp3
Andrew Roberts on Churchill and the Craft of Biography,2019-08-26,4202,https://cdn.simplecast.com/audio/6fdba5/6fdba516-8381-43b0-b29f-59d05512b693/bd3ce24b-c034-44d1-8b00-168f4472114d/robertsachurchill_tc.mp3?aid=rss_feed&feed=wgl4xEgL,33643294,http://files.libertyfund.org/econtalk/y2019/RobertsAChurchill.mp3
"David Deppner on Leadership, Confidence, and Humility",2019-09-02,4569,https://cdn.simplecast.com/audio/6fdba5/6fdba516-8381-43b0-b29f-59d05512b693/b6a1ee69-c8e8-4926-9df7-1a5ac6d4ea12/deppnerleadership_tc.mp3?aid=rss_feed&feed=wgl4xEgL,36580083,http://files.libertyfund.org/econtalk/y2019/Deppnerleadership.mp3
Daron Acemoglu on Shared Prosperity and Good Jobs,2019-09-09,3993,https://cdn.simplecast.com/audio/6fdba5/6fdba516-8381-43b0-b29f-59d05512b693/0827e279-2a3a-4495-b1a1-5ba667f79b43/acemogluprosperity_tc.mp3?aid=rss_feed&feed=wgl4xEgL,31973333,http://files.libertyfund.org/econtalk/y2019/Acemogluprosperity.mp3
George Will on the Conservative Sensibility,2019-09-16,4702,https://cdn.simplecast.com/audio/6fdba5/6fdba516-8381-43b0-b29f-59d05512b693/7b49eb10-b023-4471-a3b5-bf1bc9b1ef3d/willconservativesensibility_tc.mp3?aid=rss_feed&feed=wgl4xEgL,37641480,http://files.libertyfund.org/econtalk/y2019/Willconservativesensibility.mp3
Dani Rodrik on Neoliberalism,2019-09-23,4120,https://cdn.simplecast.com/audio/6fdba5/6fdba516-8381-43b0-b29f-59d05512b693/2d2a6b8c-3e9d-4041-8826-52b2305eb067/rodrikneoliberalism_tc.mp3?aid=rss_feed&feed=wgl4xEgL,32992087,http://files.libertyfund.org/econtalk/y2019/Rodrikneoliberalism.mp3
"Sabine Hossenfelder on Physics, Reality, and Lost in Math",2019-09-30,3988,https://cdn.simplecast.com/audio/6fdba5/6fdba516-8381-43b0-b29f-59d05512b693/69f4463e-55f8-46de-8bc2-2d8088d00bc5/hossenfeldermath_tc.mp3?aid=rss_feed&feed=wgl4xEgL,31933007,http://files.libertyfund.org/econtalk/y2019/Hossenfeldermath.mp3
Ryan Holiday on Stillness Is the Key,2019-10-07,4992,https://cdn.simplecast.com/audio/6fdba5/6fdba516-8381-43b0-b29f-59d05512b693/f2dec76b-7ec8-4b56-8051-2aa477b4572d/holidaystillness_tc.mp3?aid=rss_feed&feed=wgl4xEgL,39967447,http://files.libertyfund.org/econtalk/y2019/Holidaystillness.mp3
Andrew McAfee on More from Less,2019-10-14,5657,https://cdn.simplecast.com/audio/6fdba5/6fdba516-8381-43b0-b29f-59d05512b693/d2709324-36dd-4aca-b7f4-4c6dc57a8dc3/mcafeemore_tc.mp3?aid=rss_feed&feed=wgl4xEgL,45288032,http://files.libertyfund.org/econtalk/y2019/McAfeemore.mp3
Susan Houseman on Manufacturing,2019-10-21,4565,https://cdn.simplecast.com/audio/6fdba5/6fdba516-8381-43b0-b29f-59d05512b693/98607e07-2822-4fa9-9570-bc40325fa2ea/housemanmanufacturing_tc.mp3?aid=rss_feed&feed=wgl4xEgL,36544952,http://files.libertyfund.org/econtalk/y2019/Housemanmanufacturing.mp3
"Michele Gelfand on Rule Makers, Rule Breakers",2019-10-28,4198,https://cdn.simplecast.com/audio/6fdba5/6fdba516-8381-43b0-b29f-59d05512b693/2eb23a3a-c9fa-4096-b2db-d8a6bc7ed788/gelfandrulemakers_tc.mp3?aid=rss_feed&feed=wgl4xEgL,33614027,http://files.libertyfund.org/econtalk/y2019/Gelfandrulemakers.mp3
Venkatesh Rao on Waldenponding,2019-11-04,4742,https://cdn.simplecast.com/audio/6fdba5/6fdba516-8381-43b0-b29f-59d05512b693/854334fa-daf7-439d-962f-974b4a0d8dea/raowaldenponding_tc.mp3?aid=rss_feed&feed=wgl4xEgL,37963505,http://files.libertyfund.org/econtalk/y2019/RaoWaldenponding.mp3
Rory Sutherland on Alchemy,2019-11-11,5045,https://cdn.simplecast.com/audio/6fdba5/6fdba516-8381-43b0-b29f-59d05512b693/18171784-61bd-46d1-af5a-c38faf46280a/sutherlandalchemy_tc.mp3?aid=rss_feed&feed=wgl4xEgL,40388930,http://files.libertyfund.org/econtalk/y2019/Sutherlandalchemy.mp3
Keith Smith on Free Market Health Care,2019-11-18,5022,https://cdn.simplecast.com/audio/6fdba5/6fdba516-8381-43b0-b29f-59d05512b693/34412c5c-4362-4682-8ca3-46a9b0bcecc1/smithkhealthcare_tc.mp3?aid=rss_feed&feed=wgl4xEgL,40206073,http://files.libertyfund.org/econtalk/y2019/SmithKhealthcare.mp3
Susan Mayer on What Money Can't Buy,2019-11-25,4457,https://cdn.simplecast.com/audio/6fdba5/6fdba516-8381-43b0-b29f-59d05512b693/edd0f359-4d9b-48e0-b1fa-5c29859d57ef/mayermoney_tc.mp3?aid=rss_feed&feed=wgl4xEgL,35680838,http://files.libertyfund.org/econtalk/y2019/Mayermoney.mp3
Gerd Gigerenzer on Gut Feelings,2019-12-02,4098,https://cdn.simplecast.com/audio/6fdba5/6fdba516-8381-43b0-b29f-59d05512b693/95a33754-5dd9-48b0-83ae-0884512986f6/gigerenzergutfeelings_tc.mp3?aid=rss_feed&feed=wgl4xEgL,32811950,http://files.libertyfund.org/econtalk/y2019/Gigerenzergutfeelings.mp3
"Terry Moe on Educational Reform, Katrina, and Hidden Power",2019-12-09,4242,https://cdn.simplecast.com/audio/6fdba5/6fdba516-8381-43b0-b29f-59d05512b693/b691f74b-1fe9-4a82-ba53-2a3b1fe640af/moereform_tc.mp3?aid=rss_feed&feed=wgl4xEgL,33966380,http://files.libertyfund.org/econtalk/y2019/Moereform.mp3
Binyamin Appelbaum on the Economists' Hour,2019-12-16,4175,https://cdn.simplecast.com/audio/6fdba5/6fdba516-8381-43b0-b29f-59d05512b693/322a2b27-8910-4b1a-a4b7-aea6c86a9f63/appelbaumhour_tc.mp3?aid=rss_feed&feed=wgl4xEgL,33427824,http://files.libertyfund.org/econtalk/y2019/Appelbaumhour.mp3
Joe Posnanski on the Life and Afterlife of Harry Houdini,2019-12-23,5119,https://cdn.simplecast.com/audio/6fdba5/6fdba516-8381-43b0-b29f-59d05512b693/6959a907-a882-4edd-9cdd-fd3063ed537b/posnanskihoudini_tc.mp3?aid=rss_feed&feed=wgl4xEgL,40977853,http://files.libertyfund.org/econtalk/y2019/PosnanskiHoudini.mp3
Kimberly Clausing on Open and the Progressive Case for Free Trade,2019-12-30,4122,https://cdn.simplecast.com/audio/6fdba5/6fdba516-8381-43b0-b29f-59d05512b693/3f9d1b3a-0861-4fbe-9018-d7e9c2dcac67/clausingfreetrade_tc.mp3?aid=rss_feed&feed=wgl4xEgL,33000901,http://files.libertyfund.org/econtalk/y2019/Clausingfreetrade.mp3
Melanie Mitchell on Artificial Intelligence,2020-01-06,4726,https://cdn.simplecast.com/audio/6fdba5/6fdba516-8381-43b0-b29f-59d05512b693/120d3579-3aa4-4fed-888e-36821f84044f/mitchellartificialintelligence_tc.mp3?aid=rss_feed&feed=wgl4xEgL,37833323,http://files.libertyfund.org/econtalk/y2020/Mitchellartificialintelligence.mp3
Adam Minter on Secondhand,2020-01-13,4121,https://cdn.simplecast.com/audio/6fdba5/6fdba516-8381-43b0-b29f-59d05512b693/17b30767-fb01-4a32-9501-25b530d545b1/mintersecondhand_tc.mp3?aid=rss_feed&feed=wgl4xEgL,32992293,http://files.libertyfund.org/econtalk/y2020/Mintersecondhand.mp3
Janine Barchas on the Lost Books of Jane Austen,2020-01-20,4250,https://cdn.simplecast.com/audio/6fdba5/6fdba516-8381-43b0-b29f-59d05512b693/18fe10a4-540b-4251-95c3-c6459232d7e6/barchasausten_tc.mp3?aid=rss_feed&feed=wgl4xEgL,34026346,http://files.libertyfund.org/econtalk/y2020/BarchasAusten.mp3
Daniel Klein on Honest Income,2020-01-27,5017,https://cdn.simplecast.com/audio/6fdba5/6fdba516-8381-43b0-b29f-59d05512b693/eef79c8f-9846-47d0-aeba-706223e080cd/kleinhonestincome_tc.mp3?aid=rss_feed&feed=wgl4xEgL,40167403,http://files.libertyfund.org/econtalk/y2020/Kleinhonestincome.mp3
Robert Shiller on Narrative Economics,2020-02-03,3742,https://cdn.simplecast.com/audio/6fdba5/6fdba516-8381-43b0-b29f-59d05512b693/85eaf72f-4bb3-4839-b8d5-17c4a84089e0/shillernarrative_tc.mp3?aid=rss_feed&feed=wgl4xEgL,29961056,http://files.libertyfund.org/econtalk/y2020/Shillernarrative.mp3
Marty Makary on the Price We Pay,2020-02-10,4801,https://cdn.simplecast.com/audio/6fdba5/6fdba516-8381-43b0-b29f-59d05512b693/c8a743a7-4ec6-48ec-9f84-280539f86eef/makaryhealthcare_tc.mp3?aid=rss_feed&feed=wgl4xEgL,38433502,http://files.libertyfund.org/econtalk/y2020/Makaryhealthcare.mp3
Peter Singer on The Life You Can Save,2020-02-17,3973,https://cdn.simplecast.com/audio/6fdba5/6fdba516-8381-43b0-b29f-59d05512b693/20028133-16f8-47dd-ad6a-5dfe8494f5a7/singerlife_tc.mp3?aid=rss_feed&feed=wgl4xEgL,31808436,http://files.libertyfund.org/econtalk/y2020/Singerlife.mp3
Richard Robb on Willful,2020-02-24,5493,https://cdn.simplecast.com/audio/6fdba5/6fdba516-8381-43b0-b29f-59d05512b693/bc30ee6d-2550-4c86-9d3b-f86432895321/robbwillful_tc.mp3?aid=rss_feed&feed=wgl4xEgL,43969153,http://files.libertyfund.org/econtalk/y2020/Robbwillful.mp3
Yuval Levin on A Time to Build,2020-03-02,4137,https://cdn.simplecast.com/audio/6fdba5/6fdba516-8381-43b0-b29f-59d05512b693/304c1f41-b035-4a85-a8a1-393157cb8dfe/levinbuild_tc.mp3?aid=rss_feed&feed=wgl4xEgL,33127090,http://files.libertyfund.org/econtalk/y2020/Levinbuild.mp3
Richard Davies on Extreme Economies,2020-03-09,7497,https://cdn.simplecast.com/audio/6fdba5/6fdba516-8381-43b0-b29f-59d05512b693/c9147dfd-ede9-4955-a6f1-c5d2f72f5fcf/daviesrextreme_tc.mp3?aid=rss_feed&feed=wgl4xEgL,60001244,http://files.libertyfund.org/econtalk/y2020/DaviesRextreme.mp3
Isabella Tree on Wilding,2020-03-16,4664,https://cdn.simplecast.com/audio/6fdba5/6fdba516-8381-43b0-b29f-59d05512b693/6ea6aa89-2821-40fa-9144-8643630c1dcb/treewilding_tc.mp3?aid=rss_feed&feed=wgl4xEgL,37337187,http://files.libertyfund.org/econtalk/y2020/Treewilding.mp3
Tyler Cowen on the COVID-19 Pandemic,2020-03-19,4791,https://cdn.simplecast.com/audio/6fdba5/6fdba516-8381-43b0-b29f-59d05512b693/a8510609-6b92-4de6-8fd6-87732b049776/cowencovid19_tc.mp3?aid=rss_feed&feed=wgl4xEgL,38359736,http://files.libertyfund.org/econtalk/y2020/CowenCOVID19.mp3
Azra Raza on The First Cell,2020-03-23,5082,https://cdn.simplecast.com/audio/6fdba5/6fdba516-8381-43b0-b29f-59d05512b693/d1d46010-397b-421a-8c2e-44c5e763f1f1/razacell_tc.mp3?aid=rss_feed&feed=wgl4xEgL,40687342,http://files.libertyfund.org/econtalk/y2020/Razacell.mp3
Jenny Schuetz on Land Regulation and the Housing Market,2020-03-30,4512,https://cdn.simplecast.com/audio/6fdba5/6fdba516-8381-43b0-b29f-59d05512b693/723de37f-3a0d-4162-b7a4-cfc30e826655/schuetzland_tc.mp3?aid=rss_feed&feed=wgl4xEgL,36123673,http://files.libertyfund.org/econtalk/y2020/Schuetzland.mp3
"Arnold Kling on the Three Languages of Politics, Revisited",2020-04-06,3794,https://cdn.simplecast.com/audio/6fdba5/6fdba516-8381-43b0-b29f-59d05512b693/ab184d3f-2b11-4413-9a74-fce1b4ba908d/klinglanguagesrevisited_tc.mp3?aid=rss_feed&feed=wgl4xEgL,30377368,http://files.libertyfund.org/econtalk/y2020/Klinglanguagesrevisited.mp3
"Ed Leamer on Manufacturing, Effort, and Inequality",2020-04-13,4445,https://cdn.simplecast.com/audio/6fdba5/6fdba516-8381-43b0-b29f-59d05512b693/b80fb09c-fac2-4ca1-a58e-cba59729f418/leamerinequality_tc.mp3?aid=rss_feed&feed=wgl4xEgL,35584710,http://files.libertyfund.org/econtalk/y2020/Leamerinequality.mp3
"Vinay Prasad on Cancer Drugs, Medical Ethics, and Malignant",2020-04-20,4683,https://cdn.simplecast.com/audio/6fdba5/6fdba516-8381-43b0-b29f-59d05512b693/76d0a9ae-6448-48b1-95ef-0b33151f78ab/prasadmalignant_tc.mp3?aid=rss_feed&feed=wgl4xEgL,37495002,http://files.libertyfund.org/econtalk/y2020/Prasadmalignant.mp3
"Alan Lightman on Stardust, Meaning, Religion, and Science",2020-04-27,4874,https://cdn.simplecast.com/audio/6fdba5/6fdba516-8381-43b0-b29f-59d05512b693/869ec07c-dbfe-4877-a2b5-87c0d38cb010/lightmanstardust_tc.mp3?aid=rss_feed&feed=wgl4xEgL,39021804,http://files.libertyfund.org/econtalk/y2020/Lightmanstardust.mp3
"L.A. Paul on Vampires, Life Choices, and Transformation",2020-05-04,4471,https://cdn.simplecast.com/audio/6fdba5/6fdba516-8381-43b0-b29f-59d05512b693/bd6357ca-260a-4ded-92ca-e19ecc2caed9/paulvampires_tc.mp3?aid=rss_feed&feed=wgl4xEgL,35794740,http://files.libertyfund.org/econtalk/y2020/Paulvampires.mp3
"Branko Milanovic on Capitalism, Alone",2020-05-11,5887,https://cdn.simplecast.com/audio/6fdba5/6fdba516-8381-43b0-b29f-59d05512b693/e3a9e134-1653-4401-b358-8e604c2a60f5/milanoviccapitalism_tc.mp3?aid=rss_feed&feed=wgl4xEgL,47124739,http://files.libertyfund.org/econtalk/y2020/Milanoviccapitalism.mp3
Paul Romer on the COVID-19 Pandemic,2020-05-15,3721,https://cdn.simplecast.com/audio/6fdba5/6fdba516-8381-43b0-b29f-59d05512b693/367055d1-d26a-4c1b-b702-9652ddb0557e/romerpandemic_tc.mp3?aid=rss_feed&feed=wgl4xEgL,29797334,http://files.libertyfund.org/econtalk/y2020/Romerpandemic.mp3
Robert Pondiscio on How the Other Half Learns,2020-05-18,4846,https://cdn.simplecast.com/audio/6fdba5/6fdba516-8381-43b0-b29f-59d05512b693/2ff3260a-06af-421c-8113-06ed607d4c52/pondiscioeducation_tc.mp3?aid=rss_feed&feed=wgl4xEgL,38798342,http://files.libertyfund.org/econtalk/y2020/Pondiscioeducation.mp3
Martin Gurri on the Revolt of the Public,2020-05-25,4291,https://cdn.simplecast.com/audio/6fdba5/6fdba516-8381-43b0-b29f-59d05512b693/1812ae21-b82e-4d73-802d-bade1c869131/gurrirevolt_tc.mp3?aid=rss_feed&feed=wgl4xEgL,34354416,http://files.libertyfund.org/econtalk/y2020/Gurrirevolt.mp3
"Sarah Carr on Charter Schools, Educational Reform, and Hope Against Hope",2020-06-01,3656,https://cdn.simplecast.com/audio/6fdba5/6fdba516-8381-43b0-b29f-59d05512b693/f9104a42-94c7-403c-9dbf-a2cfead85171/carreducation_tc.mp3?aid=rss_feed&feed=wgl4xEgL,29276662,http://files.libertyfund.org/econtalk/y2020/Carreducation.mp3
Rebecca Henderson on Reimagining Capitalism,2020-06-08,3980,https://cdn.simplecast.com/audio/6fdba5/6fdba516-8381-43b0-b29f-59d05512b693/a3dca87a-3177-4aad-863f-fac7bf4645f4/hendersonrcapitalism_tc.mp3?aid=rss_feed&feed=wgl4xEgL,31871115,http://files.libertyfund.org/econtalk/y2020/HendersonRcapitalism.mp3
Diane Ravitch on Slaying Goliath,2020-06-15,3738,https://cdn.simplecast.com/audio/6fdba5/6fdba516-8381-43b0-b29f-59d05512b693/3da9246e-d1f8-479d-8818-2fe2c7d29cfd/ravitchgoliath_tc.mp3?aid=rss_feed&feed=wgl4xEgL,29934281,http://files.libertyfund.org/econtalk/y2020/RavitchGoliath.mp3
"Agnes Callard on Philosophy, Progress, and Wisdom",2020-06-22,4164,https://cdn.simplecast.com/audio/6fdba5/6fdba516-8381-43b0-b29f-59d05512b693/e6774f25-d051-43f3-8d25-74979b168ba3/callardphilosophy_tc.mp3?aid=rss_feed&feed=wgl4xEgL,33338157,http://files.libertyfund.org/econtalk/y2020/Callardphilosophy.mp3
Vivian Lee on The Long Fix,2020-06-29,3875,https://cdn.simplecast.com/audio/6fdba5/6fdba516-8381-43b0-b29f-59d05512b693/4089dab1-f794-4168-9ede-b9c3762db611/leelongfix_tc.mp3?aid=rss_feed&feed=wgl4xEgL,31029328,http://files.libertyfund.org/econtalk/y2020/Leelongfix.mp3
Robert Lerman on Apprenticeships,2020-07-06,3792,https://cdn.simplecast.com/audio/6fdba5/6fdba516-8381-43b0-b29f-59d05512b693/6e916837-a8e5-48a0-a364-cfbe0f742b60/lermanapprenticeships_tc.mp3?aid=rss_feed&feed=wgl4xEgL,30360390,http://files.libertyfund.org/econtalk/y2020/Lermanapprenticeships.mp3
"Josh Williams on Online Gaming, Blockchain, and Forte",2020-07-13,4436,https://cdn.simplecast.com/audio/6fdba5/6fdba516-8381-43b0-b29f-59d05512b693/c7954d6f-43dd-4c3f-976d-3e6ff980e72c/williamsjforte_tc.mp3?aid=rss_feed&feed=wgl4xEgL,35515311,http://files.libertyfund.org/econtalk/y2020/WilliamsJforte.mp3
"Glenn Loury on Race, Inequality, and America",2020-07-20,3452,https://cdn.simplecast.com/audio/6fdba5/6fdba516-8381-43b0-b29f-59d05512b693/01521528-92d4-4280-a23f-1b9cf82d1720/louryrace_tc.mp3?aid=rss_feed&feed=wgl4xEgL,27646563,http://files.libertyfund.org/econtalk/y2020/Louryrace.mp3
Nassim Nicholas Taleb on the Pandemic,2020-07-27,4064,https://cdn.simplecast.com/audio/6fdba5/6fdba516-8381-43b0-b29f-59d05512b693/0a4c63ca-9a2d-400a-be49-d416d187ae60/talebpandemic_tc.mp3?aid=rss_feed&feed=wgl4xEgL,32537476,http://files.libertyfund.org/econtalk/y2020/Talebpandemic.mp3
John Kay and Mervyn King on Radical Uncertainty,2020-08-03,4450,https://cdn.simplecast.com/audio/6fdba5/6fdba516-8381-43b0-b29f-59d05512b693/124a51b7-5eb5-459a-b53f-3789569a9216/kaykinguncertainty_tc.mp3?aid=rss_feed&feed=wgl4xEgL,35631706,http://files.libertyfund.org/econtalk/y2020/KayKinguncertainty.mp3
Ben Cohen on the Hot Hand,2020-08-10,4132,https://cdn.simplecast.com/audio/6fdba5/6fdba516-8381-43b0-b29f-59d05512b693/0bca312b-4cac-4983-81bd-3bdde6607322/cohenbhothand_tc.mp3?aid=rss_feed&feed=wgl4xEgL,33085895,http://files.libertyfund.org/econtalk/y2020/CohenBhothand.mp3
Michael Munger on the Future of Higher Education,2020-08-17,4075,https://cdn.simplecast.com/audio/6fdba5/6fdba516-8381-43b0-b29f-59d05512b693/92b70561-e71b-41f0-8085-147268fd371a/mungerhighereducation_tc.mp3?aid=rss_feed&feed=wgl4xEgL,32625745,http://files.libertyfund.org/econtalk/y2020/Mungerhighereducation.mp3
Franklin Zimring on When Police Kill,2020-08-24,3819,https://cdn.simplecast.com/audio/6fdba516-8381-43b0-b29f-59d05512b693/episodes/380404e1-87dd-4711-a5f3-d1450fa8f11b/audio/77d8f842-3751-41e3-a6ee-e9f65d848811/default_tc.mp3?aid=rss_feed&feed=wgl4xEgL,30576270,http://files.libertyfund.org/econtalk/y2020/Zimringpolice.mp3
Matt Ridley on How Innovation Works,2020-08-31,4268,https://cdn.simplecast.com/audio/6fdba516-8381-43b0-b29f-59d05512b693/episodes/2ce865e0-ce14-4f22-961b-bd673e149bfb/audio/d43d74d5-a966-4199-957e-c063ace799d7/default_tc.mp3?aid=rss_feed&feed=wgl4xEgL,34171345,http://files.libertyfund.org/econtalk/y2020/Ridleyinnovation.mp3
Margaret Heffernan on Uncharted,2020-09-07,3859,https://cdn.simplecast.com/audio/6fdba516-8381-43b0-b29f-59d05512b693/episodes/eaf8f0b7-a74d-4977-b339-4b4e900273ae/audio/e8f4104a-2acf-45eb-b089-506a56fe28bf/default_tc.mp3?aid=rss_feed&feed=wgl4xEgL,30902691,http://files.libertyfund.org/econtalk/y2020/Heffernanuncharted.mp3
Robert Chitester on Milton Friedman and Free to Choose,2020-09-14,3913,https://cdn.simplecast.com/audio/6fdba516-8381-43b0-b29f-59d05512b693/episodes/6507c199-51ef-4bce-b613-c3b142b08a1c/audio/93fbf773-86e8-4e42-ae1f-bdba9925d510/default_tc.mp3?aid=rss_feed&feed=wgl4xEgL,31411617,http://files.libertyfund.org/econtalk/y2020/Chitesterfreetochoose.mp3
"Lisa Cook on Racism, Patents, and Black Entrepreneurship",2020-09-21,4132,https://cdn.simplecast.com/audio/6fdba516-8381-43b0-b29f-59d05512b693/episodes/b23c1ff0-81c6-4cb5-980c-b1b42e3c6caf/audio/00cdc492-de62-4872-9713-4f650d90389c/default_tc.mp3?aid=rss_feed&feed=wgl4xEgL,66355553,http://files.libertyfund.org/econtalk/y2020/Cookracism.mp3
Agnes Callard on Aspiration,2020-09-28,5010,https://cdn.simplecast.com/audio/6fdba516-8381-43b0-b29f-59d05512b693/episodes/b5aaf7bf-5a9d-4dde-93b6-6065b64fe386/audio/419f6060-4b22-48db-9678-bcf99e2a7c92/default_tc.mp3?aid=rss_feed&feed=wgl4xEgL,40187897,http://files.libertyfund.org/econtalk/y2020/Callardaspiration.mp3
Zena Hitz on Lost in Thought,2020-10-05,5389,https://cdn.simplecast.com/audio/6fdba516-8381-43b0-b29f-59d05512b693/episodes/f54ac7f6-611a-4098-997e-2e7c61e283fb/audio/49b6135a-a178-4bb7-bfb5-5c0dc268411b/default_tc.mp3?aid=rss_feed&feed=wgl4xEgL,43222073,http://files.libertyfund.org/econtalk/y2020/Hitzthought.mp3
Anne Applebaum on the Twilight of Democracy,2020-10-12,3612,https://cdn.simplecast.com/audio/6fdba516-8381-43b0-b29f-59d05512b693/episodes/32582c8d-afd3-40eb-8c41-9ebcdb4fadb6/audio/2907bda5-e83c-42af-aa6f-75b1d7b38946/default_tc.mp3?aid=rss_feed&feed=wgl4xEgL,29003532,http://files.libertyfund.org/econtalk/y2020/Applebaumdemocracy.mp3
"Dwayne Betts on Reading, Prison, and the Million Book Project",2020-10-19,5564,https://cdn.simplecast.com/audio/6fdba516-8381-43b0-b29f-59d05512b693/episodes/93e3a2cc-3e03-497c-9932-2195c50babb1/audio/f3aeb680-1793-42cd-9863-3288af9dd893/default_tc.mp3?aid=rss_feed&feed=wgl4xEgL,44617463,http://files.libertyfund.org/econtalk/y2020/Bettsmillionbooks.mp3
Fredrik deBoer on the Cult of Smart,2020-10-26,4629,https://cdn.simplecast.com/audio/6fdba516-8381-43b0-b29f-59d05512b693/episodes/dbac452d-c277-4faa-b850-9f400e69672a/audio/0ccfb96b-dea0-493b-a537-b2c85bd9c53d/default_tc.mp3?aid=rss_feed&feed=wgl4xEgL,37136176,http://files.libertyfund.org/econtalk/y2020/deBoersmart.mp3
"Rob Wiblin and Russ Roberts on Charity, Science, and Utilitarianism",2020-11-02,6437,https://cdn.simplecast.com/audio/6fdba516-8381-43b0-b29f-59d05512b693/episodes/4fff2b76-27ec-455e-bf1d-eabc9a757f24/audio/cbbdc247-bb7b-4cbb-9e9b-ee1f3dcd6b46/default_tc.mp3?aid=rss_feed&feed=wgl4xEgL,51600104,http://files.libertyfund.org/econtalk/y2020/WiblinRobertscharity.mp3
Steven Levitt on Freakonomics and the State of Economics,2020-11-09,5616,https://cdn.simplecast.com/audio/6fdba516-8381-43b0-b29f-59d05512b693/episodes/63d3671e-92d1-4fbd-b626-df42304c6c90/audio/8e1c482b-5b76-4b5c-ab29-724b0010d58f/default_tc.mp3?aid=rss_feed&feed=wgl4xEgL,45034790,http://files.libertyfund.org/econtalk/y2020/Levittfreakonomics.mp3
Virginia Postrel on Textiles and the Fabric of Civilization,2020-11-16,4000,https://cdn.simplecast.com/audio/6fdba516-8381-43b0-b29f-59d05512b693/episodes/94d9d8c7-6542-4851-bea4-e063c7bd00e0/audio/5e622aba-71ba-4f6c-be61-cbbafc6bce57/default_tc.mp3?aid=rss_feed&feed=wgl4xEgL,32103345,http://files.libertyfund.org/econtalk/y2020/Postrelfabric.mp3
Daniel Haybron on Happiness,2020-11-23,5041,https://cdn.simplecast.com/audio/6fdba516-8381-43b0-b29f-59d05512b693/episodes/d08655cc-2b2f-410a-b82d-117769b67154/audio/ce790a95-7eb8-432a-9277-dca562a80c77/default_tc.mp3?aid=rss_feed&feed=wgl4xEgL,40433030,http://files.libertyfund.org/econtalk/y2020/Haybronhappiness.mp3
Emily Oster on the Pandemic,2020-11-30,3866,https://cdn.simplecast.com/audio/6fdba516-8381-43b0-b29f-59d05512b693/episodes/2125cb3e-f2df-4cf2-9bc0-d5725443c593/audio/6baf6ec8-e549-4a42-bb22-efa6cecf2a72/default_tc.mp3?aid=rss_feed&feed=wgl4xEgL,31032919,http://files.libertyfund.org/econtalk/y2020/Osterpandemic.mp3
Branko Milanovic on the Big Questions of Economics,2020-12-07,4959,https://cdn.simplecast.com/audio/6fdba516-8381-43b0-b29f-59d05512b693/episodes/aa6ca600-3a24-4643-8fb1-69fcb886ab7e/audio/b62d4c70-9e5b-4ab6-af54-53d4d86c310b/default_tc.mp3?aid=rss_feed&feed=wgl4xEgL,39779992,http://files.libertyfund.org/econtalk/y2020/Milanovicbigquestions.mp3
Katherine Levine Einstein on Neighborhood Defenders,2020-12-14,3765,https://cdn.simplecast.com/audio/6fdba516-8381-43b0-b29f-59d05512b693/episodes/ca4cde4b-bd31-49d8-87e6-63051859fe81/audio/4911a24b-a5d4-4765-9b84-5d9e9ca2ab78/default_tc.mp3?aid=rss_feed&feed=wgl4xEgL,30226282,http://files.libertyfund.org/econtalk/y2020/Einsteinneighborhooddefenders.mp3
Jay Bhattacharya on the Pandemic,2020-12-21,4858,https://cdn.simplecast.com/audio/6fdba516-8381-43b0-b29f-59d05512b693/episodes/3556b1cf-225c-4c7a-9438-995920e2e6a3/audio/fe18716a-765b-4ce0-aa1c-02230db27011/default_tc.mp3?aid=rss_feed&feed=wgl4xEgL,38970178,86b4f1cd-03d5-40c6-a3e6-a43e7635bc13
Michael Blastland on the Hidden Half,2020-12-28,4485,https://cdn.simplecast.com/audio/6fdba516-8381-43b0-b29f-59d05512b693/episodes/1b94bfe7-db3a-4616-83ea-84e28adaa186/audio/ae15900d-611b-4a9c-a085-276b164a25ef/default_tc.mp3?aid=rss_feed&feed=wgl4xEgL,35985745,21b2929e-ca15-4dae-b415-8428fb70ac0c
Matthew Crawford on Why We Drive,2021-01-04,4519,https://cdn.simplecast.com/audio/6fdba516-8381-43b0-b29f-59d05512b693/episodes/146eaa01-a06a-4f12-8499-9e91225512c4/audio/84f2dd01-db02-4f84-a139-a1234f2b1f01/default_tc.mp3?aid=rss_feed&feed=wgl4xEgL,72540907,ea65547c-7916-4a83-a9a8-62cfef683e1f
Don Boudreaux on Buchanan,2021-01-11,4577,https://cdn.simplecast.com/audio/6fdba516-8381-43b0-b29f-59d05512b693/episodes/b482e2c1-ac18-46fb-ac69-8a1094aac6fc/audio/9f1533f1-05e8-47c7-a682-7740f2f35a5e/default_tc.mp3?aid=rss_feed&feed=wgl4xEgL,73468770,5b5a5145-dc20-42a7-8a5b-722fca8562b5
Gary Shiffman on the Economics of Violence,2021-01-18,3544,https://cdn.simplecast.com/audio/6fdba516-8381-43b0-b29f-59d05512b693/episodes/d8ee81d8-3026-480e-98f3-9a97197c07c4/audio/2550c593-bd2c-49db-9921-91594d5d1381/default_tc.mp3?aid=rss_feed&feed=wgl4xEgL,56940591,1b6f961f-9965-4dfe-9755-7d8ebd0d1247
Scott Newstok on How to Think Like Shakespeare,2021-01-25,4152,https://cdn.simplecast.com/audio/6fdba516-8381-43b0-b29f-59d05512b693/episodes/c4e78282-14a6-4470-b6cd-62e3034fc5e9/audio/c30df0f0-6291-4f3d-b3f1-98e50f32e0ec/default_tc.mp3?aid=rss_feed&feed=wgl4xEgL,33323145,f6ad9d63-1042-4e22-838c-de174ee3f0aa
Michael McCullough on the Kindness of Strangers,2021-02-01,4867,https://cdn.simplecast.com/audio/6fdba516-8381-43b0-b29f-59d05512b693/episodes/cec4413c-8fdf-47e2-b2a7-388f3b7ef48b/audio/bd059b26-1111-4f54-9be8-bcb92d74282e/default_tc.mp3?aid=rss_feed&feed=wgl4xEgL,39042500,30b1ca49-2144-46fa-92ce-ebdbd56f150c
"Lamorna Ash on Dark, Salt, Clear",2021-02-08,4461,https://cdn.simplecast.com/audio/6fdba516-8381-43b0-b29f-59d05512b693/episodes/a47748db-d36a-4596-bc65-858636eb2f18/audio/6acf0e29-e34c-4b41-b025-429e2f959131/default_tc.mp3?aid=rss_feed&feed=wgl4xEgL,35792225,101aa13c-b103-4e02-8e6f-41904948c7e5
"Dana Gioia on Learning, Poetry, and Studying with Miss Bishop",2021-02-15,5744,https://cdn.simplecast.com/audio/6fdba516-8381-43b0-b29f-59d05512b693/episodes/e68a3a35-4239-41c9-b94c-6cb46820e462/audio/7026d9bb-0d9d-4637-8033-ca75f795212c/default_tc.mp3?aid=rss_feed&feed=wgl4xEgL,46059213,ccd8168e-c0f0-4203-95e6-ae04943d88e4
John Cochrane on the Pandemic,2021-02-22,4108,https://cdn.simplecast.com/audio/6fdba516-8381-43b0-b29f-59d05512b693/episodes/5c2e069e-23a1-4c30-ba1a-323f0c4f8156/audio/3b338f61-8c2c-4fbe-8479-74b183972795/default_tc.mp3?aid=rss_feed&feed=wgl4xEgL,32969535,870c2e84-4b8e-4bdb-86ac-25858a1d635c
"Michael Munger on Desires, Morality, and Self-Interest",2021-03-01,4455,https://cdn.simplecast.com/audio/6fdba516-8381-43b0-b29f-59d05512b693/episodes/ac3b82bc-aa5d-4325-993f-4722a02080d3/audio/6ec2df14-372e-44d1-8242-9dd1e38d4ac3/default_tc.mp3?aid=rss_feed&feed=wgl4xEgL,71517721,08bb5750-4253-47c0-95bf-4c90acc27fcc
"Leon Kass on Human Flourishing, Living Well, and Aristotle",2021-03-08,4561,https://cdn.simplecast.com/audio/6fdba516-8381-43b0-b29f-59d05512b693/episodes/11d01f9f-dcc8-4c01-87dd-6b4b08de0d64/audio/47d55cd8-6c7c-4105-8d4f-2fb4d3312f83/default_tc.mp3?aid=rss_feed&feed=wgl4xEgL,73213804,350aa043-7f5e-4ad5-8946-be17adfddc70
"Sherry Turkle on Family, Artificial Intelligence, and the Empathy Diaries",2021-03-15,5271,https://cdn.simplecast.com/audio/6fdba516-8381-43b0-b29f-59d05512b693/episodes/765501d7-8733-4a5a-8580-7b8f5fdee6b0/audio/bba04188-f4c9-478e-8ea0-266d5d57ed4b/default_tc.mp3?aid=rss_feed&feed=wgl4xEgL,42272856,8f484d69-40fe-4006-8c0b-c0e871664d0c
Megan McArdle on Catastrophes and the Pandemic,2021-03-22,4724,https://cdn.simplecast.com/audio/6fdba516-8381-43b0-b29f-59d05512b693/episodes/fbb0008c-cdcf-418f-ba4a-47baa3aeb9fc/audio/cd695d32-b6b4-4af5-bd4b-416aa0d1f336/default_tc.mp3?aid=rss_feed&feed=wgl4xEgL,37896796,c3d870e3-b475-43f3-adff-80956b28fe29
"Max Kenner on Crime, Education, and the Bard Prison Initiative",2021-03-29,4047,https://cdn.simplecast.com/audio/6fdba516-8381-43b0-b29f-59d05512b693/episodes/65863ef3-7848-4eca-bfc2-e3899ca74f5b/audio/aa6b1521-1f28-443d-ac9b-ef1a944c3afc/default_tc.mp3?aid=rss_feed&feed=wgl4xEgL,32486748,5110d3a5-dac0-412c-b009-b0dcd71798c9
"Tyler Cowen on the Pandemic, Revisited",2021-04-05,4488,https://cdn.simplecast.com/audio/6fdba516-8381-43b0-b29f-59d05512b693/episodes/bc4702d6-0fa1-4087-8814-3cfbc63e28ca/audio/b3592346-ef2b-4cb0-a987-9039795f8651/default_tc.mp3?aid=rss_feed&feed=wgl4xEgL,36014718,36f9c30c-2c65-4099-a359-ce8790e71eec
Emiliana Simon-Thomas on Happiness,2021-04-12,5521,https://cdn.simplecast.com/audio/6fdba516-8381-43b0-b29f-59d05512b693/episodes/65043d34-1ba2-4cef-b13b-5373c35d1a0f/audio/71fd5ed5-4e65-4053-a591-9955cc944d04/default_tc.mp3?aid=rss_feed&feed=wgl4xEgL,44271916,ad40bc05-1e27-4ece-b69f-023e32a43b01
Mark Rank on Poverty and Poorly Understood,2021-04-19,4127,https://cdn.simplecast.com/audio/6fdba516-8381-43b0-b29f-59d05512b693/episodes/03a583fa-9a3e-4b04-8acc-7502f12ea825/audio/fe6c6b17-a831-4363-a436-8ff38f193f6f/default_tc.mp3?aid=rss_feed&feed=wgl4xEgL,33121190,92b849b8-37a6-434e-afea-9e65a597f674
Roya Hakakian on A Beginner's Guide to America,2021-04-26,4183,https://cdn.simplecast.com/audio/6fdba516-8381-43b0-b29f-59d05512b693/episodes/be8b1442-0f71-4b97-80c3-16203d9a8d79/audio/d4ab888b-8198-4d3a-bd1d-c7f3dd4eb195/default_tc.mp3?aid=rss_feed&feed=wgl4xEgL,33570500,c5d16d02-0d69-4b92-8a6c-cba6800b2cd6
Katy Milkman on How to Change,2021-05-03,4099,https://cdn.simplecast.com/audio/6fdba516-8381-43b0-b29f-59d05512b693/episodes/07b755bc-9b7c-457c-a434-9d6e2a58d734/audio/558a957c-bdd1-48ef-bc79-ec5ef2603edb/default_tc.mp3?aid=rss_feed&feed=wgl4xEgL,32899032,af7d9266-a3c7-4db6-8550-cdbfaa30f4f0
Agnes Callard on Anger,2021-05-10,5126,https://cdn.simplecast.com/audio/6fdba516-8381-43b0-b29f-59d05512b693/episodes/c77426cc-4c58-4f2f-a458-706f0901ba53/audio/a4f98865-7d13-45de-ad4f-3c06e4338291/default_tc.mp3?aid=rss_feed&feed=wgl4xEgL,41115267,849193ec-0a97-49b3-8f0b-9a3b53c3a86e
Julia Galef on the Scout Mindset,2021-05-17,4030,https://cdn.simplecast.com/audio/6fdba516-8381-43b0-b29f-59d05512b693/episodes/c48bfaa3-16d2-4c72-b6fa-1872fe5314b6/audio/6ac12af2-592b-4eb2-ad80-e868a7b78055/default_tc.mp3?aid=rss_feed&feed=wgl4xEgL,64717921,c5416a95-7df0-4b62-a2d6-cbe12e0eb604
Jason Riley on Race in America,2021-05-24,3939,https://cdn.simplecast.com/audio/6fdba516-8381-43b0-b29f-59d05512b693/episodes/11752ffb-643a-4640-a674-a569a7199c68/audio/a68919cf-b913-48c5-bb24-4eef757b048f/default_tc.mp3?aid=rss_feed&feed=wgl4xEgL,31617152,1aa85136-9dac-4635-aa5d-dd1e2c7dc40e
Bruce Meyer on Poverty,2021-05-31,4304,https://cdn.simplecast.com/audio/6fdba516-8381-43b0-b29f-59d05512b693/episodes/f497e7b7-f443-4759-bdd0-90eab889657b/audio/d4abc0a5-ecdf-42f9-8db7-534a8d4c35e2/default_tc.mp3?aid=rss_feed&feed=wgl4xEgL,34535126,f2c30f6e-9fe0-4b5f-a45c-79a41e1614c0
Ian Leslie on Conflicted,2021-06-07,4441,https://cdn.simplecast.com/audio/6fdba516-8381-43b0-b29f-59d05512b693/episodes/c9a5e96c-9237-4593-874d-c015dcb18a3d/audio/32dc50fe-b250-4847-a21f-160141575d90/default_tc.mp3?aid=rss_feed&feed=wgl4xEgL,35634361,f8ace2c5-4eae-48a6-b2a5-f0aa4891f3eb
Donald Shoup on the Economics of Parking,2021-06-14,4113,https://cdn.simplecast.com/audio/6fdba516-8381-43b0-b29f-59d05512b693/episodes/377c3d5a-439f-4ff0-ae34-37b155b2bf41/audio/d3b17af4-cdef-407b-a445-4b6433d7c49e/default_tc.mp3?aid=rss_feed&feed=wgl4xEgL,33014400,475a553d-08f7-4282-a672-30f2e0761879
Anja Shortland on Lost Art,2021-06-21,4333,https://cdn.simplecast.com/audio/6fdba516-8381-43b0-b29f-59d05512b693/episodes/1eb7ec1c-7cf6-46a1-b2bc-a065ff4769c7/audio/2a299d82-9dec-4031-9add-4b130f09b55a/default_tc.mp3?aid=rss_feed&feed=wgl4xEgL,69565824,079cffc7-6c51-42c4-acdb-69bea49273ef
Sebastian Junger on Freedom,2021-06-28,3713,https://cdn.simplecast.com/audio/6fdba516-8381-43b0-b29f-59d05512b693/episodes/c433ccb8-8550-4127-9b37-175b6dbdbcfd/audio/7fb4212b-753c-4163-b891-60b5e8043955/default_tc.mp3?aid=rss_feed&feed=wgl4xEgL,29814909,c2a48aa9-68d0-4585-9320-52edb22179a7
"Claudia Hauer on War, Education, and Strategic Humanism",2021-07-05,4316,https://cdn.simplecast.com/audio/6fdba516-8381-43b0-b29f-59d05512b693/episodes/563ba808-cf30-4bef-b73d-c893d9f49831/audio/84f926fd-9976-4bbe-a6be-68c9fff502cc/default_tc.mp3?aid=rss_feed&feed=wgl4xEgL,34632753,bdc96718-dfe0-4261-ac57-e95e6defd091
Don Boudreaux on the Pandemic,2021-07-12,4253,https://cdn.simplecast.com/audio/6fdba516-8381-43b0-b29f-59d05512b693/episodes/8294897d-8031-4a46-9962-827d447eaa2a/audio/382b943c-c8f1-4d3d-9aa3-287d4e0415f8/default_tc.mp3?aid=rss_feed&feed=wgl4xEgL,34134728,0f3e9203-3e6a-4b08-b7ce-ec2907647a43
Michael Easter on the Comfort Crisis,2021-07-19,4388,https://cdn.simplecast.com/audio/6fdba516-8381-43b0-b29f-59d05512b693/episodes/1fad2843-5302-4a13-87f4-afb1cfcc97ed/audio/14e5fada-9c74-4438-be85-bd3bb5083c7f/default_tc.mp3?aid=rss_feed&feed=wgl4xEgL,70445638,ce194e58-322b-42a4-ae88-ae6e0da58eda
James Heckman on Inequality and Economic Mobility,2021-07-26,5020,https://cdn.simplecast.com/audio/6fdba516-8381-43b0-b29f-59d05512b693/episodes/e61796a0-b5dd-4364-a100-878fedf94266/audio/a80e8e32-a11d-4970-a0da-18fedbc95845/default_tc.mp3?aid=rss_feed&feed=wgl4xEgL,40266001,4afb5845-6dd2-4c2d-a94a-b2e06411fb1a
Jonathan Rauch on the Constitution of Knowledge,2021-08-02,3756,https://cdn.simplecast.com/audio/6fdba516-8381-43b0-b29f-59d05512b693/episodes/9e353334-6935-4114-bb22-2691d92c5dc7/audio/d7965df5-cab9-4673-ac38-12c196fdfa3e/default_tc.mp3?aid=rss_feed&feed=wgl4xEgL,30157029,c85ddc85-85cb-4a3d-a762-22c7d61d9505
Michael Munger on Free Markets,2021-08-09,4216,https://cdn.simplecast.com/audio/6fdba516-8381-43b0-b29f-59d05512b693/episodes/be9fb638-176c-4456-951e-29e06c81e6bf/audio/c58da970-efa3-4e2b-8610-2271b6ea2ab6/default_tc.mp3?aid=rss_feed&feed=wgl4xEgL,33831082,73ff34fb-0d73-4043-962c-9862454313e7
Nicholas Wapshott on Samuelson and Friedman,2021-08-16,4136,https://cdn.simplecast.com/audio/6fdba516-8381-43b0-b29f-59d05512b693/episodes/86c186d3-5d04-4741-b83c-a57273cdf747/audio/bbd1ef21-f4c1-4253-9419-162686a6f28d/default_tc.mp3?aid=rss_feed&feed=wgl4xEgL,33195797,fea0fc0a-5afe-47be-bd01-8a1debf1e097
Michael Heller and James Salzman on Mine!,2021-08-23,4184,https://cdn.simplecast.com/audio/6fdba516-8381-43b0-b29f-59d05512b693/episodes/4608aa12-3dcd-403f-ab8a-88eb1a04537d/audio/f41674b6-b5af-4acf-9e1b-96b5638d7846/default_tc.mp3?aid=rss_feed&feed=wgl4xEgL,33582198,ad19713e-bd5f-4567-b1a7-76e5c2e4cf92
Bret Devereaux on Ancient Greece and Rome,2021-08-30,4611,https://cdn.simplecast.com/audio/6fdba516-8381-43b0-b29f-59d05512b693/episodes/07526ab9-9ed1-4e4e-9a95-eb182b210564/audio/aefbfc4b-e5c8-4f87-b2f5-5c2e5c48f670/default_tc.mp3?aid=rss_feed&feed=wgl4xEgL,36996298,7a9348dc-2850-4cf2-903c-60d808bd7b3a
Johann Hari on Lost Connections,2021-09-06,5722,https://cdn.simplecast.com/audio/6fdba516-8381-43b0-b29f-59d05512b693/episodes/c55fc7a2-2a34-48e4-9373-4b9d58230b6c/audio/63ef09d2-8360-42bc-8664-65a4c02d3b3d/default_tc.mp3?aid=rss_feed&feed=wgl4xEgL,45883981,fb48f5cc-3e35-450e-b32d-f470ef488846
"Glen Weyl on Antitrust, Capitalism, and Radical Reform",2021-09-13,3955,https://cdn.simplecast.com/audio/6fdba516-8381-43b0-b29f-59d05512b693/episodes/ac6b2d4c-2e92-408c-9ad0-aa0ef7f13640/audio/2176ba8b-d752-4d33-80e9-369109c3383b/default_tc.mp3?aid=rss_feed&feed=wgl4xEgL,31750505,5d8ecd3d-dd3a-482e-89ee-00e17f10dc91
David Henderson on the Essential UCLA School of Economics,2021-09-20,4041,https://cdn.simplecast.com/audio/6fdba516-8381-43b0-b29f-59d05512b693/episodes/4a18304f-e358-48cc-9c33-cc517f66f862/audio/3e482d4c-a360-4a1b-af1f-f7515bd0fa61/default_tc.mp3?aid=rss_feed&feed=wgl4xEgL,32432617,31c3cd3e-7e2c-400f-a7ec-4737b8a6d99d
Noreena Hertz on the Lonely Century,2021-09-27,3906,https://cdn.simplecast.com/audio/6fdba516-8381-43b0-b29f-59d05512b693/episodes/92516cf3-7376-4804-8743-197c74f38277/audio/a10b784d-4270-4f03-b9e6-7f1882a2273b/default_tc.mp3?aid=rss_feed&feed=wgl4xEgL,31355097,b6033ac7-5571-47a0-a48c-17ef3a7a832d
Arnold Kling on Reforming Government and Expertise,2021-10-04,3839,https://cdn.simplecast.com/audio/6fdba516-8381-43b0-b29f-59d05512b693/episodes/d9a9a742-193a-4de8-b432-fc66aa3e4f50/audio/10bca41f-9d6f-425c-b250-f829c25ab67b/default_tc.mp3?aid=rss_feed&feed=wgl4xEgL,30817198,58520133-b421-4774-98cb-bdc4c4614687
"Sam Quinones on Meth, Fentanyl, and the Least of Us",2021-10-11,4932,https://cdn.simplecast.com/audio/6fdba516-8381-43b0-b29f-59d05512b693/episodes/955bbb8c-627b-459f-a78d-57fe059aeb56/audio/090e4df3-242b-4da5-a89a-81b93e60c6de/default_tc.mp3?aid=rss_feed&feed=wgl4xEgL,39560488,eb249353-38c8-4a3c-b32a-b8dbab16eb1c
Rowan Jacobsen on Truffle Hound,2021-10-18,4063,https://cdn.simplecast.com/audio/6fdba516-8381-43b0-b29f-59d05512b693/episodes/fa50bdfb-5a5a-40a9-8c66-8cd6d5d4f97b/audio/9faba8b2-bfa5-40f5-8a7c-cc6f204e4a68/default_tc.mp3?aid=rss_feed&feed=wgl4xEgL,32611478,793985cd-952c-48eb-9f9b-8b682d7abe36
"Paul Bloom on Happiness, Suffering, and the Sweet Spot",2021-10-25,4143,https://cdn.simplecast.com/audio/6fdba516-8381-43b0-b29f-59d05512b693/episodes/0fd17aac-ae4a-4e0e-a472-beff4fb9b806/audio/89fe2ced-b364-4f3d-975e-5246e5495a6e/default_tc.mp3?aid=rss_feed&feed=wgl4xEgL,33250561,9e50699e-94f1-4a85-87b2-67e118de3dd3
"Jennifer Frey on Education, Philosophy, and the University",2021-11-01,3953,https://cdn.simplecast.com/audio/6fdba516-8381-43b0-b29f-59d05512b693/episodes/ee4e20b5-cd12-47db-bd67-d486f347f462/audio/5e1a6b4b-048e-4069-8c2b-00e8fdb25b45/default_tc.mp3?aid=rss_feed&feed=wgl4xEgL,31729402,cd43098f-33f9-4bcd-a0be-f8411b7fd794
Sandra Faber on the Future of the Earth,2021-11-08,5336,https://cdn.simplecast.com/audio/6fdba516-8381-43b0-b29f-59d05512b693/episodes/99e032c5-a803-4239-be20-0ce6084beec6/audio/ae59c400-48e4-4848-bf5d-8994a2ba0b95/default_tc.mp3?aid=rss_feed&feed=wgl4xEgL,42795689,b72f0cc6-d793-4a07-b18e-6d8465c5168e
Emily Oster on the Family Firm,2021-11-15,3732,https://cdn.simplecast.com/audio/6fdba516-8381-43b0-b29f-59d05512b693/episodes/17651db9-ae1e-4394-9b0f-d4313bc5e15c/audio/bfee8fcd-9e5d-4c56-b48a-01aa9b310a5b/default_tc.mp3?aid=rss_feed&feed=wgl4xEgL,59962798,7e99b33b-6578-4ae5-a122-ad33cefbf224
Eric Jacobus on the Art and Science of Violence,2021-11-22,5239,https://cdn.simplecast.com/audio/6fdba516-8381-43b0-b29f-59d05512b693/episodes/1997dd87-f0c6-45b1-8519-866c4edda8bd/audio/543906eb-bfab-4ff9-8611-69bb42cfba32/default_tc.mp3?aid=rss_feed&feed=wgl4xEgL,84074880,1977f7d6-6e14-4553-b52c-68724504b6a6
"Nina Kraus on Hearing, Noise, and Of Sound Mind",2021-11-29,4347,https://cdn.simplecast.com/audio/6fdba516-8381-43b0-b29f-59d05512b693/episodes/a673cccf-d743-4a82-919d-c7260a156916/audio/8760bc1c-ad00-47d7-a36d-4b482e0dbae7/default_tc.mp3?aid=rss_feed&feed=wgl4xEgL,69799066,158063a3-d61b-468c-af75-e64483f8cc57
Michael Faye and Paul Niehaus on GiveDirectly,2021-12-06,4446,https://cdn.simplecast.com/audio/6fdba516-8381-43b0-b29f-59d05512b693/episodes/f45a1a18-5337-4a16-ae98-f61ef86a6f74/audio/7f5e7e27-13a4-4eb8-bd67-023ba658a2b1/default_tc.mp3?aid=rss_feed&feed=wgl4xEgL,71374770,e9427209-86bb-4ef2-9056-de6b005eff47
Frank Rose on Internet Narratives,2021-12-13,4115,https://cdn.simplecast.com/audio/6fdba516-8381-43b0-b29f-59d05512b693/episodes/b97cc70f-df3b-487c-8bd3-94dd16201be3/audio/9324f1df-4425-48bf-a632-fc3ed236f5e4/default_tc.mp3?aid=rss_feed&feed=wgl4xEgL,66085067,c88b3bb5-59cc-4137-975b-efd825fa8fa3
Michael Munger on Constitutions,2021-12-20,3989,https://cdn.simplecast.com/audio/6fdba516-8381-43b0-b29f-59d05512b693/episodes/c6459c10-928a-4152-97dd-41031ad1fa47/audio/77d36f92-3854-473a-b432-40663e8a09c3/default_tc.mp3?aid=rss_feed&feed=wgl4xEgL,64067158,985baad8-c9dc-4091-a111-4fd0498cd43e
"Megan McArdle on Belonging, Home, and National Identity",2021-12-27,4837,https://cdn.simplecast.com/audio/6fdba516-8381-43b0-b29f-59d05512b693/episodes/03bed2d6-3ade-49f9-b324-51cce5eef195/audio/62793df4-b072-42e2-940e-2105bd65ef3d/default_tc.mp3?aid=rss_feed&feed=wgl4xEgL,77630793,675ae7f7-3618-49df-934f-d5a464b1448d
"Lorne Buchman on Creativity, Leadership, and Art",2022-01-03,4154,https://cdn.simplecast.com/audio/6fdba516-8381-43b0-b29f-59d05512b693/episodes/ee5d7df0-1c14-4639-b92d-2714ef49d4f5/audio/efc4a9cf-a720-4369-b3a1-e1eac14f3f10/default_tc.mp3?aid=rss_feed&feed=wgl4xEgL,66714528,e7c85157-256a-43fa-8a70-4556662e2142
Gregory Zuckerman on the Crazy Race to Create the COVID Vaccine,2022-01-10,4975,https://cdn.simplecast.com/audio/6fdba516-8381-43b0-b29f-59d05512b693/episodes/852d8a64-ba32-454a-aa6c-d91d6ada41eb/audio/495f2e24-e2f2-49ac-a611-3e11f3e27169/default_tc.mp3?aid=rss_feed&feed=wgl4xEgL,79848911,d347fb1e-9f60-4c1b-a998-b2b663e7747c
"Tyler Cowen and Russ Roberts on Nation, Immigration, and Israel",2022-01-17,4594,https://cdn.simplecast.com/audio/6fdba516-8381-43b0-b29f-59d05512b693/episodes/6a7cca64-ec70-43f7-9074-6d403828186c/audio/2365d513-303e-4a03-88af-44f3143937c8/default_tc.mp3?aid=rss_feed&feed=wgl4xEgL,73749632,61eb318e-0be4-4051-9d1a-502d13733a9f
Penny Lane on Loving and Loathing Kenny G,2022-01-24,5116,https://cdn.simplecast.com/audio/6fdba516-8381-43b0-b29f-59d05512b693/episodes/1782c709-e443-49c9-9d13-c62a7c3bde77/audio/e9610c0f-4346-4bc7-a51e-a3fd7f7c7243/default_tc.mp3?aid=rss_feed&feed=wgl4xEgL,82103361,39324cbb-4724-407e-8615-99aea1e5561b
"Moshe Koppel on Norms, Tradition, and Resilient Societies",2022-01-31,4162,https://cdn.simplecast.com/audio/6fdba516-8381-43b0-b29f-59d05512b693/episodes/5ca859cb-2938-4df2-8ac3-373ad4aab03c/audio/51b60c7d-4878-46e1-9499-379dff976ce1/default_tc.mp3?aid=rss_feed&feed=wgl4xEgL,66842851,9f1b76b1-d5cb-4567-a150-034e5eaaea4e
"John Taylor on Inflation, the Fed, and the Taylor Rule",2022-02-07,3914,https://cdn.simplecast.com/audio/6fdba516-8381-43b0-b29f-59d05512b693/episodes/45ac59e4-b5e9-4c61-a72c-22a5f0d9080f/audio/feec4465-c0a4-4100-bf95-50bfb51536d8/default_tc.mp3?aid=rss_feed&feed=wgl4xEgL,62874743,fd24585b-08d1-4e28-9de4-f05dbc1e74df
"Michael Eisenberg on the Start-Up Nation, Storytelling, and the Power of Technology",2022-02-14,4291,https://cdn.simplecast.com/audio/6fdba516-8381-43b0-b29f-59d05512b693/episodes/d1fb1423-6613-426e-a90d-e5af54c8bfde/audio/6bee3874-e2c3-429b-bb02-c4c8eb99b09d/default_tc.mp3?aid=rss_feed&feed=wgl4xEgL,68903417,498baf46-96b0-4c38-9459-34ea2f0366ea
"Luca Dellanna on Compulsion, Self-deception, and the Brain",2022-02-21,4672,https://cdn.simplecast.com/audio/6fdba516-8381-43b0-b29f-59d05512b693/episodes/a1b60752-ca5e-4c93-9c9c-1b9da76604d0/audio/d2f7b9d8-392b-4823-aab2-0e3b1e2fbe57/default_tc.mp3?aid=rss_feed&feed=wgl4xEgL,74996400,e23cefa2-c114-47f0-a0e4-d090e99ecdf4
Tamar Haspel on First-Hand Food,2022-02-28,3897,https://cdn.simplecast.com/audio/6fdba516-8381-43b0-b29f-59d05512b693/episodes/5e1799df-eb0f-4da0-8a7f-21ed88fee5fd/audio/8dbc2847-79f9-4830-b273-be2a3e8a134b/default_tc.mp3?aid=rss_feed&feed=wgl4xEgL,62601375,c5790f63-1c4c-45cb-a172-8d27fba6b878
Angela Duckworth on Character,2022-03-07,3936,https://cdn.simplecast.com/audio/6fdba516-8381-43b0-b29f-59d05512b693/episodes/05063a65-6f7b-4a2a-acca-9657f5dd4138/audio/3f678e06-e545-4656-9032-f2d2013a26f9/default_tc.mp3?aid=rss_feed&feed=wgl4xEgL,63225386,92009f18-ddcf-4f7d-a154-9cd131c7e7f5
Maxine Clark on Building the Build-a-Bear Workshop,2022-03-14,3830,https://cdn.simplecast.com/audio/6fdba516-8381-43b0-b29f-59d05512b693/episodes/ed5eec73-e38e-4ec1-ace4-dab555356a03/audio/cece622a-15b4-4d10-bae3-985e4a376440/default_tc.mp3?aid=rss_feed&feed=wgl4xEgL,61525976,63a23205-6a3c-4b7d-85e7-4c994ded830d
Robert Pindyck on Averting and Adapting to Climate Change,2022-03-21,4236,https://cdn.simplecast.com/audio/6fdba516-8381-43b0-b29f-59d05512b693/episodes/07ce2fe4-e8f0-4b19-aff0-e3a6702c6e69/audio/f3d8564f-9454-4ff8-91b3-b81fa864158b/default_tc.mp3?aid=rss_feed&feed=wgl4xEgL,68013973,ff9495a8-19d4-4028-9395-b587b447f9dd
Pano Kanelos on Education and UATX,2022-03-28,4490,https://cdn.simplecast.com/audio/6fdba516-8381-43b0-b29f-59d05512b693/episodes/cbde5033-18aa-42c7-9a0a-0c9992587417/audio/90249304-da16-45f6-8a39-b7465873842f/default_tc.mp3?aid=rss_feed&feed=wgl4xEgL,72079021,0d4d1182-b737-4719-a21a-9aaec7de1b62
"Richard Gunderman on Greed, Adam Smith, and Leo Tolstoy",2022-04-04,3914,https://cdn.simplecast.com/audio/6fdba516-8381-43b0-b29f-59d05512b693/episodes/036f483b-34af-4af7-937f-ab73989f4ab6/audio/99a32ef4-d344-4570-94b5-8a1ce96573b2/default_tc.mp3?aid=rss_feed&feed=wgl4xEgL,62868475,fb187b3c-8ff1-4cdb-8236-6ef18f231cef
Russ Roberts on Education,2022-04-11,3663,https://cdn.simplecast.com/audio/6fdba516-8381-43b0-b29f-59d05512b693/episodes/0f880609-ad86-408e-ab92-08c79c1ae88c/audio/a221eb89-6260-4c8d-9caf-76f28a3df8a9/default_tc.mp3?aid=rss_feed&feed=wgl4xEgL,58850185,67d57e5d-e2d7-4fa2-b795-5693f68c2adc
Tyler Cowen on Reading,2022-04-18,4126,https://cdn.simplecast.com/audio/6fdba516-8381-43b0-b29f-59d05512b693/episodes/3e76af08-7472-4b26-848f-8c50d3d6f1a6/audio/a9263240-7a79-48a2-9aa2-9d613f8d9b1c/default_tc.mp3?aid=rss_feed&feed=wgl4xEgL,66260599,24fcd910-3e30-4ed6-8f8c-23c5c13b36a2
Michael Munger on Antitrust,2022-04-25,4945,https://cdn.simplecast.com/audio/6fdba516-8381-43b0-b29f-59d05512b693/episodes/3d09fb92-d261-47a9-92cb-d29400b386b4/audio/0a00065a-272c-423f-8f5e-1c031f51699b/default_tc.mp3?aid=rss_feed&feed=wgl4xEgL,79356519,3df27a7d-bbd4-4f17-8f4d-fd6404807ce9
"Dwayne Betts on Ellison, Levi, and Human Suffering",2022-05-02,5019,https://cdn.simplecast.com/audio/6fdba516-8381-43b0-b29f-59d05512b693/episodes/ad080f49-207d-4e01-a969-d0d61ffc6a1b/audio/e3023bd2-7c95-4b58-bf5f-aa3b95acead1/default_tc.mp3?aid=rss_feed&feed=wgl4xEgL,80551487,856c3bd7-d7eb-444f-b261-d079b03e43fe
Chris Blattman on Why We Fight,2022-05-09,4115,https://cdn.simplecast.com/audio/6fdba516-8381-43b0-b29f-59d05512b693/episodes/c3c368be-047e-4af3-be99-771bfd0e7a19/audio/485ac730-baf8-4d7d-b054-51e4fd8a62c8/default_tc.mp3?aid=rss_feed&feed=wgl4xEgL,66077123,49b2b6d1-3481-4828-a699-07fae04eec3b
"Marc Andreessen on Software, Immortality, and Bitcoin",2022-05-16,4428,https://cdn.simplecast.com/audio/6fdba516-8381-43b0-b29f-59d05512b693/episodes/e66581f0-ea91-4965-ae38-65173f1ce56b/audio/4f92ec1f-835b-4346-bcd7-afc242c5cd04/default_tc.mp3?aid=rss_feed&feed=wgl4xEgL,71090984,9141f1ea-6c1e-473d-8d26-683e4c2e7b0f
"Diane Coyle on Cogs, Monsters, and Better Economics",2022-05-23,3769,https://cdn.simplecast.com/audio/6fdba516-8381-43b0-b29f-59d05512b693/episodes/6bec749a-209e-4aa3-8c59-200315168136/audio/836fca0c-0c20-48f2-81ab-fe1de2ed43f5/default_tc.mp3?aid=rss_feed&feed=wgl4xEgL,60543782,b932e49e-fe9f-4992-84a3-e133c566ba5a
Ian Leslie on Curiosity,2022-05-30,4025,https://cdn.simplecast.com/audio/6fdba516-8381-43b0-b29f-59d05512b693/episodes/80c8e640-c4fc-4895-b1c9-db8f908dd433/audio/317a88b6-0bea-4f10-85ab-567f8be97c96/default_tc.mp3?aid=rss_feed&feed=wgl4xEgL,64636410,48762447-96ee-4e87-8120-b08f8b187a5d
Matti Friedman on Leonard Cohen and the Yom Kippur War,2022-06-06,4142,https://cdn.simplecast.com/audio/6fdba516-8381-43b0-b29f-59d05512b693/episodes/bbb7c1e2-7897-408b-9fe0-059a7441a9ee/audio/eb19efa8-d371-480e-bd3a-ebe0ae9f9010/default_tc.mp3?aid=rss_feed&feed=wgl4xEgL,66512242,de9bd0ae-41e6-4e9d-b277-d2ab9aa15d6e
"Sridhar Ramaswamy on Google, Search, and Neeva",2022-06-13,3664,https://cdn.simplecast.com/audio/6fdba516-8381-43b0-b29f-59d05512b693/episodes/66323731-5e16-4e55-949e-0e5ae2941bbc/audio/1f7d01c3-d8cd-40fa-8b2a-b65c6c9f0c87/default_tc.mp3?aid=rss_feed&feed=wgl4xEgL,58864417,51e9caff-518f-41ff-aff9-b6e8101e8118
Roosevelt Montás on Rescuing Socrates,2022-06-20,4823,https://cdn.simplecast.com/audio/6fdba516-8381-43b0-b29f-59d05512b693/episodes/3ff06635-cd6a-4502-8b16-747548e816db/audio/ece57657-4a2e-4ab4-bf72-6fefead2ba32/default_tc.mp3?aid=rss_feed&feed=wgl4xEgL,77412184,9203c5e2-d4b3-4591-b218-e4b5d83cca87
A.J. Jacobs on Solving Life's Puzzles,2022-06-27,4119,https://cdn.simplecast.com/audio/6fdba516-8381-43b0-b29f-59d05512b693/episodes/fca2903b-4edc-477f-ac97-37019f55ed12/audio/d3fc5a29-f119-4115-ab9c-bb3df876b3d5/default_tc.mp3?aid=rss_feed&feed=wgl4xEgL,66152362,e46a1c79-fcb4-43d6-b5c5-aa59866f2447
Ran Abramitzky and Leah Boustan on Immigration Then and Now,2022-07-04,4434,https://cdn.simplecast.com/audio/6fdba516-8381-43b0-b29f-59d05512b693/episodes/19418ce0-68a7-4109-8b1d-6a58c80b9406/audio/64feb5a8-d674-4fc1-83e8-dedd6c04975a/default_tc.mp3?aid=rss_feed&feed=wgl4xEgL,71193808,879ee86a-cd1f-42d7-b117-a148bf5bb9c6
"Nassim Nicholas Taleb on the Nations, States, and Scale",2022-07-11,3916,https://cdn.simplecast.com/audio/6fdba516-8381-43b0-b29f-59d05512b693/episodes/d5c4e17f-f20d-46ff-80fb-1e63d698073d/audio/73803947-93d3-4306-8a95-ce665f901a66/default_tc.mp3?aid=rss_feed&feed=wgl4xEgL,62892299,25463603-1678-413e-ba0e-ea3eadc54381
Vinay Prasad on the Pandemic,2022-07-18,5237,https://cdn.simplecast.com/audio/6fdba516-8381-43b0-b29f-59d05512b693/episodes/dd3f7276-5ef2-4205-b6d1-120fb8927919/audio/2e3be9bb-7ed7-4afe-8005-1deb9b0975bd/default_tc.mp3?aid=rss_feed&feed=wgl4xEgL,84033901,fbb3e9dd-52bb-435d-9baf-1589e40c4ade
"John List on Scale, Uber, and the Voltage Effect",2022-07-25,3652,https://cdn.simplecast.com/audio/6fdba516-8381-43b0-b29f-59d05512b693/episodes/986e7847-4e7e-4bc6-b90f-fec9c3a522c4/audio/1bc37500-e550-4a5e-a214-664f6ac66cc9/default_tc.mp3?aid=rss_feed&feed=wgl4xEgL,58673830,be721e24-e344-49b2-9696-d37775310379
Gerd Gigerenzer on How to Stay Smart in a Smart World,2022-08-01,4112,https://cdn.simplecast.com/audio/6fdba516-8381-43b0-b29f-59d05512b693/episodes/8ac57e19-21e9-45f1-be27-944c4f30e1ac/audio/34cdec00-1270-429e-9361-8e2a1d931e0b/default_tc.mp3?aid=rss_feed&feed=wgl4xEgL,66033678,d4c96ae7-4bc6-427a-b4b2-f03a3f24e6d9
Russ Roberts and Mike Munger on Wild Problems,2022-08-08,4640,https://cdn.simplecast.com/audio/6fdba516-8381-43b0-b29f-59d05512b693/episodes/d0ad3dc4-129a-4508-b8c5-b976a88a8e04/audio/5c3d0a3c-a852-4fed-a85e-5634f72d02a7/default_tc.mp3?aid=rss_feed&feed=wgl4xEgL,74487139,1951ede3-e7db-4e22-b90b-b20efa7ae6dd
Tyler Cowen on Talent,2022-08-15,3700,https://cdn.simplecast.com/audio/6fdba516-8381-43b0-b29f-59d05512b693/episodes/f3f90636-0360-440d-bfce-4beda8e83b7f/audio/dacecc5e-8526-4636-89bd-27e40a5b8771/default_tc.mp3?aid=rss_feed&feed=wgl4xEgL,59442430,a6cf7329-4ddf-4d4b-84c3-5ee69c732320
Raj Chetty on Economic Mobility,2022-08-22,4754,https://cdn.simplecast.com/audio/6fdba516-8381-43b0-b29f-59d05512b693/episodes/95487b75-45e2-45e0-b3d2-38283303b492/audio/deca0379-e3ef-429a-b571-e407397cbedc/default_tc.mp3?aid=rss_feed&feed=wgl4xEgL,76315452,680b986e-2ab1-49c5-bdee-1cac5d7b0edd
Amor Towles on A Gentleman in Moscow and the Writer's Craft,2022-08-29,4786,https://cdn.simplecast.com/audio/6fdba516-8381-43b0-b29f-59d05512b693/episodes/3a4cc2c5-2529-4fb2-b7ca-3e179d9e0067/audio/00f3800f-1b5b-4534-af64-d4d10fa89471/default_tc.mp3?aid=rss_feed&feed=wgl4xEgL,76819121,79693d36-3470-43b2-9f2b-533344f5699f
Will MacAskill on Longtermism and What We Owe the Future,2022-09-05,4582,https://cdn.simplecast.com/audio/6fdba516-8381-43b0-b29f-59d05512b693/episodes/da00cbc5-537d-473e-a95d-398d5214a1e7/audio/15294365-ff8d-449c-8f1b-103cdfbf342e/default_tc.mp3?aid=rss_feed&feed=wgl4xEgL,73558618,053144da-6a2b-4e62-9785-c7376f71fe6b
David McRaney on How Minds Change,2022-09-12,5297,https://cdn.simplecast.com/audio/6fdba516-8381-43b0-b29f-59d05512b693/episodes/cd2cdab9-df7c-4f60-a041-c3f7ba8bc23f/audio/1b72a2e4-c1e7-4138-a0a5-0e15c84867e6/default_tc.mp3?aid=rss_feed&feed=wgl4xEgL,85002981,2f5f7e58-9519-445d-9a97-91f95c195d23
Kieran Setiya on Midlife,2022-09-19,5989,https://cdn.simplecast.com/audio/6fdba516-8381-43b0-b29f-59d05512b693/episodes/956fe479-14a6-42a5-8c02-8ad9570d669c/audio/a1943b20-d451-4483-ab50-99b6f67737a4/default_tc.mp3?aid=rss_feed&feed=wgl4xEgL,96080980,b5b55903-12f6-46b6-b5b0-e575497b544a
"Erik Hoel on Effective Altruism, Utilitarianism, and the Repugnant Conclusion",2022-09-26,4621,https://cdn.simplecast.com/audio/6fdba516-8381-43b0-b29f-59d05512b693/episodes/11aa3a59-12d2-42ce-92a5-01a3117b1740/audio/171803c0-e43a-44f8-bdad-d545a82d6b42/default_tc.mp3?aid=rss_feed&feed=wgl4xEgL,74188111,3ed444bd-d364-4573-8f96-c96145729a13
Sonat Birnecker Hart on Whiskey,2022-10-03,5343,https://cdn.simplecast.com/audio/6fdba516-8381-43b0-b29f-59d05512b693/episodes/cd6b5f99-1325-417a-a437-7eb101226b71/audio/770be0b8-f6e9-4acd-a758-ffcebb01dcf0/default_tc.mp3?aid=rss_feed&feed=wgl4xEgL,85753574,c325e99e-9a28-48a1-bb7e-b2719e0d81fd
Roland Fryer on Educational Reform,2022-10-10,4394,https://cdn.simplecast.com/audio/6fdba516-8381-43b0-b29f-59d05512b693/episodes/bdbb3f98-1c5d-4664-af93-d065e9d09b6b/audio/4d45db6d-8347-41a9-85ce-9dc4ac167144/default_tc.mp3?aid=rss_feed&feed=wgl4xEgL,70563749,94e8b132-2f90-46b4-994a-22a3cc248275
"Devon Zuegel on Inflation, Argentina, and Crypto",2022-10-17,3828,https://cdn.simplecast.com/audio/6fdba516-8381-43b0-b29f-59d05512b693/episodes/88d551a5-f95c-4004-87a4-db2919ca18fb/audio/81aa9972-0256-4bfb-97cb-079a31a585c9/default_tc.mp3?aid=rss_feed&feed=wgl4xEgL,61515566,576cbb99-8078-4d10-838d-178c138f708f
Ryan Holiday on Discipline Is Destiny,2022-10-24,4260,https://cdn.simplecast.com/audio/6fdba516-8381-43b0-b29f-59d05512b693/episodes/de31e7d0-3cee-4bf5-890c-a6d97775a884/audio/2284f4e2-c948-4be6-9adb-f840a250771a/default_tc.mp3?aid=rss_feed&feed=wgl4xEgL,68425674,ee9065fe-322f-45a9-a800-4f16714bddc4
Michael Munger on Industrial Policy,2022-10-31,4176,https://cdn.simplecast.com/audio/6fdba516-8381-43b0-b29f-59d05512b693/episodes/fb46317c-6a98-4ec3-8940-02b29708f544/audio/942400d1-9478-4360-b76b-0f645650681f/default_tc.mp3?aid=rss_feed&feed=wgl4xEgL,67084832,2faf0443-7d93-4cf5-b479-14775c27cb7d
"Jessica Todd Harper on Beauty, Family, and Photography",2022-11-07,4936,https://cdn.simplecast.com/audio/6fdba516-8381-43b0-b29f-59d05512b693/episodes/977ff6a8-07c0-4b85-a22a-16d3db418783/audio/8d23282c-ef74-4328-b5aa-0cac2c3d47ef/default_tc.mp3?aid=rss_feed&feed=wgl4xEgL,79242821,cfd9fb6a-fedb-4ea1-9325-b7f4ba7f0943
"Agnes Callard on Meaning, the Human Quest, and the Aims of Education",2022-11-14,4872,https://cdn.simplecast.com/audio/6fdba516-8381-43b0-b29f-59d05512b693/episodes/8b7793ce-9948-410d-92ec-5e0a56824273/audio/91587858-6fe9-4dc9-9935-3b3126c002b1/default_tc.mp3?aid=rss_feed&feed=wgl4xEgL,78220048,2aa9f22a-963d-4002-a25b-81a5b1bc694a
Johnathan Bi on Mimesis and René Girard,2022-11-21,4306,https://cdn.simplecast.com/audio/6fdba516-8381-43b0-b29f-59d05512b693/episodes/196da025-f187-419c-b1fd-4fe4b831275e/audio/6074bffb-dc66-481d-bf4d-8b5ac6b3faf5/default_tc.mp3?aid=rss_feed&feed=wgl4xEgL,69166112,75c0281e-87f2-468b-99eb-f9fa862d942d
Annie Duke on the Power of Quitting,2022-11-28,4939,https://cdn.simplecast.com/audio/6fdba516-8381-43b0-b29f-59d05512b693/episodes/a464c81c-2342-4265-874a-91a85c548398/audio/aca09cad-7f11-4830-8b58-0a103fc8c134/default_tc.mp3?aid=rss_feed&feed=wgl4xEgL,79288499,b37fe950-45d3-4f4f-bf72-461d64e78ecf
Patrick House on Consciousness,2022-12-05,5289,https://cdn.simplecast.com/audio/6fdba516-8381-43b0-b29f-59d05512b693/episodes/14bbb857-2fa4-41a0-9b27-1a624838b067/audio/6b2fdaa5-b2bc-4133-874c-099854ea509a/default_tc.mp3?aid=rss_feed&feed=wgl4xEgL,84885278,b4e1adef-fad0-48db-95e1-f5c815ac6f61
Monica Guzman on Curiosity and Conversation in Contentious Times,2022-12-12,4225,https://cdn.simplecast.com/audio/6fdba516-8381-43b0-b29f-59d05512b693/episodes/748a83e1-924c-4733-9b01-7ea20631f43a/audio/5151e689-2191-4235-9a23-544342396d56/default_tc.mp3?aid=rss_feed&feed=wgl4xEgL,67869085,5e627bcf-8d28-411d-b9e5-5eb209a00108
"Arnold Kling on Twitter, FTX, and ChatGPT",2022-12-19,3627,https://cdn.simplecast.com/audio/6fdba516-8381-43b0-b29f-59d05512b693/episodes/a62eb19c-acac-46f1-823a-28a08aaa5a0b/audio/94adf085-e1b1-428f-a485-82b7019236de/default_tc.mp3?aid=rss_feed&feed=wgl4xEgL,29122648,4fec1e2e-6b97-4142-bb99-8cb4b285eff7
Judge Glock on Zoning and Local Government,2022-12-26,3635,https://cdn.simplecast.com/audio/6fdba516-8381-43b0-b29f-59d05512b693/episodes/dfb35c94-c614-4c1d-bd54-825731ee781a/audio/d97c0575-d5a8-4abc-943f-21470e7a60a8/default_tc.mp3?aid=rss_feed&feed=wgl4xEgL,58432136,affbfd9b-d886-4408-95cb-218a33605032
Hannah Ritchie on Eating Local,2023-01-02,3641,https://cdn.simplecast.com/audio/6fdba516-8381-43b0-b29f-59d05512b693/episodes/9087fdc0-71a7-468a-bcc9-e9ac8c216d88/audio/76ab1d27-04f3-41d1-ac60-59e5581dc941/default_tc.mp3?aid=rss_feed&feed=wgl4xEgL,58521603,35b5d2de-739b-4af0-bf61-1c6292b642a7
Ian Leslie on Being Human in the Age of AI,2023-01-09,3436,https://cdn.simplecast.com/audio/6fdba516-8381-43b0-b29f-59d05512b693/episodes/5e859778-f00c-4139-8e50-67c48f275ae3/audio/668962b0-79c4-4c29-a3ba-c8be5db8dd06/default_tc.mp3?aid=rss_feed&feed=wgl4xEgL,55247323,68a74228-eb5a-4b54-bdaf-d38da99840f4
"Tiffany Jenkins on Plunder, Museums, and Marbles",2023-01-16,4364,https://cdn.simplecast.com/audio/6fdba516-8381-43b0-b29f-59d05512b693/episodes/6fc7388c-89cd-4bb9-91fa-d86f50ce755e/audio/d2a82fef-5598-487d-aa26-74e61aa13927/default_tc.mp3?aid=rss_feed&feed=wgl4xEgL,70092543,7ba52fa3-8247-4ab8-9df1-93dc235ba51b
"Dwayne Betts on Beauty, Prison, and Redaction",2023-01-23,4978,https://cdn.simplecast.com/audio/6fdba516-8381-43b0-b29f-59d05512b693/episodes/b2025a58-c8ec-4283-bc4c-04068318d5b0/audio/435f7f9d-6861-43f0-90c0-8a1bf79e944c/default_tc.mp3?aid=rss_feed&feed=wgl4xEgL,79916273,5ca699bc-3b07-448e-b116-c44a645f41a6
"Vinay Prasad on Pharmaceuticals, the FDA, and the Death of Duty",2023-01-30,4152,https://cdn.simplecast.com/audio/6fdba516-8381-43b0-b29f-59d05512b693/episodes/f76b9104-c81c-466b-8ce4-c84b4e1d8d85/audio/256a1b47-b02f-4161-abbb-872a4fd78aa4/default_tc.mp3?aid=rss_feed&feed=wgl4xEgL,66694609,f1590213-4f35-4e5a-9ae9-f0517e1298cb
"Sam Harris on Meditation, Mindfulness, and Morality",2023-02-06,6667,https://cdn.simplecast.com/audio/6fdba516-8381-43b0-b29f-59d05512b693/episodes/9fc07664-2cc5-40d8-a408-621ba91eed8f/audio/2e80ff8e-2ca7-439d-867f-951ef6a5d0b9/default_tc.mp3?aid=rss_feed&feed=wgl4xEgL,106942871,c577a1d0-ea6f-4fd2-8501-6571859430e8
Adam Mastroianni on Peer Review and the Academic Kitchen,2023-02-13,3998,https://cdn.simplecast.com/audio/6fdba516-8381-43b0-b29f-59d05512b693/episodes/e991fe3d-9e14-42d4-9285-32c309bdd01c/audio/a7db11dc-9005-4da1-87c4-d4323891cb7b/default_tc.mp3?aid=rss_feed&feed=wgl4xEgL,64228702,d44389dd-d726-4876-89e7-0e20512f05c8
Marco Ramos on Misunderstanding Mental Illness,2023-02-20,5326,https://cdn.simplecast.com/audio/6fdba516-8381-43b0-b29f-59d05512b693/episodes/235a919f-5b5a-42f8-884f-68d5ce6aac45/audio/39a1fffd-dd03-4aa4-b012-2be071c51cd1/default_tc.mp3?aid=rss_feed&feed=wgl4xEgL,85479876,94aee147-a86a-4617-9fa2-c20f98726343
"Paul Bloom on Psych, Psychology, and the Human Mind",2023-02-27,4421,https://cdn.simplecast.com/audio/6fdba516-8381-43b0-b29f-59d05512b693/episodes/ff7d7d95-6ab2-45ce-8f30-520cca5a97b9/audio/c538d0fa-7d2b-423f-a296-c7c1483e1694/default_tc.mp3?aid=rss_feed&feed=wgl4xEgL,71010645,06e29e81-c422-4729-9044-9fd7db1009ef
Omer Moav on the Emergence of the State,2023-03-06,3728,https://cdn.simplecast.com/audio/6fdba516-8381-43b0-b29f-59d05512b693/episodes/8dc700cc-4a12-42fb-86c6-12f75fc93fd9/audio/20a0a876-c494-4ffb-8c41-61e48430de12/default_tc.mp3?aid=rss_feed&feed=wgl4xEgL,59922610,e04aa1bb-fa99-4ee3-8385-f2947190cd40
Zach Weinersmith on Beowulf and Bea Wolf,2023-03-13,3792,https://cdn.simplecast.com/audio/6fdba516-8381-43b0-b29f-59d05512b693/episodes/78e5ae5c-9333-49b7-97ea-424278e644cf/audio/6879cc2b-1ed3-443a-ae25-047d54b64452/default_tc.mp3?aid=rss_feed&feed=wgl4xEgL,60942474,ddfa8127-bb22-4ac2-8c5d-5eebe62e721a
Megan McArdle on the Oedipus Trap,2023-03-20,4478,https://cdn.simplecast.com/audio/6fdba516-8381-43b0-b29f-59d05512b693/episodes/4908465e-f581-4d96-ba41-42449cb28f2c/audio/10ceef93-150a-4d5c-924b-c1c4f61f4234/default_tc.mp3?aid=rss_feed&feed=wgl4xEgL,71922212,d0d61c22-7d63-4a1e-b077-ac82eced3344
"Kevin Kelly on Advice, AI, and Technology",2023-03-27,5196,https://cdn.simplecast.com/audio/6fdba516-8381-43b0-b29f-59d05512b693/episodes/e329d00e-dbe7-4903-8c54-39448d781da9/audio/533f88e8-ac81-43a8-99e4-6646733d0e81/default_tc.mp3?aid=rss_feed&feed=wgl4xEgL,83406093,246da593-1754-485d-90e5-7581b6c606d2
Erik Hoel on the Threat to Humanity from AI,2023-04-03,5097,https://cdn.simplecast.com/audio/6fdba516-8381-43b0-b29f-59d05512b693/episodes/9cce370d-a351-4d22-b6a3-b0fe4cd891f2/audio/64742419-961e-47a4-bd8c-9a1fbe2d785f/default_tc.mp3?aid=rss_feed&feed=wgl4xEgL,81822516,39b8503a-5cd4-4445-a98e-d283cca0825a
Daniel Gordis on Israel and Impossible Takes Longer,2023-04-10,5221,https://cdn.simplecast.com/audio/6fdba516-8381-43b0-b29f-59d05512b693/episodes/71697e6f-c683-49b2-b07d-73d24758613f/audio/3ad37479-6b00-4bf5-89c6-11cfef5acbdf/default_tc.mp3?aid=rss_feed&feed=wgl4xEgL,83810401,bfe2e3e3-b449-470c-a0b5-1fc24ddad50e
"Dana Gioia on Poetry, Death and Mortality",2023-04-17,3511,https://cdn.simplecast.com/audio/6fdba516-8381-43b0-b29f-59d05512b693/episodes/7c1d7db6-a3f0-4d53-8073-eae41daa3c79/audio/99d915d6-1ab2-4ea1-a7d8-0f738914f860/default_tc.mp3?aid=rss_feed&feed=wgl4xEgL,56447059,ee79b1e5-2734-4b57-8acd-fc45d3b3a04b
Michael Munger on the Perfect vs. the Good,2023-04-24,4478,https://cdn.simplecast.com/audio/6fdba516-8381-43b0-b29f-59d05512b693/episodes/4eeaf8ef-24c7-49bd-8dbc-44e23ef0037f/audio/513ca868-8355-4ffa-9a8f-999d42225fb4/default_tc.mp3?aid=rss_feed&feed=wgl4xEgL,71915352,a06b8913-d5f8-4565-b5ea-603df44ad1b3
Patrick House and Itzhak Fried on the Brain's Mysteries,2023-05-01,4061,https://cdn.simplecast.com/audio/6fdba516-8381-43b0-b29f-59d05512b693/episodes/a370ec6e-4c3f-48a4-a6a3-44969e862ea4/audio/877c0107-2703-41db-8379-021f3c2e8f4f/default_tc.mp3?aid=rss_feed&feed=wgl4xEgL,65243491,245c7c67-9692-437c-a695-30db3f3e69bf
Eliezer Yudkowsky on the Dangers of AI,2023-05-08,4655,https://cdn.simplecast.com/audio/6fdba516-8381-43b0-b29f-59d05512b693/episodes/0bd587ae-8ee0-4170-b4b3-c00f1b636992/audio/844b53aa-cfe8-49a0-b120-696aece9b435/default_tc.mp3?aid=rss_feed&feed=wgl4xEgL,74755066,efaaf06a-5580-4416-a629-d2c6157c5600
Tyler Cowen on the Risks and Impact of Artificial Intelligence,2023-05-15,3651,https://cdn.simplecast.com/audio/6fdba516-8381-43b0-b29f-59d05512b693/episodes/968e7bd7-24de-48c6-a6ab-786188291980/audio/aea3e4ef-71c8-4472-a172-b83043cf058b/default_tc.mp3?aid=rss_feed&feed=wgl4xEgL,58677069,aaf2c75f-8036-4ac8-9487-5e3dc83746d7
"Casey Mulligan on Vaccines, the Pandemic, and the FDA",2023-05-22,4097,https://cdn.simplecast.com/audio/6fdba516-8381-43b0-b29f-59d05512b693/episodes/bac2fded-95ee-45f6-a9d7-7a8f8842ce22/audio/66baab10-a329-4490-af56-b8e1d45b9870/default_tc.mp3?aid=rss_feed&feed=wgl4xEgL,65813810,c0fa2c22-1d34-4c36-b682-96f108d06c40
"Luca Dellanna on Risk, Ruin, and Ergodicity",2023-05-29,4051,https://cdn.simplecast.com/audio/6fdba516-8381-43b0-b29f-59d05512b693/episodes/66d2ef46-4dc1-452c-aa66-4b41df53c65c/audio/b8bb6950-413c-4e0f-adb2-e80323061a86/default_tc.mp3?aid=rss_feed&feed=wgl4xEgL,65090281,504cefa8-0c4b-4f6c-9274-5ab4f0bbce0b
"Les Snead on Risk, Decisions, and Football",2023-06-05,4657,https://cdn.simplecast.com/audio/6fdba516-8381-43b0-b29f-59d05512b693/episodes/e5d2ff3a-d0e8-4d2b-b2b6-65ff8fd27cb4/audio/e3315e2f-cfa5-45d1-895a-140eaaa5c100/default_tc.mp3?aid=rss_feed&feed=wgl4xEgL,74787779,061a89ee-3412-46c9-a287-6187199f2fe8
"Rebecca Struthers on Watches, Watchmaking, and the Hands of Time",2023-06-12,4234,https://cdn.simplecast.com/audio/6fdba516-8381-43b0-b29f-59d05512b693/episodes/d2496bc0-c317-4de0-8d1e-423676c27d5d/audio/85387793-61c9-4e2f-99b4-62887836d222/default_tc.mp3?aid=rss_feed&feed=wgl4xEgL,68013172,864d8650-e56e-4489-812b-c3707125e02c
Michael Munger on Obedience to the Unenforceable,2023-06-19,4238,https://cdn.simplecast.com/audio/6fdba516-8381-43b0-b29f-59d05512b693/episodes/64aca0ff-7276-4c1c-8fd4-c153efbe492e/audio/0d565eb8-6d4d-488a-a964-03d6aa29da18/default_tc.mp3?aid=rss_feed&feed=wgl4xEgL,68081745,202a78bd-66d1-41cd-a7bc-e940e2ac6622
Jacob Howland on the Hidden Human Costs of AI,2023-06-26,4913,https://cdn.simplecast.com/audio/6fdba516-8381-43b0-b29f-59d05512b693/episodes/964179c8-e155-4287-932a-67ffcaf2067f/audio/6960984d-a97f-4638-aee6-5131979c2879/default_tc.mp3?aid=rss_feed&feed=wgl4xEgL,78881426,c4b28402-5c36-4c91-b5ce-6552cdb86480
James Rebanks on the Shepherd's Life,2023-07-03,4441,https://cdn.simplecast.com/audio/6fdba516-8381-43b0-b29f-59d05512b693/episodes/e181a7ac-856c-4cb4-9e5e-c8b54c04979c/audio/d38180ed-a2e4-495d-99b7-40a3b4fe6bdc/default_tc.mp3?aid=rss_feed&feed=wgl4xEgL,71319224,56710ae2-86f3-49e2-97b5-a7c0d1342c68
Marc Andreessen on Why AI Will Save the World,2023-07-10,4802,https://cdn.simplecast.com/audio/6fdba516-8381-43b0-b29f-59d05512b693/episodes/0e372fef-1ba9-4928-ac0f-9437d271c3c5/audio/bfcd0025-7b63-43e0-8fd4-8addfd085631/default_tc.mp3?aid=rss_feed&feed=wgl4xEgL,77100083,4cf6ac15-5505-4760-9370-1b45d609a8da
Lydia Dugdale on the Lost Art of Dying,2023-07-17,4697,https://cdn.simplecast.com/audio/6fdba516-8381-43b0-b29f-59d05512b693/episodes/049538ea-22ca-4ad5-8a73-19c241e24852/audio/328cdfd8-eddd-4341-9646-c41cc4badb1f/default_tc.mp3?aid=rss_feed&feed=wgl4xEgL,75417787,3608bcb4-f5b7-4a22-b427-ddf17e7fe3b6
"Erik Hoel on Consciousness, Free Will, and the Limits of Science",2023-07-24,4057,https://cdn.simplecast.com/audio/6fdba516-8381-43b0-b29f-59d05512b693/episodes/6e23aa8e-c6cd-4e88-8af2-70e9a16da7e9/audio/467173eb-80eb-477d-81be-363c8b4c9d4e/default_tc.mp3?aid=rss_feed&feed=wgl4xEgL,65174589,7c527fe2-4cd1-4502-8ac8-7c01f7a79fe0
Daron Acemoglu on Innovation and Shared Prosperity,2023-07-31,3975,https://cdn.simplecast.com/audio/6fdba516-8381-43b0-b29f-59d05512b693/episodes/939dc9ca-6c94-4023-9430-1b0c6b5e6e04/audio/9edd10a7-4a38-46e1-9a02-2882443cc303/default_tc.mp3?aid=rss_feed&feed=wgl4xEgL,63864651,a7184835-78db-4a9b-9c55-abbc63cceb51
Zvi Mowshowitz on AI and the Dial of Progress,2023-08-07,5803,https://cdn.simplecast.com/audio/6fdba516-8381-43b0-b29f-59d05512b693/episodes/ccd12420-01a8-4ea4-aef7-b6824f9272d7/audio/ab509478-3605-4269-947a-73c09c57516a/default_tc.mp3?aid=rss_feed&feed=wgl4xEgL,93120574,ccc30ac6-6961-44d2-bb02-458baba60d15
"Adam Mastroianni on the Brain, the Ears, and How We Learn",2023-08-14,3949,https://cdn.simplecast.com/audio/6fdba516-8381-43b0-b29f-59d05512b693/episodes/aa1dccba-5613-4b1f-8023-ca6e6d7c7ad5/audio/da01673d-0fc7-4bc4-95e6-60c908a24c08/default_tc.mp3?aid=rss_feed&feed=wgl4xEgL,63450978,99db336b-5724-408b-9572-e1e8a80602e5
"Walter Russell Mead on Innovation, Religion, and the State of the World",2023-08-21,5099,https://cdn.simplecast.com/audio/6fdba516-8381-43b0-b29f-59d05512b693/episodes/69f1cdec-b199-4b95-9cb2-16335090c125/audio/20a28c13-cbfc-4496-84a6-94802597ac64/default_tc.mp3?aid=rss_feed&feed=wgl4xEgL,81858699,e02a507e-834b-4443-995b-1d7b7f074445
Vinay Prasad on Cancer Screening,2023-08-28,4431,https://cdn.simplecast.com/audio/6fdba516-8381-43b0-b29f-59d05512b693/episodes/41d572c5-fe0e-4984-8b6e-076e466968dd/audio/4f91a7a8-6bfc-4465-9af7-46a0e4aebe79/default_tc.mp3?aid=rss_feed&feed=wgl4xEgL,71169003,b1d354cc-3cc9-40dc-8e4e-80178c0bce5a
"Roland Fryer on Race, Diversity, and Affirmative Action",2023-09-04,4038,https://cdn.simplecast.com/audio/6fdba516-8381-43b0-b29f-59d05512b693/episodes/bfc20f12-96e2-4127-b281-2a06cc2bd2c4/audio/7e15e14c-33ce-4694-8d90-54132a7e0d2d/default_tc.mp3?aid=rss_feed&feed=wgl4xEgL,64882856,1335955e-3d05-4f0d-b3af-1571e13dae29
Anupam Bapu Jena on Random Acts of Medicine,2023-09-11,4349,https://cdn.simplecast.com/audio/6fdba516-8381-43b0-b29f-59d05512b693/episodes/6a1bbc23-5c51-43c0-90b9-b36139f73198/audio/e51a075a-1d18-4549-a13e-5c5f87e59f85/default_tc.mp3?aid=rss_feed&feed=wgl4xEgL,69846993,9c8a3bc4-b542-4fdb-b1a3-cbb248b7ffbd
Michael Munger on How Adam Smith Solved the Trolley Problem,2023-09-18,4288,https://cdn.simplecast.com/audio/6fdba516-8381-43b0-b29f-59d05512b693/episodes/436e3f91-2a85-4604-8009-819da906816b/audio/861cacaf-c050-4cdc-8bd4-6ff83fd70cc8/default_tc.mp3?aid=rss_feed&feed=wgl4xEgL,68876090,33e3b572-9c16-4acc-9ab2-7a12ac1e6a7b
"Peter Attia on Lifespan, Healthspan, and Outlive",2023-09-25,5940,https://cdn.simplecast.com/audio/6fdba516-8381-43b0-b29f-59d05512b693/episodes/9869b97f-b09b-4ef3-82c0-733d4517064c/audio/851e801b-35d9-4efb-a0b8-df7925c3b3d8/default_tc.mp3?aid=rss_feed&feed=wgl4xEgL,95315853,d9f9314c-5271-4249-8f4c-f3113de98156
Elie Hassenfeld on GiveWell,2023-10-02,4301,https://cdn.simplecast.com/audio/6fdba516-8381-43b0-b29f-59d05512b693/episodes/74cba420-f4bb-403c-8d0b-eac4fc72df49/audio/60675cf4-933a-4ec8-a7f2-0b5a8a4fdb7a/default_tc.mp3?aid=rss_feed&feed=wgl4xEgL,69079776,599ee76e-8f52-4b66-b5e3-9bfd7be636bb
Adam Mastroianni on Learning and Mostly Forgetting,2023-10-09,4532,https://cdn.simplecast.com/audio/6fdba516-8381-43b0-b29f-59d05512b693/episodes/fc303347-e7f4-4e17-9864-884188015e88/audio/892acbbe-0c43-4361-b70c-210cc14e9ba2/default_tc.mp3?aid=rss_feed&feed=wgl4xEgL,72784595,9133e57a-4eba-465d-a733-1035dcb17e1a
Alexandra Hudson on the Soul of Civility,2023-10-16,3899,https://cdn.simplecast.com/audio/6fdba516-8381-43b0-b29f-59d05512b693/episodes/bc369785-fe21-498b-9b22-2b2159c3f334/audio/136914d9-c5a4-43c2-a22f-7a91395a54fb/default_tc.mp3?aid=rss_feed&feed=wgl4xEgL,62650663,30c60270-3f7a-4255-acf4-5c089e07a8c7
"Robert Sapolsky on Determinism, Free Will, and Responsibility",2023-10-23,4424,https://cdn.simplecast.com/audio/6fdba516-8381-43b0-b29f-59d05512b693/episodes/187dbb1c-f317-44d1-aedc-d709f4ab3a1e/audio/00cc3a05-515c-4e45-923a-b22a08f93cfd/default_tc.mp3?aid=rss_feed&feed=wgl4xEgL,71053413,356d989f-6745-45f2-8c28-c03261031a79
"Michael Easter on Excess, Moderation, and the Scarcity Brain",2023-10-30,4085,https://cdn.simplecast.com/audio/6fdba516-8381-43b0-b29f-59d05512b693/episodes/c27bbb27-309c-417d-a864-c65332b42a02/audio/9c884a2a-ec87-423a-9da5-8f5d838bbc09/default_tc.mp3?aid=rss_feed&feed=wgl4xEgL,65627890,adf5dad8-60ca-4542-a5a7-01120f830cb7
Zach Weinersmith on Space Settlement and A City on Mars,2023-11-06,3801,https://cdn.simplecast.com/audio/6fdba516-8381-43b0-b29f-59d05512b693/episodes/55676a3f-d22f-43f6-946a-042b5b280226/audio/631be6ef-14f5-45ea-b14e-8e3f47abd34d/default_tc.mp3?aid=rss_feed&feed=wgl4xEgL,61092186,acdf51ac-6b1d-4e11-8d6f-5c76e76f7975
Jennifer Burns on Milton Friedman,2023-11-13,3818,https://cdn.simplecast.com/audio/6fdba516-8381-43b0-b29f-59d05512b693/episodes/11c97d9e-8bec-45c4-9c2d-f29ba329641c/audio/33fc0365-0a9f-4d80-81a8-3e766de53a47/default_tc.mp3?aid=rss_feed&feed=wgl4xEgL,61355896,85862fc4-96fb-42f6-80d3-66d46ad0cf44
Andrew McAfee on the Geek Way,2023-11-20,4397,https://cdn.simplecast.com/audio/6fdba516-8381-43b0-b29f-59d05512b693/episodes/192bc331-8c87-4fd6-82a5-bd166198ea5b/audio/9818b3a0-a8c3-4945-bdc6-180bcc901124/default_tc.mp3?aid=rss_feed&feed=wgl4xEgL,70625815,9bd178cc-8cc7-4f98-a8e8-ef3baf1e446b
Tyler Cowen on the GOAT of Economics,2023-11-27,5685,https://cdn.simplecast.com/audio/6fdba516-8381-43b0-b29f-59d05512b693/episodes/5f50f2f9-e0de-41cb-b362-f357c9c2b747/audio/b6002930-48ae-4522-ba05-a89f8fff5f18/default_tc.mp3?aid=rss_feed&feed=wgl4xEgL,91232204,d55da829-443c-454b-9e57-8e9e745afa1f
Yossi Klein Halevi on the Palestinian-Israeli Conflict,2023-12-04,4086,https://cdn.simplecast.com/audio/6fdba516-8381-43b0-b29f-59d05512b693/episodes/c39267e6-7714-41df-bbb9-86a4c6f84cfa/audio/4d7174c2-c8fd-478e-ae51-b14d13fc7b91/default_tc.mp3?aid=rss_feed&feed=wgl4xEgL,65626647,49f38b06-2dbb-40b2-9a9e-3b6147d77e74
Niall Ferguson on Free Speech and Kissinger's Role in the Middle East,2023-12-11,3949,https://cdn.simplecast.com/audio/6fdba516-8381-43b0-b29f-59d05512b693/episodes/c5c974d6-ef53-4508-b98e-ae4bb2ac774a/audio/bbadb919-89f1-4827-9bf6-b10a20c233b4/default_tc.mp3?aid=rss_feed&feed=wgl4xEgL,63452162,ef554561-cb52-4681-aa82-b7e8d1d7f823
An Extraordinary Introduction to the Birth of Israel and the Arab-Israeli Conflict (with Haviv Rettig Gur),2023-12-18,6059,https://cdn.simplecast.com/audio/6fdba516-8381-43b0-b29f-59d05512b693/episodes/18c9c6b7-c8ad-4e32-886d-46592cfc66b0/audio/0182436e-2649-4472-a503-85229f852d11/default_tc.mp3?aid=rss_feed&feed=wgl4xEgL,97219099,927dace2-57e0-48cd-a076-b229b85bf9a8
Can Artificial Intelligence Be Moral? (with Paul Bloom),2023-12-25,3800,https://cdn.simplecast.com/audio/6fdba516-8381-43b0-b29f-59d05512b693/episodes/41954d46-3707-4729-b7f1-4a96f92738e2/audio/3d145412-6d99-4de8-88cf-bdecd9f834e3/default_tc.mp3?aid=rss_feed&feed=wgl4xEgL,61061894,3f004118-4b0e-4263-9930-bc4f575e70e9
From the Second Intifada to October 7th (with Daniel Gordis),2024-01-01,3875,https://cdn.simplecast.com/audio/6fdba516-8381-43b0-b29f-59d05512b693/episodes/3d7cdab8-773d-48c0-9129-995bba1cc310/audio/6a1bf045-417a-4ad5-89b4-8bae0e5a9395/default_tc.mp3?aid=rss_feed&feed=wgl4xEgL,62272674,69df8b1c-0a6f-4421-8d92-3d7790e74f96
The Challenge of Covering the Most Important Story on Earth (with Matti Friedman),2024-01-08,4529,https://cdn.simplecast.com/audio/6fdba516-8381-43b0-b29f-59d05512b693/episodes/e183836a-e3b7-4497-83f5-f8e42928be31/audio/33acee5c-8ba8-42cd-9f33-9af3416dd883/default_tc.mp3?aid=rss_feed&feed=wgl4xEgL,72724883,2335af3a-d7ec-4c59-a917-670fc403bb34
Can a Nation Plunder Its Way to Wealth (with Noah Smith),2024-01-15,4171,https://cdn.simplecast.com/audio/6fdba516-8381-43b0-b29f-59d05512b693/episodes/9bcc0e97-44da-4d24-b13f-448b5754f561/audio/f0bf8dee-fe0a-4603-a6fa-4eed96a05167/default_tc.mp3?aid=rss_feed&feed=wgl4xEgL,67007614,35b115b3-f789-4cde-bd31-e21973c58b96
"If Life Is Random, Is It Meaningless? (with Brian Klaas)",2024-01-22,3624,https://cdn.simplecast.com/audio/6fdba516-8381-43b0-b29f-59d05512b693/episodes/c94b451c-b6bf-49fb-b62e-3c15833c640e/audio/17f3bc61-02aa-49c5-bb3b-7306e70eb1f0/default_tc.mp3?aid=rss_feed&feed=wgl4xEgL,58250170,75a1f00d-29b1-4fe3-bad9-ed2417d537bf
What Palestinians Are Thinking (with Dahlia Scheindlin),2024-01-29,3937,https://cdn.simplecast.com/audio/6fdba516-8381-43b0-b29f-59d05512b693/episodes/f4a3a932-99c1-413e-8f22-8c167ac9f19b/audio/529fd798-dba5-48f3-b850-beeecf05b169/default_tc.mp3?aid=rss_feed&feed=wgl4xEgL,63264789,63c91e75-906e-4e09-9864-f00ba18cfa45
Should Israel Depend on the US? (with Michael Oren),2024-02-05,4419,https://cdn.simplecast.com/audio/6fdba516-8381-43b0-b29f-59d05512b693/episodes/5b2e62a0-c054-43d4-b8db-c8caec98a48c/audio/945c7875-46a9-47d2-b771-3322bc56b0c4/default_tc.mp3?aid=rss_feed&feed=wgl4xEgL,70969444,01426186-79c8-4b36-9927-0d9a8f1afbfe
Year Zero of the Arab-Israeli Conflict (with Hillel Cohen),2024-02-12,4086,https://cdn.simplecast.com/audio/6fdba516-8381-43b0-b29f-59d05512b693/episodes/2bee7168-86dc-4833-9b00-b6445647a21c/audio/a0f3f58d-d041-4efc-b75e-c88c56b6f64c/default_tc.mp3?aid=rss_feed&feed=wgl4xEgL,65643452,1f367782-b3d8-48cc-9abd-119d6b05c48c
A Lively Debate on the Israeli-Palestinian Conflict (with Robert Wright),2024-02-19,6397,https://cdn.simplecast.com/audio/6fdba516-8381-43b0-b29f-59d05512b693/episodes/67346e74-baf2-4137-870a-593e234c9cbd/audio/596112ff-1381-402f-82af-313d5f4d06c8/default_tc.mp3?aid=rss_feed&feed=wgl4xEgL,102622405,fb9be8e4-092c-47b7-b99a-a67983ba3346
The Secrets of Great Conversation (with Charles Duhigg),2024-02-26,4985,https://cdn.simplecast.com/audio/6fdba516-8381-43b0-b29f-59d05512b693/episodes/c053bd68-d434-4db3-9781-8e4ae807ea75/audio/d78f1d0d-255d-497b-b1e9-9586bd69ad84/default_tc.mp3?aid=rss_feed&feed=wgl4xEgL,80035933,46bcbec6-48db-4803-89fe-10fe60df38a9
How to Avoid Lying With Statistics (with Jeremy Weber),2024-03-04,4353,https://cdn.simplecast.com/audio/6fdba516-8381-43b0-b29f-59d05512b693/episodes/929fd635-baa3-4efc-8889-52044fa5fef6/audio/b1ff7783-f3d8-4e6c-9e3a-6e1312b81508/default_tc.mp3?aid=rss_feed&feed=wgl4xEgL,69916706,57b3b7a2-0499-4020-9778-affcf760f78b
Living with Exponential Change (with Azeem Azhar),2024-03-11,4450,https://cdn.simplecast.com/audio/6fdba516-8381-43b0-b29f-59d05512b693/episodes/ad52a9a4-c8a6-48ad-94b0-20045b206322/audio/a6ac8157-5c22-4332-a17b-aa420ddecdd2/default_tc.mp3?aid=rss_feed&feed=wgl4xEgL,71469068,89a047c1-38c7-46c0-8fb5-32e890959056
Voices from Gaza (with Ahmed Alkhatib),2024-03-18,4378,https://cdn.simplecast.com/audio/6fdba516-8381-43b0-b29f-59d05512b693/episodes/58c127f5-56a2-4199-8c8d-762e4db45630/audio/f7d10395-35df-4c6c-b4b1-a39b1b689a91/default_tc.mp3?aid=rss_feed&feed=wgl4xEgL,70309715,34ff2142-7a51-4314-b33e-607fae0e124d
"What Does ""Unbiased"" Mean in the Digital World? (with Megan McArdle)",2024-03-25,4345,https://cdn.simplecast.com/audio/6fdba516-8381-43b0-b29f-59d05512b693/episodes/57e491ee-f28b-4baa-ba48-0c51a245f42e/audio/1242333c-743c-4abe-963b-7e4ae56e58fb/default_tc.mp3?aid=rss_feed&feed=wgl4xEgL,69785547,6459230e-4ddd-4db2-b68e-39682aa9438c
A User's Guide to Our Emotional Thermostat (with Adam Mastroianni),2024-04-01,3783,https://cdn.simplecast.com/audio/6fdba516-8381-43b0-b29f-59d05512b693/episodes/56082c28-ca01-41d3-9fd0-c486109443b3/audio/e7f2bbfc-256a-4401-aafa-8a1f76f4a1db/default_tc.mp3?aid=rss_feed&feed=wgl4xEgL,60792317,c9bce15b-2a12-4f8f-8ca2-cc627302e9dc
Rituals Without Religion (with Michael Norton),2024-04-08,3659,https://cdn.simplecast.com/audio/6fdba516-8381-43b0-b29f-59d05512b693/episodes/3780dfad-0772-4e42-81a1-5689fbf8d81e/audio/ddd3934a-110b-4658-943c-4c39d6ac0e6f/default_tc.mp3?aid=rss_feed&feed=wgl4xEgL,58811248,d608f8c7-e868-4d44-99bb-eadab5af12fe
When Prediction Is Not Enough (with Teppo Felin),2024-04-15,4030,https://cdn.simplecast.com/audio/6fdba516-8381-43b0-b29f-59d05512b693/episodes/64524bd5-6d18-40a2-a70a-c342eff746a4/audio/a8eda809-ed34-456e-b063-fdb4a631facb/default_tc.mp3?aid=rss_feed&feed=wgl4xEgL,64742926,9ca24c98-73ac-4411-8898-6c75bb80ff9e
Seeking Immortality (with Paul Bloom),2024-04-22,4415,https://cdn.simplecast.com/audio/6fdba516-8381-43b0-b29f-59d05512b693/episodes/f21338a6-4843-41e5-a595-aeff044629ef/audio/8dd656c0-bf2f-4af2-9712-03be6914bbf9/default_tc.mp3?aid=rss_feed&feed=wgl4xEgL,70902396,3b61a5f3-2d7d-45f2-b75b-6b7e2e63c031
The Top EconTalk Conversations of 2023 (with Russ Roberts),2024-04-29,2528,https://cdn.simplecast.com/audio/6fdba516-8381-43b0-b29f-59d05512b693/episodes/50c7ebd2-f769-4f85-9266-8cc9e9490f03/audio/1b4f06ea-b265-4908-bd67-657d720253b4/default_tc.mp3?aid=rss_feed&feed=wgl4xEgL,40719478,de0b97c6-ac0c-4981-abf5-b06ba61d578a
Living with the Constitution (with A.J. Jacobs),2024-05-06,4131,https://cdn.simplecast.com/audio/6fdba516-8381-43b0-b29f-59d05512b693/episodes/8e64f3f6-b8c9-4d3e-9260-bac8f10908a9/audio/45b09547-4ed1-42d6-b1a5-0bd7a87aa9e0/default_tc.mp3?aid=rss_feed&feed=wgl4xEgL,66358772,7614383f-c6d7-42e7-945c-c6ba03ceb2c2
Glenn Loury Tells All,2024-05-13,5426,https://cdn.simplecast.com/audio/6fdba516-8381-43b0-b29f-59d05512b693/episodes/154963ad-1ae6-4402-b3e1-a6bd40ec13e9/audio/a892446b-800b-4bc7-b89f-0c1cad7d60ea/default_tc.mp3?aid=rss_feed&feed=wgl4xEgL,87089103,345faa4b-1f33-45b0-ba3d-f3df5eb3c844
"Purpose, Pleasure, and Meaning in a World Without Work (with Nicholas Bostrom)",2024-05-20,4592,https://cdn.simplecast.com/audio/6fdba516-8381-43b0-b29f-59d05512b693/episodes/cc804318-aa6c-4aae-95e8-b20083f2c5a6/audio/739a75cd-33fa-41ea-9ae1-1ef97416e990/default_tc.mp3?aid=rss_feed&feed=wgl4xEgL,73737871,80cca1d7-0b57-4b14-92f9-59958f1f1507
"The Good, the Bad, and the Ugly of the Covid Vaccine (with Vinay Prasad)",2024-05-27,5260,https://cdn.simplecast.com/audio/6fdba516-8381-43b0-b29f-59d05512b693/episodes/5eec864f-2e43-46b0-aa8a-2169d3deca7e/audio/8e48172a-73a1-4911-ba53-dafd5fe5fe60/default_tc.mp3?aid=rss_feed&feed=wgl4xEgL,84420902,ae7c85df-b24e-4cbb-b8f4-23bbc04e76a8
"Injustice and the ""Letter from Birmingham Jail"" (with Dwayne Betts)",2024-06-03,3843,https://cdn.simplecast.com/audio/6fdba516-8381-43b0-b29f-59d05512b693/episodes/fb807912-04f5-42f6-875a-bdd4adbfaa64/audio/293a2df3-9991-4d4d-a519-3090f688c55b/default_tc.mp3?aid=rss_feed&feed=wgl4xEgL,61756684,00606d5f-763a-4faa-ac0f-0e1834cddf19
How the Constitution Can Bring Us Together (with Yuval Levin),2024-06-10,3775,https://cdn.simplecast.com/audio/6fdba516-8381-43b0-b29f-59d05512b693/episodes/b156b2a4-f6bf-4655-a25c-fa89a88b6ad7/audio/d0c47b50-5864-417b-bf19-d20d4cd05513/default_tc.mp3?aid=rss_feed&feed=wgl4xEgL,60664551,1210d445-6098-407d-8805-590e01cfcfb4
Does Market Failure Justify Government Intervention? (with Michael Munger),2024-06-17,4084,https://cdn.simplecast.com/audio/6fdba516-8381-43b0-b29f-59d05512b693/episodes/81aafb34-d365-4b10-9a49-410ed6b7672d/audio/cb1e41d9-7f19-4c06-b9a6-be6c4fd8a7c2/default_tc.mp3?aid=rss_feed&feed=wgl4xEgL,65613686,16028df5-36f1-4884-974d-eeb3d359d63b
"René Girard, Mimesis, and Conflict (with Cynthia Haven)",2024-06-24,3268,https://cdn.simplecast.com/audio/6fdba516-8381-43b0-b29f-59d05512b693/episodes/05ee6064-6307-48c8-9ad0-9fb742fbcca2/audio/bf5c099f-83ce-4a0b-85a3-44d5a45de78f/default_tc.mp3?aid=rss_feed&feed=wgl4xEgL,52549449,93b181c9-5ccf-46dd-ad41-c03eeeef716f
Is Israel Occupying the West Bank? (with Eugene Kontorovich),2024-07-01,3978,https://cdn.simplecast.com/audio/6fdba516-8381-43b0-b29f-59d05512b693/episodes/a2348094-1cf9-4546-94f6-e3352062a8c5/audio/191727c8-2579-4088-93f3-492f8b805586/default_tc.mp3?aid=rss_feed&feed=wgl4xEgL,63911743,cde6d261-adb1-462e-bdc1-3575de76c416
"Reading, Writing, and Fighting (with Mark Helprin)",2024-07-08,5646,https://cdn.simplecast.com/audio/6fdba516-8381-43b0-b29f-59d05512b693/episodes/8ae7c446-ed58-4b33-b3b2-ee2fa1070292/audio/4e2c5557-acde-462c-80c9-f54f410c695a/default_tc.mp3?aid=rss_feed&feed=wgl4xEgL,90601818,6e41a5e7-c231-41d7-b0fe-8a05a7a023ce
"Lessons from Lincoln, Then and Now (with Diana Schaub)",2024-07-15,5650,https://cdn.simplecast.com/audio/6fdba516-8381-43b0-b29f-59d05512b693/episodes/86bcafe0-f425-4ad5-abc4-cdec2061ace0/audio/ec6c8e18-7a7e-4c0b-93f8-51f1a62aa25b/default_tc.mp3?aid=rss_feed&feed=wgl4xEgL,90667394,8306ed98-befa-4f41-b28a-10ab69796ca3
Does Parenting Make You a Better Person? (with Erik Hoel),2024-07-22,5058,https://cdn.simplecast.com/audio/6fdba516-8381-43b0-b29f-59d05512b693/episodes/6c00c3b3-93e3-442f-867a-ee9204ce29ca/audio/40aa8614-e5fb-4c7a-8822-65471d9d8ba6/default_tc.mp3?aid=rss_feed&feed=wgl4xEgL,81203129,bef5cd12-0077-4d29-953d-905833d4eafe
"Sam Harris on Jew-Hatred, Radical Islam, and the West",2024-07-29,7071,https://cdn.simplecast.com/audio/6fdba516-8381-43b0-b29f-59d05512b693/episodes/0f0ae329-a407-466f-af64-083877c26810/audio/d17049c0-fc7f-40fb-adaa-b6686d01cf97/default_tc.mp3?aid=rss_feed&feed=wgl4xEgL,113411108,b61e3027-f7e9-472c-8ae5-09e319796588
The Ever-Present Challenge of Escaping Poverty (with Noah Smith),2024-08-05,3768,https://cdn.simplecast.com/audio/6fdba516-8381-43b0-b29f-59d05512b693/episodes/9a648c3d-8ad4-451c-a08d-fe9514a0794a/audio/dd4efdd3-88cc-4467-a1c7-e2d1e2fb5046/default_tc.mp3?aid=rss_feed&feed=wgl4xEgL,60559344,401ffb45-6f77-43db-bcd0-516d347fe93a
How Do You Capture the Tragedy of War? (with Sabin Howard),2024-08-12,4144,https://cdn.simplecast.com/audio/6fdba516-8381-43b0-b29f-59d05512b693/episodes/8e9dd3f3-fb74-4e79-b2e1-ef4de285a2f4/audio/9f8255f2-ca69-4fe5-9005-97b8e4097f35/default_tc.mp3?aid=rss_feed&feed=wgl4xEgL,66574607,aba3c1e3-a252-4b0b-8447-8777516cd26c
What's Happening Inside Your Doctor's Head and Heart (with Adam Cifu),2024-08-19,3781,https://cdn.simplecast.com/audio/6fdba516-8381-43b0-b29f-59d05512b693/episodes/a043f200-7a10-4ebf-ad15-3fc66f941c2a/audio/2243cf7b-e5b8-4932-bf0b-686bc5d1103b/default_tc.mp3?aid=rss_feed&feed=wgl4xEgL,60771254,819ebc1c-5364-4003-bbca-a49ff981b2b4
Chaos and Complexity Economics (with J. Doyne Farmer),2024-08-26,3915,https://cdn.simplecast.com/audio/6fdba516-8381-43b0-b29f-59d05512b693/episodes/5d82c3d8-87ac-4ee7-9d4c-fbe8f8fb729a/audio/295f50fe-7c9a-4132-a75d-5a1123d16044/default_tc.mp3?aid=rss_feed&feed=wgl4xEgL,62906629,69e4ba0b-ff45-46f4-a72c-c29720263bdb
The Problems of Boys and Men in Today's America (with Richard Reeves),2024-09-02,4389,https://cdn.simplecast.com/audio/6fdba516-8381-43b0-b29f-59d05512b693/episodes/b39a5e55-1e68-47ee-954a-ed7c63adf22f/audio/655dc20b-2e63-4741-89d8-4b2054ef2914/default_tc.mp3?aid=rss_feed&feed=wgl4xEgL,70486376,4d46827f-af19-40e3-804f-e24d1bfcbdb6
Is Israel Winning the War in Gaza? (with Andrew Fox),2024-09-09,4268,https://cdn.simplecast.com/audio/6fdba516-8381-43b0-b29f-59d05512b693/episodes/502a9642-73cb-44ee-8624-1315b9fb1a28/audio/fae929b3-9f06-4361-8cbb-fdb8dff6e8a7/default_tc.mp3?aid=rss_feed&feed=wgl4xEgL,68564164,e385f2e3-0e58-4347-8855-cee4463041b7
What Modern Medicine Gets Wrong (with Marty Makary),2024-09-16,4436,https://cdn.simplecast.com/audio/6fdba516-8381-43b0-b29f-59d05512b693/episodes/21acf781-16a6-439c-98eb-a7416377ca48/audio/02a45bfb-51fd-41b8-8324-1618fb3217c7/default_tc.mp3?aid=rss_feed&feed=wgl4xEgL,71240315,3fa2fbf9-40be-49b6-9cfd-15e21a65af52
The Mysterious World of Owls (with Jennifer Ackerman),2024-09-23,3938,https://cdn.simplecast.com/audio/6fdba516-8381-43b0-b29f-59d05512b693/episodes/7e74c9b7-c6a7-4ec6-9450-155ad6e6f9ec/audio/e825efb7-e435-4f4b-b7c3-8af16cc89bdc/default_tc.mp3?aid=rss_feed&feed=wgl4xEgL,63285021,c781d420-4f83-480b-af27-09fda7d1e264
The Underrated Bruno Leoni (with Michael Munger),2024-09-30,4668,https://cdn.simplecast.com/audio/6fdba516-8381-43b0-b29f-59d05512b693/episodes/c67f39de-d5ac-487e-9050-5a7ff2c68637/audio/dbb73b7d-281e-47c0-b8f0-e877af9d09c0/default_tc.mp3?aid=rss_feed&feed=wgl4xEgL,74963415,0f43bd43-d476-4a33-95dc-dd90f3c80d30
Reclaiming Tribalism (with Michael Morris),2024-10-07,4936,https://cdn.simplecast.com/audio/6fdba516-8381-43b0-b29f-59d05512b693/episodes/ec81a114-cf31-4a88-885e-0c5c46baf72e/audio/e805ca1c-f0cf-4623-b81a-c6fb69ae6cd1/default_tc.mp3?aid=rss_feed&feed=wgl4xEgL,79256822,a530face-8aa0-4a98-9735-4eeadac74474
Misinformation and the Three Languages of Politics (with Arnold Kling),2024-10-14,3722,https://cdn.simplecast.com/audio/6fdba516-8381-43b0-b29f-59d05512b693/episodes/bd4bda30-e675-468d-afc7-e62b23252c7c/audio/35c047de-54b6-40f1-b63b-41561dc45aab/default_tc.mp3?aid=rss_feed&feed=wgl4xEgL,59824119,1265f0d7-aafd-4d2b-a64c-53c65ffc8721
Why Housing Is Artificially Expensive and What Can Be Done About It (with Bryan Caplan),2024-10-21,3986,https://cdn.simplecast.com/audio/6fdba516-8381-43b0-b29f-59d05512b693/episodes/3e375b92-00d7-459b-bc0a-5fce153b7859/audio/c32dc4cc-8e74-4bb8-87b5-b72641a5f141/default_tc.mp3?aid=rss_feed&feed=wgl4xEgL,64049840,84f0e84f-d421-4137-8610-0ddc59537348
Susan Cain on Bittersweet and the Happiness of Melancholy,2024-10-28,3900,https://cdn.simplecast.com/audio/6fdba516-8381-43b0-b29f-59d05512b693/episodes/12f97766-0568-47f9-87e6-723200bfa610/audio/16aa811e-f6c6-4f6f-a799-938c816b623f/default_tc.mp3?aid=rss_feed&feed=wgl4xEgL,62678904,420354a7-9fd0-4d64-a555-359249f892a1
Give Away a Kidney? Are You Crazy? (with filmmaker Penny Lane),2024-11-04,4897,https://cdn.simplecast.com/audio/6fdba516-8381-43b0-b29f-59d05512b693/episodes/2f15e72a-da63-48b6-9e08-58c127cd121d/audio/b9fba263-d022-447e-a975-2437853d6df4/default_tc.mp3?aid=rss_feed&feed=wgl4xEgL,78637816,5758890e-9f62-4eeb-9861-6c8a37b51ccc
Who Needs Miracles? On Nature and the Miraculous (with Alan Lightman),2024-11-11,4196,https://cdn.simplecast.com/audio/6fdba516-8381-43b0-b29f-59d05512b693/episodes/fe1a1acb-417d-4490-a647-fb0c6ac54e5b/audio/d9acc476-3a63-4741-b349-af86a1e9253e/default_tc.mp3?aid=rss_feed&feed=wgl4xEgL,67411050,bdb1f110-9734-499f-83c8-fc691d218dd5
"Terrorism, Israel, and Dreams of Peace (with Haviv Rettig Gur)",2024-11-18,7550,https://cdn.simplecast.com/audio/6fdba516-8381-43b0-b29f-59d05512b693/episodes/0c9f7eb5-9695-424f-a1a9-d44a4a6f04f7/audio/60710d6f-374d-4f7c-901b-e0111bb73149/default_tc.mp3?aid=rss_feed&feed=wgl4xEgL,121077809,5591293d-2d55-4071-bc50-72e6a4a675f6
Tyler Cowen on Life and Fate,2024-11-25,4076,https://cdn.simplecast.com/audio/6fdba516-8381-43b0-b29f-59d05512b693/episodes/7a9ea507-6546-4e33-b5af-abd6d85d173b/audio/63d4d885-babf-453f-a91b-0ec10b0d8b12/default_tc.mp3?aid=rss_feed&feed=wgl4xEgL,65493794,4596e4b0-f81a-4a0e-af49-9aec0284f0db
Translating Life and Fate (with Robert Chandler),2024-12-02,4692,https://cdn.simplecast.com/audio/6fdba516-8381-43b0-b29f-59d05512b693/episodes/886bed5e-6bcf-46c9-88c6-36c75fc32176/audio/1ed9f6fd-aa5e-494f-b926-aa4294a15986/default_tc.mp3?aid=rss_feed&feed=wgl4xEgL,75362249,2fe47669-d70f-4524-a3f5-f4159eca3cbc
Why Industrial Policy Is (Almost) Always a Bad Idea (with Scott Sumner),2024-12-09,5353,https://cdn.simplecast.com/audio/6fdba516-8381-43b0-b29f-59d05512b693/episodes/e87db203-0c55-46e0-b5b5-01e25256b2a6/audio/4f2c3455-53bf-42b0-b69b-17cc2da864c0/default_tc.mp3?aid=rss_feed&feed=wgl4xEgL,85940401,d27e3a15-02e3-453e-a055-59836fee1206
Is This War With Lebanon Different? (with Matti Friedman),2024-12-16,4227,https://cdn.simplecast.com/audio/6fdba516-8381-43b0-b29f-59d05512b693/episodes/72db7a11-234a-4484-9153-ab3576fa8658/audio/9522f4ca-d7ae-42b8-9ace-9e5379422428/default_tc.mp3?aid=rss_feed&feed=wgl4xEgL,67916551,3cfef845-f722-42d6-b648-aadbf228e11c
Fixing Sick Cities (with Alain Bertaud),2024-12-23,4244,https://cdn.simplecast.com/audio/6fdba516-8381-43b0-b29f-59d05512b693/episodes/12bdf4eb-0668-474a-8895-8c3991e0c326/audio/9af17578-deff-4bde-8b1f-2982b917d471/default_tc.mp3?aid=rss_feed&feed=wgl4xEgL,68194894,374ae72b-ba68-421a-b655-880859829f31
The Power of Nuance: Lessons for Public Health (with Emily Oster),2024-12-30,3376,https://cdn.simplecast.com/audio/6fdba516-8381-43b0-b29f-59d05512b693/episodes/c027b20c-216f-463c-b84a-424290708199/audio/a44e4ed9-673b-4d75-9140-b499b2ac8c13/default_tc.mp3?aid=rss_feed&feed=wgl4xEgL,54299165,0a8e3d73-e604-4b0e-832c-bb5e42c05adb
Understanding the Settler Colonialism Movement (with Adam Kirsch),2025-01-06,3547,https://cdn.simplecast.com/audio/6fdba516-8381-43b0-b29f-59d05512b693/episodes/9fd988ca-89c5-41fe-8dc9-4979c4f39a71/audio/d8962ca6-b2ec-43b9-95e8-2a5eac410865/default_tc.mp3?aid=rss_feed&feed=wgl4xEgL,57036246,36bc01b5-b6eb-4387-b406-7a4b23020b60
Will DOGE and Musk Make a Difference? (with Michael Munger),2025-01-13,3861,https://cdn.simplecast.com/audio/6fdba516-8381-43b0-b29f-59d05512b693/episodes/225617ab-3094-4bb5-bb15-4d8e8f3cd59e/audio/bd19b67a-7467-40b7-ba51-9ab2e5574427/default_tc.mp3?aid=rss_feed&feed=wgl4xEgL,62063168,8f163a6a-a079-4727-b371-6b1e63d7d286
"Weep, Shudder, Die: The Secret of Opera Revealed (with Dana Gioia)",2025-01-20,4726,https://cdn.simplecast.com/audio/6fdba516-8381-43b0-b29f-59d05512b693/episodes/6e55c7e5-c37b-4e08-8c68-25d5ad09f094/audio/4e855438-fbe0-4f32-baa3-b210cc43c844/default_tc.mp3?aid=rss_feed&feed=wgl4xEgL,75902142,3711f288-dcc7-4fb5-abe8-77fb17979afc
Why AI Is Good for Humans (with Reid Hoffman),2025-01-27,4863,https://cdn.simplecast.com/audio/6fdba516-8381-43b0-b29f-59d05512b693/episodes/603ccc7c-d791-4025-93b9-d28a34ec9cab/audio/18c0b945-fba9-418e-9722-648389a6bbfe/default_tc.mp3?aid=rss_feed&feed=wgl4xEgL,78093979,aef5d52a-b643-4345-82ac-6aa54cb24c68
"Coase, the Rules of the Game, and the Costs of Perfection (with Daisy Christodoulou)",2025-02-03,4225,https://cdn.simplecast.com/audio/6fdba516-8381-43b0-b29f-59d05512b693/episodes/1eb60385-6487-41a9-93b0-006629a7c661/audio/701b2348-2ad5-4a9c-a3ed-df708d562bdd/default_tc.mp3?aid=rss_feed&feed=wgl4xEgL,67897486,3ff6676e-298b-43bc-b8ef-fb071e327b61
Minimalists and Hoarders (with Michael Easter),2025-02-10,3305,https://cdn.simplecast.com/audio/6fdba516-8381-43b0-b29f-59d05512b693/episodes/093583ee-e0e5-4869-a950-c9e715e0cfd6/audio/0b7f7f32-6247-4f19-8589-a28571c83291/default_tc.mp3?aid=rss_feed&feed=wgl4xEgL,53172248,d166c729-a0bf-4fc5-919c-aafc6277a446
Who Won the Socialist Calculation Debate (with Peter Boettke),2025-02-17,4877,https://cdn.simplecast.com/audio/6fdba516-8381-43b0-b29f-59d05512b693/episodes/097b88ea-45ae-484c-8ea0-10ffbdd71ea8/audio/80d3e920-bcad-4b04-9829-a17f5252026f/default_tc.mp3?aid=rss_feed&feed=wgl4xEgL,78325600,5e3cc4ec-a62e-44c5-9147-74ea510d960f
The Struggle That Shaped the Middle East (with James Barr),2025-02-24,4704,https://cdn.simplecast.com/audio/6fdba516-8381-43b0-b29f-59d05512b693/episodes/cbdf632e-5619-4058-a1db-47c80517565c/audio/53bd8d4c-878a-4adc-bc55-f672abe44895/default_tc.mp3?aid=rss_feed&feed=wgl4xEgL,75558154,edbe12ee-e86b-42c8-915a-8f0ab1beebe6
The Unusual World of Israeli Democracy (with Rachel Gur),2025-03-03,4150,https://cdn.simplecast.com/audio/6fdba516-8381-43b0-b29f-59d05512b693/episodes/44c413c1-6acc-4568-9bdf-7309c8694421/audio/f6bfc702-ce08-413e-b7e9-1b402ad5f2d7/default_tc.mp3?aid=rss_feed&feed=wgl4xEgL,66686132,5fdb2808-ac75-40dd-9119-c43db7dbe14e
Will Guidara on Unreasonable Hospitality,2025-03-10,3493,https://cdn.simplecast.com/audio/6fdba516-8381-43b0-b29f-59d05512b693/episodes/e389cf6a-03ba-4f41-a1eb-154eee5d2854/audio/a3b02baf-f6dd-468b-9168-b22e427f75cc/default_tc.mp3?aid=rss_feed&feed=wgl4xEgL,56187117,218ba4b5-23dc-466d-aa2e-1c51b33bf925
How Better Feedback Can Revolutionize Education (with Daisy Christodoulou),2025-03-17,5252,https://cdn.simplecast.com/audio/6fdba516-8381-43b0-b29f-59d05512b693/episodes/e2dcb288-f0fe-4bf1-a75e-d627276cd47d/audio/57383d85-c65f-4f99-82f1-9def5386edaf/default_tc.mp3?aid=rss_feed&feed=wgl4xEgL,84337389,994b9a71-d9bf-431f-8a5b-fad8e7e91e6a
"Bird Brains, Bird Sex, and All Kinds of Beauty (with Matt Ridley)",2025-03-24,4605,https://cdn.simplecast.com/audio/6fdba516-8381-43b0-b29f-59d05512b693/episodes/6ae3a316-a59e-421f-87cc-725aaf0ba825/audio/9a82113a-9c2a-41f4-b8bf-5490f5a979d9/default_tc.mp3?aid=rss_feed&feed=wgl4xEgL,73979515,0d0625e6-2721-473c-a460-0d68edd12d0c
"Do All Creatures, Great and Small, and Made From Silicon, Have Rights? (with Jeff Sebo)",2025-03-31,4573,https://cdn.simplecast.com/audio/6fdba516-8381-43b0-b29f-59d05512b693/episodes/4b8f2540-509b-45a8-ac54-47c281b889cb/audio/9bbe2a88-7646-448f-a360-8be58d9bf31c/default_tc.mp3?aid=rss_feed&feed=wgl4xEgL,73456401,3e412a7e-4435-405d-ba51-9742a07f5f77
The Music and Magic of John and Paul (with Ian Leslie),2025-04-07,4668,https://cdn.simplecast.com/audio/6fdba516-8381-43b0-b29f-59d05512b693/episodes/c9c93238-acaa-44df-bb37-8b07c9d433d0/audio/0ca38719-8126-4a6b-a4a8-2062804ed88e/default_tc.mp3?aid=rss_feed&feed=wgl4xEgL,74991802,aad6afe2-a638-4362-9bbd-583dbcdb4331
Rational and Religious (with Ross Douthat),2025-04-14,4651,https://cdn.simplecast.com/audio/6fdba516-8381-43b0-b29f-59d05512b693/episodes/ce44c0c0-f5d4-4c71-a439-72ed58b76c45/audio/bb89cfe7-23c2-479e-8ae5-b7ca38274095/default_tc.mp3?aid=rss_feed&feed=wgl4xEgL,74709035,1bac2538-8535-445e-af33-24fbb5e58276
Why Christianity Needs to Help Save Democracy (with Jonathan Rauch),2025-04-21,4808,https://cdn.simplecast.com/audio/6fdba516-8381-43b0-b29f-59d05512b693/episodes/e8e5e095-5d25-4434-8228-a092b6358c09/audio/e8ce643c-ab11-4b51-aa1b-8dc0811fc4b4/default_tc.mp3?aid=rss_feed&feed=wgl4xEgL,77226428,0ee93fbe-fea5-40e5-b1d8-9577cf4f33d1
The Past and Future of AI (with Dwarkesh Patel),2025-04-28,5804,https://cdn.simplecast.com/audio/6fdba516-8381-43b0-b29f-59d05512b693/episodes/f1993ebd-6d04-4b38-b254-54c454978929/audio/2ecea71f-8a13-4680-90fd-4531607ab761/default_tc.mp3?aid=rss_feed&feed=wgl4xEgL,93163406,fe2f9644-5e9d-4a64-82e5-44d29303aae0
The Economics of Tariffs and Trade (with Doug Irwin),2025-05-05,5573,https://cdn.simplecast.com/audio/6fdba516-8381-43b0-b29f-59d05512b693/episodes/c14e959a-291f-4811-aeb5-68da84936dd0/audio/76ec9af6-3c86-4b6f-a872-11ec6051699d/default_tc.mp3?aid=rss_feed&feed=wgl4xEgL,89472200,fbe7c7b8-65b7-4bf8-918d-7a25007501dc
The Past and Present of Privacy and Public Life (with Tiffany Jenkins),2025-05-12,4979,https://cdn.simplecast.com/audio/6fdba516-8381-43b0-b29f-59d05512b693/episodes/3c87293f-abb9-43a2-80d4-85f0f8761f11/audio/65987c66-6333-43db-a561-5f32c6567da8/default_tc.mp3?aid=rss_feed&feed=wgl4xEgL,79961302,b311e3e0-0f96-4cdd-bc25-bf681d5ce4e7
Inside the Mysterious World of Credit Cards (with Patrick McKenzie),2025-05-19,4514,https://cdn.simplecast.com/audio/6fdba516-8381-43b0-b29f-59d05512b693/episodes/d85a2cc7-f252-4e54-b131-5315fdf3adcb/audio/4fda50f2-a01e-446c-abe5-a58dcf4c51ad/default_tc.mp3?aid=rss_feed&feed=wgl4xEgL,72519249,47c1767d-1360-40a4-8803-15f784deeabc
Nature vs. Nurture (with Paul Bloom),2025-05-26,4064,https://cdn.simplecast.com/audio/6fdba516-8381-43b0-b29f-59d05512b693/episodes/7c0c73de-7ed1-464a-9ede-ba19cfccf33d/audio/e860700b-27f2-4ec6-b824-37bf3aadcce0/default_tc.mp3?aid=rss_feed&feed=wgl4xEgL,65317942,f181de8a-fd99-41bb-94da-329a1059a9ad
EconTalk #1000 (with Russ Roberts),2025-06-02,4129,https://cdn.simplecast.com/audio/6fdba516-8381-43b0-b29f-59d05512b693/episodes/dd8eb22d-f1b4-4d66-9741-d525bbf7af03/audio/1452edf9-31d3-41e4-a6a5-60da26fb957e/default_tc.mp3?aid=rss_feed&feed=wgl4xEgL,66357117,8f50f1d8-0b6f-4d5e-ab11-05dd1b79233a
Two Cheers for Libertarianism and Econ 101 (with Noah Smith),2025-06-09,4926,https://cdn.simplecast.com/audio/6fdba516-8381-43b0-b29f-59d05512b693/episodes/256918c6-377e-4cbb-a85f-cd50f8326e14/audio/10372181-eaaa-456d-83b8-1720c88c3e20/default_tc.mp3?aid=rss_feed&feed=wgl4xEgL,79110877,4e97911b-6edb-4e6d-86f7-cc4db0665363
Leon Kass on the Wisdom of Rousseau,2025-06-16,4627,https://cdn.simplecast.com/audio/6fdba516-8381-43b0-b29f-59d05512b693/episodes/2de71c96-a097-402b-9618-5c66adf74ce3/audio/cc9195cf-5a60-4a3a-b41f-7676b8fd6459/default_tc.mp3?aid=rss_feed&feed=wgl4xEgL,74335250,756c2826-c18a-43e0-ac0c-1c077a75c276
How to Be a Super Ager (with Eric Topol),2025-06-23,3684,https://cdn.simplecast.com/audio/6fdba516-8381-43b0-b29f-59d05512b693/episodes/5bf2cb80-0645-45c6-8093-af561c6d9514/audio/ad3b21a7-f423-4a4e-95eb-7c96d4740bb6/default_tc.mp3?aid=rss_feed&feed=wgl4xEgL,59243458,04e66efc-186c-462f-8f4e-b56838f3637d
The Deceptive Power of Maps (with Paulina Rowinska),2025-06-30,4156,https://cdn.simplecast.com/audio/6fdba516-8381-43b0-b29f-59d05512b693/episodes/4c4855fa-0b2f-49ce-9427-18d299d31130/audio/3089d315-5802-48e9-bab5-dcdfe07e16ef/default_tc.mp3?aid=rss_feed&feed=wgl4xEgL,66795700,4ba6af42-d07f-42c4-99ec-0eefc7e19170
What Is Capitalism? (with Mike Munger),2025-07-07,4788,https://cdn.simplecast.com/audio/6fdba516-8381-43b0-b29f-59d05512b693/episodes/5b73a5d1-4f71-4d2e-a843-4a817c2a9b71/audio/f276734e-8eb5-4b7c-9de6-054c295054b8/default_tc.mp3?aid=rss_feed&feed=wgl4xEgL,76919067,fbb8a9c2-105e-4e61-a17d-6fb25d72d2a1
How to Walk the World (with Chris Arnade),2025-07-14,4478,https://cdn.simplecast.com/audio/6fdba516-8381-43b0-b29f-59d05512b693/episodes/2c521946-61dd-44b3-8f6d-6e03f35b1cc0/audio/8f0129e6-ba88-4df7-924e-f6650049f110/default_tc.mp3?aid=rss_feed&feed=wgl4xEgL,71945783,a4b4b25b-d7d1-42cb-b029-eb2bf3373d12
James Marriott on Reading,2025-07-21,5122,https://cdn.simplecast.com/audio/6fdba516-8381-43b0-b29f-59d05512b693/episodes/e18823c3-a650-4179-a4a0-bcb8e964d55a/audio/0060b11f-5dba-4834-8306-1cc4104e8a8c/default_tc.mp3?aid=rss_feed&feed=wgl4xEgL,82255984,64a7d025-6b7f-4cce-9aed-8e9ab8d36de4
Read Like a Champion (with Doug Lemov),2025-07-28,3836,https://cdn.simplecast.com/audio/6fdba516-8381-43b0-b29f-59d05512b693/episodes/765f17de-20df-4afa-a027-cde3d0841423/audio/8d95e21e-6473-4044-83fb-06f0f4faabb5/default_tc.mp3?aid=rss_feed&feed=wgl4xEgL,61674006,2005ffff-d498-45a1-bda6-5e8780cfefa3
Let Me Be Forgotten (with Lowry Pressly),2025-08-04,4860,https://cdn.simplecast.com/audio/6fdba516-8381-43b0-b29f-59d05512b693/episodes/187b4e04-2f90-41cf-8b32-e51cd4307ac4/audio/671f6d5c-04cc-483a-aaff-0e4a0ee64aa5/default_tc.mp3?aid=rss_feed&feed=wgl4xEgL,77766644,3158dff6-d9ad-4e24-8ffd-50fc0ff3fd2b
Learning to Think Like Someone Else (with David Marquet),2025-08-11,3826,https://cdn.simplecast.com/audio/6fdba516-8381-43b0-b29f-59d05512b693/episodes/b45701f4-8da3-4eeb-a8fc-851bab64cf4c/audio/b0b50b62-740f-487c-907e-3149bd7d9e8c/default_tc.mp3?aid=rss_feed&feed=wgl4xEgL,61523558,3b1d1619-be99-493e-924c-726c03160388
Tim Ferriss on Tim Ferriss (and much much more),2025-08-18,7609,https://cdn.simplecast.com/audio/6fdba516-8381-43b0-b29f-59d05512b693/episodes/e362299e-c817-466e-bfea-6e1d6f9c5c6e/audio/492da6bf-923c-4074-9455-f659b989541a/default_tc.mp3?aid=rss_feed&feed=wgl4xEgL,122046129,fa91e438-c3c3-4603-ae06-ece419ab3db4
"Hemingway, Love, and War (with David Wyatt)",2025-08-25,3988,https://cdn.simplecast.com/audio/6fdba516-8381-43b0-b29f-59d05512b693/episodes/c637d180-b73e-4ca7-b8c0-fd05c22239cb/audio/ed478709-c84f-490c-a7ad-a5ac2f3246ea/default_tc.mp3?aid=rss_feed&feed=wgl4xEgL,64115728,da3716b3-b6cc-4126-80e7-b29198e23921
Humans Are Overrated (with Christine Webb),2025-09-01,4253,https://cdn.simplecast.com/audio/6fdba516-8381-43b0-b29f-59d05512b693/episodes/176a96f9-f5b2-4c7d-b3c7-c0d92502e5c1/audio/ba368d87-9777-4d1e-bf24-a48ef2ba4365/default_tc.mp3?aid=rss_feed&feed=wgl4xEgL,68357314,660506b7-2640-43b6-bdec-6d1aed750488
How Teams Succeed (with Colin Fisher),2025-09-08,3802,https://cdn.simplecast.com/audio/6fdba516-8381-43b0-b29f-59d05512b693/episodes/ff2b2d7b-0467-4dff-8719-8b22225a895c/audio/afe4bfc0-ea72-4ce8-965a-857a3baba2e3/default_tc.mp3?aid=rss_feed&feed=wgl4xEgL,61141662,a5e53804-c565-4741-9f62-a84bd43bd685
How Did America Build the Arsenal of Democracy? (with Brian Potter),2025-09-15,3905,https://cdn.simplecast.com/audio/6fdba516-8381-43b0-b29f-59d05512b693/episodes/81630fe6-e7d8-4dae-88c9-95b0c329d337/audio/ab074b28-e279-482b-9c23-0e019e822c01/default_tc.mp3?aid=rss_feed&feed=wgl4xEgL,62782462,ff9fb82c-f9f2-4f72-8397-356c0593c936
Steven Pinker on Common Knowledge,2025-09-22,5000,https://cdn.simplecast.com/audio/6fdba516-8381-43b0-b29f-59d05512b693/episodes/8aed3e82-75f9-4be1-ab32-acac6e4a2b34/audio/a388ccc6-59d5-4851-97b9-ba4412c7b507/default_tc.mp3?aid=rss_feed&feed=wgl4xEgL,80304251,9a9104df-b61f-4b99-abc7-670f3077082a
Eating with Intelligence (with Julia Belluz),2025-09-29,3949,https://cdn.simplecast.com/audio/6fdba516-8381-43b0-b29f-59d05512b693/episodes/e27b27fc-e6b7-4a19-a19a-266080dd6b5f/audio/e377b72b-7817-4144-94e5-48dce0cc8f96/default_tc.mp3?aid=rss_feed&feed=wgl4xEgL,63495197,152f4a8c-dc44-4fe0-944e-87a33497a31c
The Invisible Hierarchies that Rule Our World (with Toby Stuart),2025-10-06,4395,https://cdn.simplecast.com/audio/6fdba516-8381-43b0-b29f-59d05512b693/episodes/152bea2f-eb58-4550-8359-457f664305d9/audio/bf4f41cb-a02a-495f-bb7e-be3a1c3f67fc/default_tc.mp3?aid=rss_feed&feed=wgl4xEgL,70635502,772c4e2f-bb2b-472a-927b-f03ac835c050
The Magic of Tokyo (with Joe McReynolds),2025-10-13,4163,https://cdn.simplecast.com/audio/6fdba516-8381-43b0-b29f-59d05512b693/episodes/9e2f922e-3c8e-4d5f-aa30-ef09b831df21/audio/a5d2d3b4-ae20-411a-b01b-0dd54f0cd438/default_tc.mp3?aid=rss_feed&feed=wgl4xEgL,66912009,f59dc2ae-56d2-4810-a885-883b0ad82e49
Twenty Years of Freakonomics (with Stephen Dubner),2025-10-20,6164,https://cdn.simplecast.com/audio/6fdba516-8381-43b0-b29f-59d05512b693/episodes/1162e547-5e5f-484c-921e-4f46f4418063/audio/0f52dbac-a090-4aa8-89fc-25966c154276/default_tc.mp3?aid=rss_feed&feed=wgl4xEgL,98939266,e52e3bda-09f4-421d-b9e4-0149116265b7
A Mind-Blowing Way of Looking at Math (with David Bessis),2025-10-27,4913,https://cdn.simplecast.com/audio/6fdba516-8381-43b0-b29f-59d05512b693/episodes/5626a5c8-e00e-458d-998d-168f2c1d46e2/audio/376ed2af-9ee6-4811-98c5-d72248baea39/default_tc.mp3?aid=rss_feed&feed=wgl4xEgL,78915266,d3b62642-2f61-4579-bb02-c87befdd6c19
Primal Intelligence (with Angus Fletcher),2025-11-03,4841,https://cdn.simplecast.com/audio/6fdba516-8381-43b0-b29f-59d05512b693/episodes/a92f677c-4bad-4eba-923f-c62eb52557be/audio/1dcf7483-5f81-4d3f-88d4-d4d23b151c9c/default_tc.mp3?aid=rss_feed&feed=wgl4xEgL,77764298,64da1aa5-23a0-470e-a8c2-68ff251a80ca
"Shampoo, Property Rights, and Civilization (with Anthony Gill)",2025-11-10,4099,https://cdn.simplecast.com/audio/6fdba516-8381-43b0-b29f-59d05512b693/episodes/0123e4cc-05d7-4ac2-a47b-3adb2674aafd/audio/a957195f-132d-44f5-a887-e9df48c7298b/default_tc.mp3?aid=rss_feed&feed=wgl4xEgL,65892917,03a5f4b9-8268-450e-bf0f-bf27a96d3be2
The Wonder of the Emergent Mind (with Gaurav Suri),2025-11-17,5980,https://cdn.simplecast.com/audio/6fdba516-8381-43b0-b29f-59d05512b693/episodes/92a0aa77-5818-445d-9645-8e9ae94498ac/audio/489c4471-ca9b-4177-8b9f-000c02e5f8dd/default_tc.mp3?aid=rss_feed&feed=wgl4xEgL,95995504,59cd9608-af54-4dca-8c24-908d1878a676
The Status Game (with Will Storr),2025-11-24,3671,https://cdn.simplecast.com/audio/6fdba516-8381-43b0-b29f-59d05512b693/episodes/29106c63-0ebf-44f7-8db8-1442ac9abaf4/audio/009e2138-0952-48d9-b56c-9c9266824edc/default_tc.mp3?aid=rss_feed&feed=wgl4xEgL,59048496,a2bacc0d-1b69-4fb0-9015-0e18d239511e
"The Perfect Tuba: How Band, Grit, and Community Build a Better Life (with Sam Quinones)",2025-12-01,3643,https://cdn.simplecast.com/audio/6fdba516-8381-43b0-b29f-59d05512b693/episodes/bef9c7ae-bf33-4dd6-805b-48988ef26282/audio/60b0ef18-ce03-4117-ae17-803e70c2deaa/default_tc.mp3?aid=rss_feed&feed=wgl4xEgL,58592661,831ffcab-91f4-49b3-bbab-023675b8ce64
"Colonialism, Slavery, and Foreign Aid (with William Easterly)",2025-12-08,3842,https://cdn.simplecast.com/audio/6fdba516-8381-43b0-b29f-59d05512b693/episodes/ab019906-ef56-4da5-90d7-634c595ce739/audio/53610c1c-808b-4633-80f6-1b0289400d0f/default_tc.mp3?aid=rss_feed&feed=wgl4xEgL,61782395,4606a1ae-2a35-4047-8a83-dc3cf7d34756
Free Will Is Real (with Kevin Mitchell),2025-12-15,5547,https://cdn.simplecast.com/audio/6fdba516-8381-43b0-b29f-59d05512b693/episodes/21e06884-955f-4d7c-a79d-a79685f4cb13/audio/65516b4a-ee90-4096-8756-51e3002748e6/default_tc.mp3?aid=rss_feed&feed=wgl4xEgL,89055698,bf370d01-fee9-442e-8ad1-1592a75f7739
David Deutsch on the Pattern,2025-12-22,5176,https://cdn.simplecast.com/audio/6fdba516-8381-43b0-b29f-59d05512b693/episodes/a465fa1a-35ca-40f6-8e3c-6f7e49424912/audio/9dfae9e8-490f-499c-8f11-35f0563688e1/default_tc.mp3?aid=rss_feed&feed=wgl4xEgL,83126388,cbce677e-c65d-49ec-919f-9e56bd5e10c3
In Defense of Intuition (with Gerd Gigerenzer),2025-12-29,3496,https://cdn.simplecast.com/audio/6fdba516-8381-43b0-b29f-59d05512b693/episodes/6e0ea9a0-fba8-492d-9d62-1690bee6c45f/audio/e579f55b-44f7-4e2d-a4cb-f485bdb38db8/default_tc.mp3?aid=rss_feed&feed=wgl4xEgL,56246745,63fc4297-6ce5-4751-9495-b2fb0b8462c9
"Conversation, Interintellect, and Arcadia (with Anna Gat)",2026-01-05,4935,https://cdn.simplecast.com/audio/6fdba516-8381-43b0-b29f-59d05512b693/episodes/9770f7fb-c786-42ca-9388-be927adcf65a/audio/b272b991-58dd-487f-98d1-44390e36f8db/default_tc.mp3?aid=rss_feed&feed=wgl4xEgL,79255829,22cc45d7-ceba-443e-8fc7-a9f78c1f0aae
The Mattering Instinct (with Rebecca Newberger Goldstein),2026-01-12,3926,https://cdn.simplecast.com/audio/6fdba516-8381-43b0-b29f-59d05512b693/episodes/db509f0b-789b-4501-83af-42270ba2441e/audio/a5814d94-3e11-41c6-8e52-54d08f591f86/default_tc.mp3?aid=rss_feed&feed=wgl4xEgL,63120718,a8362633-c109-4342-a5d8-d7aa53ea48d5
"Nature, Nurture, and Identical Twins (with David Bessis)",2026-01-19,3898,https://cdn.simplecast.com/audio/6fdba516-8381-43b0-b29f-59d05512b693/episodes/b65361e0-68f3-40ea-bf03-b83afd9c8269/audio/216c2bff-0085-475c-963f-5b0e87be7e42/default_tc.mp3?aid=rss_feed&feed=wgl4xEgL,62669067,fc85cbd8-7d77-4ae3-bb49-7dcca32c8f4f
"Zionism, the Melting Pot, and the Galveston Project (with Rachel Cockerell)",2026-01-26,4002,https://cdn.simplecast.com/audio/6fdba516-8381-43b0-b29f-59d05512b693/episodes/ee6043ad-dd4b-49a7-9d11-e373bab52cc8/audio/a1f36e16-a109-4721-a866-0a21ce621639/default_tc.mp3?aid=rss_feed&feed=wgl4xEgL,64328638,ac146ab1-80d5-43ac-8256-5c9f8e752faa
How to Flourish (with Daniel Coyle),2026-02-02,4521,https://cdn.simplecast.com/audio/6fdba516-8381-43b0-b29f-59d05512b693/episodes/1a6397c9-34bb-4253-88b5-1563e339f410/audio/0fd664fc-dee6-424f-bb3c-0d190dbe6b0c/default_tc.mp3?aid=rss_feed&feed=wgl4xEgL,72632611,43f52dde-26be-4a9e-b740-b7bcd3ef2fb5
A Military Analysis of Israel's War in Gaza (with Andrew Fox),2026-02-09,4095,https://cdn.simplecast.com/audio/6fdba516-8381-43b0-b29f-59d05512b693/episodes/3d21cde3-7d25-417b-986f-469fda61df09/audio/d9c529b2-a426-499a-af0a-2d6bda621331/default_tc.mp3?aid=rss_feed&feed=wgl4xEgL,65828008,77b851f1-44d8-4298-98df-3c6b343c0f0a
"Seiko, Swatch, and the Swiss Watch Industry (with Aled Maclean-Jones)",2026-02-16,3689,https://cdn.simplecast.com/audio/6fdba516-8381-43b0-b29f-59d05512b693/episodes/c4ae9090-863f-463f-9386-6fb349fd06b8/audio/87b3e0d4-688b-4d80-bef6-0f3210fe72c4/default_tc.mp3?aid=rss_feed&feed=wgl4xEgL,59328877,7433d212-911a-4abd-b058-4943b6bbb44e
The Man Who Would Be King of Saudi Arabia (with Karen Elliott House),2026-02-23,4618,https://cdn.simplecast.com/media/audio/transcoded/14ea66f7-768f-433c-bff1-0b34ab517bf9/6fdba516-8381-43b0-b29f-59d05512b693/episodes/audio/group/2b4b0a04-a903-425c-9350-cfc267082d59/group-item/f6933b40-c890-4088-bc4c-b172e32ad16b/128_default_tc.mp3?aid=rss_feed&feed=wgl4xEgL,74183019,4d67b808-cbc4-4dc6-a283-89c2b6b9565b
The Power of Introverts (with Susan Cain),2026-03-02,4083,https://cdn.simplecast.com/media/audio/transcoded/14ea66f7-768f-433c-bff1-0b34ab517bf9/6fdba516-8381-43b0-b29f-59d05512b693/episodes/audio/group/5ded43a2-19e9-4678-b6a0-5c9093d68c5d/group-item/f02e14c5-6f0b-46d6-86da-40d91f4111df/128_default_tc.mp3?aid=rss_feed&feed=wgl4xEgL,65629039,3c3d7d70-b47b-4d06-bd80-afe433378530
How We Tamed Ourselves and Invented Good and Evil (with Hanno Sauer),2026-03-09,4450,https://cdn.simplecast.com/media/audio/transcoded/14ea66f7-768f-433c-bff1-0b34ab517bf9/6fdba516-8381-43b0-b29f-59d05512b693/episodes/audio/group/d48f9c8d-68e0-45be-9ac4-6b777ff5a358/group-item/04669511-5b20-4571-9816-728becd3b38e/128_default_tc.mp3?aid=rss_feed&feed=wgl4xEgL,71499848,f4e69597-51f2-4ce3-9252-c92d775ab435
The Economics of Scarcity and the UNC-Duke Basketball Game (with Michael Munger),2026-03-16,3968,https://cdn.simplecast.com/media/audio/transcoded/14ea66f7-768f-433c-bff1-0b34ab517bf9/6fdba516-8381-43b0-b29f-59d05512b693/episodes/audio/group/00a3caa4-7838-44bc-99e4-9cbd85b22b93/group-item/dd075b98-8ff7-4e77-b3b4-54fea1ad1e04/128_default_tc.mp3?aid=rss_feed&feed=wgl4xEgL,63798126,84039269-3e8f-4e23-8656-b29cebc0587b
The Match That Lit the Flame: Hannah Senesh and the Creation of Modern Israel (with Matti Friedman),2026-03-23,4219,https://cdn.simplecast.com/media/audio/transcoded/14ea66f7-768f-433c-bff1-0b34ab517bf9/6fdba516-8381-43b0-b29f-59d05512b693/episodes/audio/group/30dde062-bc8a-4113-883f-eff9cde65fc9/group-item/5f9c96b1-753d-4aaa-9a36-408518aa0875/128_default_tc.mp3?aid=rss_feed&feed=wgl4xEgL,67812225,c1fafef0-6885-4289-a0d4-1b0fe5e2ecaa
"AI, Employment, and Education (with Tyler Cowen)",2026-03-30,3733,https://cdn.simplecast.com/media/audio/transcoded/14ea66f7-768f-433c-bff1-0b34ab517bf9/6fdba516-8381-43b0-b29f-59d05512b693/episodes/audio/group/89ddb3d8-88ac-4ff1-8208-6e7cebec2bca/group-item/5c72b6c2-5630-42f3-9c1e-01d19a142d46/128_default_tc.mp3?aid=rss_feed&feed=wgl4xEgL,60028102,2a621e39-cd5a-4c60-b75b-ccb3eb491309
The Unseen Work: Stewart Brand on Maintenance and Civilization,2026-04-06,5228,https://cdn.simplecast.com/media/audio/transcoded/14ea66f7-768f-433c-bff1-0b34ab517bf9/6fdba516-8381-43b0-b29f-59d05512b693/episodes/audio/group/f5e2410b-9c02-41e6-a7b7-9249c84ed904/group-item/25c60cf2-8c42-4405-ae97-848d3be076cd/128_default_tc.mp3?aid=rss_feed&feed=wgl4xEgL,83947910,f82357e8-36df-4d72-9a7d-490c6083b1c8
The Man Who Built NVIDIA (with Stephen Witt),2026-04-13,3865,https://cdn.simplecast.com/media/audio/transcoded/14ea66f7-768f-433c-bff1-0b34ab517bf9/6fdba516-8381-43b0-b29f-59d05512b693/episodes/audio/group/396cc9e4-9bc4-4708-a69e-fa695f76898e/group-item/c87c4f0f-e424-4028-abc0-d9ee3335dec9/128_default_tc.mp3?aid=rss_feed&feed=wgl4xEgL,62138364,83965796-a10f-412b-b9ae-0b906a01cf51
"Adam Smith's Warning About Wealth, Fame, and Status (with Ross Levine)",2026-04-20,3826,https://cdn.simplecast.com/media/audio/transcoded/14ea66f7-768f-433c-bff1-0b34ab517bf9/6fdba516-8381-43b0-b29f-59d05512b693/episodes/audio/group/215c2e4b-c168-43f1-b7d9-bdb95f7237ff/group-item/b648e324-3152-4098-b62e-7abbaf4a4b86/128_default_tc.mp3?aid=rss_feed&feed=wgl4xEgL,61527336,c1efc661-c70e-4bb7-96d9-abe77dea6488
"Claude, War, and the State of the Republic (with Dean Ball)",2026-04-27,4643,https://cdn.simplecast.com/media/audio/transcoded/14ea66f7-768f-433c-bff1-0b34ab517bf9/6fdba516-8381-43b0-b29f-59d05512b693/episodes/audio/group/6679fe05-567b-48b6-8572-e82c620785d0/group-item/a238dc87-62b4-45b3-8879-ad113c3a3383/128_default_tc.mp3?aid=rss_feed&feed=wgl4xEgL,74596489,54855620-0280-4b4e-8c6a-7b1acedf6b1d
Golfing Alone (with Gary Belsky),2026-05-04,3585,https://cdn.simplecast.com/media/audio/transcoded/14ea66f7-768f-433c-bff1-0b34ab517bf9/6fdba516-8381-43b0-b29f-59d05512b693/episodes/audio/group/5a3704b8-424d-4d26-9fb8-5fe043d35eb4/group-item/f4b13483-823e-4b3b-b296-b820bf31e263/128_default_tc.mp3?aid=rss_feed&feed=wgl4xEgL,57672459,538284e9-911f-4b56-b72e-fbf5fecd8845
Thinking Inside the Box (with David Epstein),2026-05-11,4249,https://cdn.simplecast.com/media/audio/transcoded/14ea66f7-768f-433c-bff1-0b34ab517bf9/6fdba516-8381-43b0-b29f-59d05512b693/episodes/audio/group/2713ee87-7162-460a-ac95-416a66b10df1/group-item/b648c8d9-d3ba-4648-afb3-3a9f64288b4d/128_default_tc.mp3?aid=rss_feed&feed=wgl4xEgL,68292381,f41502b9-84de-42dd-9199-a32da69dcf3b
Tom Cruise's Body of Work (with Aled Maclean-Jones),2026-05-18,4108,https://cdn.simplecast.com/media/audio/transcoded/14ea66f7-768f-433c-bff1-0b34ab517bf9/6fdba516-8381-43b0-b29f-59d05512b693/episodes/audio/group/939590e9-98e4-4fa8-9708-adb6d6d287d7/group-item/1d303b27-932e-46bb-b661-eadfefb27374/128_default_tc.mp3?aid=rss_feed&feed=wgl4xEgL,66032079,10d1d13c-3c04-4538-8830-42823dc09cd0
Facing Death (with Sebastian Junger),2026-05-25,3993,https://cdn.simplecast.com/media/audio/transcoded/14ea66f7-768f-433c-bff1-0b34ab517bf9/6fdba516-8381-43b0-b29f-59d05512b693/episodes/audio/group/edeec680-e2e4-4969-b9cf-da21583cc1b0/group-item/0321eaeb-019a-4050-afc8-6955b2f4ab20/128_default_tc.mp3?aid=rss_feed&feed=wgl4xEgL,64200567,1f18c97d-24a8-45f6-b6c1-345024d54a79
"Making Your 80,000 Hours Count (with Benjamin Todd)",2026-06-01,4022,https://cdn.simplecast.com/media/audio/transcoded/14ea66f7-768f-433c-bff1-0b34ab517bf9/6fdba516-8381-43b0-b29f-59d05512b693/episodes/audio/group/e38de557-9d97-4f0d-9e34-0d2d37bad0ad/group-item/331d7d05-8155-4f65-ab83-5e0df561c0ab/128_default_tc.mp3?aid=rss_feed&feed=wgl4xEgL,64654205,10aa0938-6426-4ad2-b3e3-d1bcea915fc5
"The Self, the Crowd, and Social Contagion (with Luke Burgis)",2026-06-08,4266,https://cdn.simplecast.com/media/audio/transcoded/14ea66f7-768f-433c-bff1-0b34ab517bf9/6fdba516-8381-43b0-b29f-59d05512b693/episodes/audio/group/c21fb4ff-1f24-40f3-828e-2420eaf7139f/group-item/1968bf19-7957-401e-8a27-1ad1f1414338/128_default_tc.mp3?aid=rss_feed&feed=wgl4xEgL,68570073,4d165eae-0124-4910-9273-e528410b8995
The Case for Sunshine (with Rowan Jacobsen),2026-06-15,3958,https://cdn.simplecast.com/media/audio/transcoded/14ea66f7-768f-433c-bff1-0b34ab517bf9/6fdba516-8381-43b0-b29f-59d05512b693/episodes/audio/group/f2acac9b-64f6-4bcb-b402-48b7376a4a87/group-item/e78e5105-b56e-4a80-9c68-0a3ca03dec16/128_default_tc.mp3?aid=rss_feed&feed=wgl4xEgL,63631869,751294f4-baee-4962-b2dc-7c42433c9f42
Can a Phone Be a Cow? (with Philip Auerswald),2026-06-22,4775,https://cdn.simplecast.com/media/audio/transcoded/14ea66f7-768f-433c-bff1-0b34ab517bf9/6fdba516-8381-43b0-b29f-59d05512b693/episodes/audio/group/de677743-270a-4e1a-80d6-f698f5ab70e8/group-item/84e95da9-f53e-47be-a6eb-cb427372c10b/128_default_tc.mp3?aid=rss_feed&feed=wgl4xEgL,76714829,03f0cab5-6cf6-4805-8e92-0457f606eb60
"Do Less, Heal More: The Case for Medical Conservatism (with John Mandrola)",2026-06-29,3584,https://cdn.simplecast.com/media/audio/transcoded/14ea66f7-768f-433c-bff1-0b34ab517bf9/6fdba516-8381-43b0-b29f-59d05512b693/episodes/audio/group/c644bb95-e168-4266-9b23-699c8e6bcab7/group-item/e63e869f-98b8-4be7-9952-4ba1bf1ddc8f/128_default_tc.mp3?aid=rss_feed&feed=wgl4xEgL,57654954,a91e6ac1-95f2-45dd-afe7-d6c19cbd93f0
EconTalk Book Club on the Iliad (with Ido Hevroni),2026-07-06,4202,https://cdn.simplecast.com/media/audio/transcoded/14ea66f7-768f-433c-bff1-0b34ab517bf9/6fdba516-8381-43b0-b29f-59d05512b693/episodes/audio/group/0cf02d17-6872-4299-957b-645e7c4f1415/group-item/7bb86b13-7b25-4753-b6d4-d97627c87291/128_default_tc.mp3?aid=rss_feed&feed=wgl4xEgL,67545098,1e6d5ad4-d2a0-43d5-bd40-7ba728ceb17b
From Sawdust to Paw Patrol: The Spin Master Story (with Ronnen Harary),2026-07-13,4160,https://cdn.simplecast.com/media/audio/transcoded/14ea66f7-768f-433c-bff1-0b34ab517bf9/6fdba516-8381-43b0-b29f-59d05512b693/episodes/audio/group/de079f6d-02e9-4133-8918-e081015b7120/group-item/c71202d8-5cae-4c9a-970a-c28163df247b/128_default_tc.mp3?aid=rss_feed&feed=wgl4xEgL,66860492,e8ab53ae-d91a-4a02-95fa-eb2f4f202dff
Dwayne Betts on the Iliad,2026-07-20,5330,https://cdn.simplecast.com/media/audio/transcoded/14ea66f7-768f-433c-bff1-0b34ab517bf9/6fdba516-8381-43b0-b29f-59d05512b693/episodes/audio/group/0dbe3ea4-9ade-41a5-bab0-7ca5a19292ff/group-item/9ca15dbb-3aa9-44d1-83a7-427e53ce9732/128_default_tc.mp3?aid=rss_feed&feed=wgl4xEgL,85580425,7e9bb266-dc12-48da-864f-4fa3d88c4ff0
Savage Landscapes (with Cal Flyn),2026-07-27,3745,https://cdn.simplecast.com/media/audio/transcoded/14ea66f7-768f-433c-bff1-0b34ab517bf9/6fdba516-8381-43b0-b29f-59d05512b693/episodes/audio/group/975729e5-ee44-4be4-862e-f052aa642b15/group-item/e6ac265f-b5d2-44ac-8e48-7ad0605483d7/128_default_tc.mp3?aid=rss_feed&feed=wgl4xEgL,60230898,3749efd5-2ddf-4faf-9aee-3f70e6bc1780
