title,date,duration_s,enclosure_url,enclosure_bytes,guid
"My Brother, My Brother and Me: Episode 01",2010-04-12,2295,https://claritaspod.com/measure/prfx.byspotify.com/e/pscrb.fm/rss/p/mgln.ai/e/31/afp-9384.calisto.simplecastaudio.com/dbf86dbd-6a9d-4db2-a354-45de08471376/episodes/e445207a-6dc2-44bf-8671-59d54b94862f/audio/128/default.mp3?aid=rss_feed&awCollectionId=dbf86dbd-6a9d-4db2-a354-45de08471376&awEpisodeId=e445207a-6dc2-44bf-8671-59d54b94862f&feed=wjQvYtdl,36764196,http://mbmbam.libsyn.com/index.php?post_id=603414#
"My Brother, My Brother and Me: Episode 02",2010-04-19,2380,https://claritaspod.com/measure/prfx.byspotify.com/e/pscrb.fm/rss/p/mgln.ai/e/31/afp-9384.calisto.simplecastaudio.com/dbf86dbd-6a9d-4db2-a354-45de08471376/episodes/253cb1ca-422e-4cd5-95c6-e6348f226aac/audio/128/default.mp3?aid=rss_feed&awCollectionId=dbf86dbd-6a9d-4db2-a354-45de08471376&awEpisodeId=253cb1ca-422e-4cd5-95c6-e6348f226aac&feed=wjQvYtdl,38210640,http://mbmbam.libsyn.com/index.php?post_id=606134#
"My Brother, My Brother and Me: Episode 03",2010-04-26,2423,https://claritaspod.com/measure/prfx.byspotify.com/e/pscrb.fm/rss/p/mgln.ai/e/31/afp-9384.calisto.simplecastaudio.com/dbf86dbd-6a9d-4db2-a354-45de08471376/episodes/9ce6d7a2-2f19-4168-8864-695c362bb75b/audio/128/default.mp3?aid=rss_feed&awCollectionId=dbf86dbd-6a9d-4db2-a354-45de08471376&awEpisodeId=9ce6d7a2-2f19-4168-8864-695c362bb75b&feed=wjQvYtdl,38821908,http://mbmbam.libsyn.com/index.php?post_id=608612#
"My Brother, My Brother and Me: Episode 04",2010-05-03,2889,https://claritaspod.com/measure/prfx.byspotify.com/e/pscrb.fm/rss/p/mgln.ai/e/31/afp-9384.calisto.simplecastaudio.com/dbf86dbd-6a9d-4db2-a354-45de08471376/episodes/a31ad4e2-05cb-42cf-8c38-1bcc6ca58282/audio/128/default.mp3?aid=rss_feed&awCollectionId=dbf86dbd-6a9d-4db2-a354-45de08471376&awEpisodeId=a31ad4e2-05cb-42cf-8c38-1bcc6ca58282&feed=wjQvYtdl,46346873,http://mbmbam.libsyn.com/index.php?post_id=611027#
"My Brother, My Brother and Me: Episode 05",2010-05-10,2450,https://claritaspod.com/measure/prfx.byspotify.com/e/pscrb.fm/rss/p/mgln.ai/e/31/afp-9384.calisto.simplecastaudio.com/dbf86dbd-6a9d-4db2-a354-45de08471376/episodes/2c57c680-79ff-4cfd-b151-4b58eed5966c/audio/128/default.mp3?aid=rss_feed&awCollectionId=dbf86dbd-6a9d-4db2-a354-45de08471376&awEpisodeId=2c57c680-79ff-4cfd-b151-4b58eed5966c&feed=wjQvYtdl,19749095,http://mbmbam.libsyn.com/index.php?post_id=613375#
"My Brother, My Brother and Me: Episode 06",2010-05-17,2382,https://claritaspod.com/measure/prfx.byspotify.com/e/pscrb.fm/rss/p/mgln.ai/e/31/afp-9384.calisto.simplecastaudio.com/dbf86dbd-6a9d-4db2-a354-45de08471376/episodes/f0d17374-bfcd-4271-a77b-c11b4c906233/audio/128/default.mp3?aid=rss_feed&awCollectionId=dbf86dbd-6a9d-4db2-a354-45de08471376&awEpisodeId=f0d17374-bfcd-4271-a77b-c11b4c906233&feed=wjQvYtdl,19056248,http://mbmbam.libsyn.com/index.php?post_id=615621#
"My Brother, My Brother and Me: Episode 07",2010-05-24,2868,https://claritaspod.com/measure/prfx.byspotify.com/e/pscrb.fm/rss/p/mgln.ai/e/31/afp-9384.calisto.simplecastaudio.com/dbf86dbd-6a9d-4db2-a354-45de08471376/episodes/a4e7b491-308f-4291-abb3-6ce2e2b0f362/audio/128/default.mp3?aid=rss_feed&awCollectionId=dbf86dbd-6a9d-4db2-a354-45de08471376&awEpisodeId=a4e7b491-308f-4291-abb3-6ce2e2b0f362&feed=wjQvYtdl,22960740,http://mbmbam.libsyn.com/index.php?post_id=617850#
"My Brother, My Brother and Me: Episode 08",2010-06-07,2691,https://claritaspod.com/measure/prfx.byspotify.com/e/pscrb.fm/rss/p/mgln.ai/e/31/afp-9384.calisto.simplecastaudio.com/dbf86dbd-6a9d-4db2-a354-45de08471376/episodes/188fc7b6-3dd2-402d-86e6-6848d68c1ac4/audio/128/default.mp3?aid=rss_feed&awCollectionId=dbf86dbd-6a9d-4db2-a354-45de08471376&awEpisodeId=188fc7b6-3dd2-402d-86e6-6848d68c1ac4&feed=wjQvYtdl,26963540,http://mbmbam.libsyn.com/index.php?post_id=622053#
"My Brother, My Brother and Me: Episode 09",2010-06-14,2817,https://claritaspod.com/measure/prfx.byspotify.com/e/pscrb.fm/rss/p/mgln.ai/e/31/afp-9384.calisto.simplecastaudio.com/dbf86dbd-6a9d-4db2-a354-45de08471376/episodes/36ca1125-8229-4024-899e-7a47a1a0d5f3/audio/128/default.mp3?aid=rss_feed&awCollectionId=dbf86dbd-6a9d-4db2-a354-45de08471376&awEpisodeId=36ca1125-8229-4024-899e-7a47a1a0d5f3&feed=wjQvYtdl,28173610,http://mbmbam.libsyn.com/index.php?post_id=623961#
"My Brother, My Brother and Me: Episode 10",2010-06-21,1721,https://claritaspod.com/measure/prfx.byspotify.com/e/pscrb.fm/rss/p/mgln.ai/e/31/afp-9384.calisto.simplecastaudio.com/dbf86dbd-6a9d-4db2-a354-45de08471376/episodes/37e956de-253f-4843-9062-e197df72d3e6/audio/128/default.mp3?aid=rss_feed&awCollectionId=dbf86dbd-6a9d-4db2-a354-45de08471376&awEpisodeId=37e956de-253f-4843-9062-e197df72d3e6&feed=wjQvYtdl,17258924,http://mbmbam.libsyn.com/index.php?post_id=625861#
"My Brother, My Brother and Me 11: The Lesbian Apocalypse",2010-06-28,2314,https://claritaspod.com/measure/prfx.byspotify.com/e/pscrb.fm/rss/p/mgln.ai/e/31/afp-9384.calisto.simplecastaudio.com/dbf86dbd-6a9d-4db2-a354-45de08471376/episodes/953fd8e6-6786-4d97-b6b2-07130dc87c5a/audio/128/default.mp3?aid=rss_feed&awCollectionId=dbf86dbd-6a9d-4db2-a354-45de08471376&awEpisodeId=953fd8e6-6786-4d97-b6b2-07130dc87c5a&feed=wjQvYtdl,23309721,http://mbmbam.libsyn.com/index.php?post_id=627605#
"My Brother, My Brother and Me 12: The Last Frownbender",2010-07-05,2208,https://claritaspod.com/measure/prfx.byspotify.com/e/pscrb.fm/rss/p/mgln.ai/e/31/afp-9384.calisto.simplecastaudio.com/dbf86dbd-6a9d-4db2-a354-45de08471376/episodes/36b855ac-666a-473d-beb5-fb9f88469d6d/audio/128/default.mp3?aid=rss_feed&awCollectionId=dbf86dbd-6a9d-4db2-a354-45de08471376&awEpisodeId=36b855ac-666a-473d-beb5-fb9f88469d6d&feed=wjQvYtdl,22089953,http://mbmbam.libsyn.com/index.php?post_id=629188#
"My Brother, My Brother and Me 13: The Life Moustache",2010-07-13,1982,https://claritaspod.com/measure/prfx.byspotify.com/e/pscrb.fm/rss/p/mgln.ai/e/31/afp-9384.calisto.simplecastaudio.com/dbf86dbd-6a9d-4db2-a354-45de08471376/episodes/fbfe2fc3-5d83-4c6b-b89a-34f58758826c/audio/128/default.mp3?aid=rss_feed&awCollectionId=dbf86dbd-6a9d-4db2-a354-45de08471376&awEpisodeId=fbfe2fc3-5d83-4c6b-b89a-34f58758826c&feed=wjQvYtdl,19828010,549d7e12925217a82b6084bdf92417f6
"My Brother, My Brother and Me 14: The Secret Life of Ferguson",2010-07-19,2686,https://claritaspod.com/measure/prfx.byspotify.com/e/pscrb.fm/rss/p/mgln.ai/e/31/afp-9384.calisto.simplecastaudio.com/dbf86dbd-6a9d-4db2-a354-45de08471376/episodes/7fdafb9d-7b1e-4b5e-840b-efaae50f415d/audio/128/default.mp3?aid=rss_feed&awCollectionId=dbf86dbd-6a9d-4db2-a354-45de08471376&awEpisodeId=7fdafb9d-7b1e-4b5e-840b-efaae50f415d&feed=wjQvYtdl,26864614,a0708c6b25f64f68dcb9ece15a53e2e8
"My Brother, My Brother and Me 15: The Armpit Hat",2010-07-26,2935,https://claritaspod.com/measure/prfx.byspotify.com/e/pscrb.fm/rss/p/mgln.ai/e/31/afp-9384.calisto.simplecastaudio.com/dbf86dbd-6a9d-4db2-a354-45de08471376/episodes/362b164c-9f0a-423e-aa64-cd071689dc9f/audio/128/default.mp3?aid=rss_feed&awCollectionId=dbf86dbd-6a9d-4db2-a354-45de08471376&awEpisodeId=362b164c-9f0a-423e-aa64-cd071689dc9f&feed=wjQvYtdl,29350949,daa35eb18df8e63ae6eb32c4bde56028
"My Brother, My Brother and Me 16: Coach",2010-08-02,2667,https://claritaspod.com/measure/prfx.byspotify.com/e/pscrb.fm/rss/p/mgln.ai/e/31/afp-9384.calisto.simplecastaudio.com/dbf86dbd-6a9d-4db2-a354-45de08471376/episodes/87dbb36b-50de-4522-9515-ba9a2e658b0a/audio/128/default.mp3?aid=rss_feed&awCollectionId=dbf86dbd-6a9d-4db2-a354-45de08471376&awEpisodeId=87dbb36b-50de-4522-9515-ba9a2e658b0a&feed=wjQvYtdl,26679177,ab140228f0afd1d1deec2b5964896188
"My Brother, My Brother and Me 17: Just the Stats, Fats",2010-08-09,2400,https://claritaspod.com/measure/prfx.byspotify.com/e/pscrb.fm/rss/p/mgln.ai/e/31/afp-9384.calisto.simplecastaudio.com/dbf86dbd-6a9d-4db2-a354-45de08471376/episodes/3b9a13ec-43d7-47fc-b800-d66912c8ca32/audio/128/default.mp3?aid=rss_feed&awCollectionId=dbf86dbd-6a9d-4db2-a354-45de08471376&awEpisodeId=3b9a13ec-43d7-47fc-b800-d66912c8ca32&feed=wjQvYtdl,24002377,cfcda3447229d3c2c6b43f6cd84ce553
"My Brother, My Brother and Me 18: PB&C",2010-08-16,2772,https://claritaspod.com/measure/prfx.byspotify.com/e/pscrb.fm/rss/p/mgln.ai/e/31/afp-9384.calisto.simplecastaudio.com/dbf86dbd-6a9d-4db2-a354-45de08471376/episodes/373dbefb-070e-4186-b31c-ae66714d7db0/audio/128/default.mp3?aid=rss_feed&awCollectionId=dbf86dbd-6a9d-4db2-a354-45de08471376&awEpisodeId=373dbefb-070e-4186-b31c-ae66714d7db0&feed=wjQvYtdl,27725087,46c1d89cffbeca4302fbc52fe060b5cd
"My Brother, My Brother and Me 19: Bad Seed",2010-08-23,2406,https://claritaspod.com/measure/prfx.byspotify.com/e/pscrb.fm/rss/p/mgln.ai/e/31/afp-9384.calisto.simplecastaudio.com/dbf86dbd-6a9d-4db2-a354-45de08471376/episodes/85804ebf-5db7-4168-b5c7-4f02bcd2f173/audio/128/default.mp3?aid=rss_feed&awCollectionId=dbf86dbd-6a9d-4db2-a354-45de08471376&awEpisodeId=85804ebf-5db7-4168-b5c7-4f02bcd2f173&feed=wjQvYtdl,24067945,45ab702093ecdf266308210b4af815f9
"My Brother, My Brother and Me 20: Super Donuts",2010-08-30,2581,https://claritaspod.com/measure/prfx.byspotify.com/e/pscrb.fm/rss/p/mgln.ai/e/31/afp-9384.calisto.simplecastaudio.com/dbf86dbd-6a9d-4db2-a354-45de08471376/episodes/ae10a3aa-9031-4346-a295-6ad1cb4081e9/audio/128/default.mp3?aid=rss_feed&awCollectionId=dbf86dbd-6a9d-4db2-a354-45de08471376&awEpisodeId=ae10a3aa-9031-4346-a295-6ad1cb4081e9&feed=wjQvYtdl,25937896,fdf7059001e57d8a8bcbaa42b31e7d6f
"My Brother, My Brother and Me 21: Drunting",2010-09-13,3034,https://claritaspod.com/measure/prfx.byspotify.com/e/pscrb.fm/rss/p/mgln.ai/e/31/afp-9384.calisto.simplecastaudio.com/dbf86dbd-6a9d-4db2-a354-45de08471376/episodes/c6f61238-1ea1-40e1-a278-7ee6a0b6645e/audio/128/default.mp3?aid=rss_feed&awCollectionId=dbf86dbd-6a9d-4db2-a354-45de08471376&awEpisodeId=c6f61238-1ea1-40e1-a278-7ee6a0b6645e&feed=wjQvYtdl,30471596,210c0875b715fde726efdf8f924a0790
"My Brother, My Brother and Me 22: Lovegoose",2010-09-20,2362,https://claritaspod.com/measure/prfx.byspotify.com/e/pscrb.fm/rss/p/mgln.ai/e/31/afp-9384.calisto.simplecastaudio.com/dbf86dbd-6a9d-4db2-a354-45de08471376/episodes/35a270fa-08c8-455c-a78f-89a8bf1469f0/audio/128/default.mp3?aid=rss_feed&awCollectionId=dbf86dbd-6a9d-4db2-a354-45de08471376&awEpisodeId=35a270fa-08c8-455c-a78f-89a8bf1469f0&feed=wjQvYtdl,23756298,c59a0400fbc9d5f5ef9f6f7bbfb5570b
"My Brother, My Brother and Me 23: Dad Stew",2010-09-27,2559,https://claritaspod.com/measure/prfx.byspotify.com/e/pscrb.fm/rss/p/mgln.ai/e/31/afp-9384.calisto.simplecastaudio.com/dbf86dbd-6a9d-4db2-a354-45de08471376/episodes/1cdacdb0-75cc-46e4-8007-a533e686771f/audio/128/default.mp3?aid=rss_feed&awCollectionId=dbf86dbd-6a9d-4db2-a354-45de08471376&awEpisodeId=1cdacdb0-75cc-46e4-8007-a533e686771f&feed=wjQvYtdl,25718094,5940555bae6df5945f94998f856d0420
"My Brother, My Brother and Me 24: Hey Hon, How's Your Day",2010-10-04,2477,https://claritaspod.com/measure/prfx.byspotify.com/e/pscrb.fm/rss/p/mgln.ai/e/31/afp-9384.calisto.simplecastaudio.com/dbf86dbd-6a9d-4db2-a354-45de08471376/episodes/b1b3b837-3301-4909-868a-3e999926db07/audio/128/default.mp3?aid=rss_feed&awCollectionId=dbf86dbd-6a9d-4db2-a354-45de08471376&awEpisodeId=b1b3b837-3301-4909-868a-3e999926db07&feed=wjQvYtdl,24901245,09a965f271d054322de422aae0a4531d
"My Brother, My Brother and Me 25: Freak in the Bedroll",2010-10-11,2527,https://claritaspod.com/measure/prfx.byspotify.com/e/pscrb.fm/rss/p/mgln.ai/e/31/afp-9384.calisto.simplecastaudio.com/dbf86dbd-6a9d-4db2-a354-45de08471376/episodes/e4672a67-5546-4dec-9032-a577d44f8082/audio/128/default.mp3?aid=rss_feed&awCollectionId=dbf86dbd-6a9d-4db2-a354-45de08471376&awEpisodeId=e4672a67-5546-4dec-9032-a577d44f8082&feed=wjQvYtdl,25398877,ed690d7db6d632cbf2f67823a6a3b04d
"My Brother, My Brother and Me 26: Bases Loaded",2010-10-18,2696,https://claritaspod.com/measure/prfx.byspotify.com/e/pscrb.fm/rss/p/mgln.ai/e/31/afp-9384.calisto.simplecastaudio.com/dbf86dbd-6a9d-4db2-a354-45de08471376/episodes/2d18d1eb-0221-4dee-815d-c3b3cc60a6e9/audio/128/default.mp3?aid=rss_feed&awCollectionId=dbf86dbd-6a9d-4db2-a354-45de08471376&awEpisodeId=2d18d1eb-0221-4dee-815d-c3b3cc60a6e9&feed=wjQvYtdl,27095792,114db55894ac5d7157f18201179a9e69
"My Brother, My Brother and Me 27: Immersion Therapy",2010-10-25,2720,https://claritaspod.com/measure/prfx.byspotify.com/e/pscrb.fm/rss/p/mgln.ai/e/31/afp-9384.calisto.simplecastaudio.com/dbf86dbd-6a9d-4db2-a354-45de08471376/episodes/8edff1bf-0bf0-4e9b-a413-66410b4d6027/audio/128/default.mp3?aid=rss_feed&awCollectionId=dbf86dbd-6a9d-4db2-a354-45de08471376&awEpisodeId=8edff1bf-0bf0-4e9b-a413-66410b4d6027&feed=wjQvYtdl,27211880,f801b1b915c503aeee7dbc3d84de5353
"My Brother, My Brother and Me 28: The Bagel Bite Tree",2010-11-01,2864,https://claritaspod.com/measure/prfx.byspotify.com/e/pscrb.fm/rss/p/mgln.ai/e/31/afp-9384.calisto.simplecastaudio.com/dbf86dbd-6a9d-4db2-a354-45de08471376/episodes/9cf1c2c5-d689-47c6-833b-9fdb8581c244/audio/128/default.mp3?aid=rss_feed&awCollectionId=dbf86dbd-6a9d-4db2-a354-45de08471376&awEpisodeId=9cf1c2c5-d689-47c6-833b-9fdb8581c244&feed=wjQvYtdl,45835564,ebff4e1beeb0c987d8d309428e9561af
"My Brother, My Brother and Me 29: The Quickening",2010-11-08,3161,https://claritaspod.com/measure/prfx.byspotify.com/e/pscrb.fm/rss/p/mgln.ai/e/31/afp-9384.calisto.simplecastaudio.com/dbf86dbd-6a9d-4db2-a354-45de08471376/episodes/a06f67b5-42eb-4e2f-9f19-94feb95441f5/audio/128/default.mp3?aid=rss_feed&awCollectionId=dbf86dbd-6a9d-4db2-a354-45de08471376&awEpisodeId=a06f67b5-42eb-4e2f-9f19-94feb95441f5&feed=wjQvYtdl,31744020,75b6d1f5e9f7bae167a5aa5f60665580
"My Brother, My Brother and Me 30: Dub Step",2010-11-15,3460,https://claritaspod.com/measure/prfx.byspotify.com/e/pscrb.fm/rss/p/mgln.ai/e/31/afp-9384.calisto.simplecastaudio.com/dbf86dbd-6a9d-4db2-a354-45de08471376/episodes/0c74dee1-ed11-483e-a72f-aa81799b0b7c/audio/128/default.mp3?aid=rss_feed&awCollectionId=dbf86dbd-6a9d-4db2-a354-45de08471376&awEpisodeId=0c74dee1-ed11-483e-a72f-aa81799b0b7c&feed=wjQvYtdl,34729816,370d5982add5e49f33bc7a6d9886e24b
"My Brother, My Brother and Me 31: Husky Eyes",2010-11-22,3185,https://claritaspod.com/measure/prfx.byspotify.com/e/pscrb.fm/rss/p/mgln.ai/e/31/afp-9384.calisto.simplecastaudio.com/dbf86dbd-6a9d-4db2-a354-45de08471376/episodes/6b43ddd4-5813-4715-bcd2-89718a9769b2/audio/128/default.mp3?aid=rss_feed&awCollectionId=dbf86dbd-6a9d-4db2-a354-45de08471376&awEpisodeId=6b43ddd4-5813-4715-bcd2-89718a9769b2&feed=wjQvYtdl,31982518,2fa31eb9731add0ced43207b2aae8cb2
"My Brother, My Brother and Me 32: The Minnesota Pincher",2010-11-29,3025,https://claritaspod.com/measure/prfx.byspotify.com/e/pscrb.fm/rss/p/mgln.ai/e/31/afp-9384.calisto.simplecastaudio.com/dbf86dbd-6a9d-4db2-a354-45de08471376/episodes/1c29d55b-362a-49bc-9337-05d62c22d4bb/audio/128/default.mp3?aid=rss_feed&awCollectionId=dbf86dbd-6a9d-4db2-a354-45de08471376&awEpisodeId=1c29d55b-362a-49bc-9337-05d62c22d4bb&feed=wjQvYtdl,30384562,3d08650900c7f4f9f9bc21621861b015
"My Brother, My Brother and Me 33: Bramblepelt",2010-12-06,3056,https://claritaspod.com/measure/prfx.byspotify.com/e/pscrb.fm/rss/p/mgln.ai/e/31/afp-9384.calisto.simplecastaudio.com/dbf86dbd-6a9d-4db2-a354-45de08471376/episodes/c9bf2182-d161-4481-b1ba-49adc79f96fd/audio/128/default.mp3?aid=rss_feed&awCollectionId=dbf86dbd-6a9d-4db2-a354-45de08471376&awEpisodeId=c9bf2182-d161-4481-b1ba-49adc79f96fd&feed=wjQvYtdl,49039065,2a5a4bfcd540df8518fdbf8fe208aa44
"My Brother, My Brother and Me 34: Make it Magic",2010-12-13,3177,https://claritaspod.com/measure/prfx.byspotify.com/e/pscrb.fm/rss/p/mgln.ai/e/31/afp-9384.calisto.simplecastaudio.com/dbf86dbd-6a9d-4db2-a354-45de08471376/episodes/51746681-41ae-4a8d-a14c-8c5a45076104/audio/128/default.mp3?aid=rss_feed&awCollectionId=dbf86dbd-6a9d-4db2-a354-45de08471376&awEpisodeId=51746681-41ae-4a8d-a14c-8c5a45076104&feed=wjQvYtdl,31899188,c0419badc8733415a0120a559cb9e271
"My Brother, My Brother and Me 35: Teach Me How to Holi-Dougie",2010-12-20,3524,https://claritaspod.com/measure/prfx.byspotify.com/e/pscrb.fm/rss/p/mgln.ai/e/31/afp-9384.calisto.simplecastaudio.com/dbf86dbd-6a9d-4db2-a354-45de08471376/episodes/48f3b427-6483-4a66-a164-f64416795a13/audio/128/default.mp3?aid=rss_feed&awCollectionId=dbf86dbd-6a9d-4db2-a354-45de08471376&awEpisodeId=48f3b427-6483-4a66-a164-f64416795a13&feed=wjQvYtdl,35367465,6bdfd2e205bd4edc135739d3d5f47c3c
"My Brother, My Brother and Me 36: Candlenights",2010-12-27,2446,https://claritaspod.com/measure/prfx.byspotify.com/e/pscrb.fm/rss/p/mgln.ai/e/31/afp-9384.calisto.simplecastaudio.com/dbf86dbd-6a9d-4db2-a354-45de08471376/episodes/1904635a-2190-4d63-9b3c-700ef5ae3fd3/audio/128/default.mp3?aid=rss_feed&awCollectionId=dbf86dbd-6a9d-4db2-a354-45de08471376&awEpisodeId=1904635a-2190-4d63-9b3c-700ef5ae3fd3&feed=wjQvYtdl,24587729,674c5b929a9705ae4848de9dab9672a0
"My Brother, My Brother and Me 37: Hickey on my Heart",2011-01-10,3247,https://claritaspod.com/measure/prfx.byspotify.com/e/pscrb.fm/rss/p/mgln.ai/e/31/afp-9384.calisto.simplecastaudio.com/dbf86dbd-6a9d-4db2-a354-45de08471376/episodes/3abf5a47-349d-4391-b9a8-6d6e02485560/audio/128/default.mp3?aid=rss_feed&awCollectionId=dbf86dbd-6a9d-4db2-a354-45de08471376&awEpisodeId=3abf5a47-349d-4391-b9a8-6d6e02485560&feed=wjQvYtdl,32599530,4c70b6104051843994b6e29c95ec8408
"My Brother, My Brother and Me 38: The Brain Wife",2011-01-17,3387,https://claritaspod.com/measure/prfx.byspotify.com/e/pscrb.fm/rss/p/mgln.ai/e/31/afp-9384.calisto.simplecastaudio.com/dbf86dbd-6a9d-4db2-a354-45de08471376/episodes/61a7812f-0ced-414d-9bc3-48b6d3924c9f/audio/128/default.mp3?aid=rss_feed&awCollectionId=dbf86dbd-6a9d-4db2-a354-45de08471376&awEpisodeId=61a7812f-0ced-414d-9bc3-48b6d3924c9f&feed=wjQvYtdl,34005739,300c02e93071fc065fe1b29b1e240453
"My Brother, My Brother and Me 39: Peepum's Nastygum",2011-01-24,3142,https://claritaspod.com/measure/prfx.byspotify.com/e/pscrb.fm/rss/p/mgln.ai/e/31/afp-9384.calisto.simplecastaudio.com/dbf86dbd-6a9d-4db2-a354-45de08471376/episodes/3ec26a49-ecbc-4189-9ae9-d08c80bd6607/audio/128/default.mp3?aid=rss_feed&awCollectionId=dbf86dbd-6a9d-4db2-a354-45de08471376&awEpisodeId=3ec26a49-ecbc-4189-9ae9-d08c80bd6607&feed=wjQvYtdl,31550714,918770f9a4d175a57da6af2593eb77cc
"My Brother, My Brother and Me 40: Fresh Out of Aardvarks",2011-01-31,3134,https://claritaspod.com/measure/prfx.byspotify.com/e/pscrb.fm/rss/p/mgln.ai/e/31/afp-9384.calisto.simplecastaudio.com/dbf86dbd-6a9d-4db2-a354-45de08471376/episodes/051f9373-a354-416d-ad0a-6cf6a64419c2/audio/128/default.mp3?aid=rss_feed&awCollectionId=dbf86dbd-6a9d-4db2-a354-45de08471376&awEpisodeId=051f9373-a354-416d-ad0a-6cf6a64419c2&feed=wjQvYtdl,31474436,8150c79337f732b2877b89f22043f4f3
"My Brother, My Brother and Me 41: Barry Fresh",2011-02-07,3408,https://claritaspod.com/measure/prfx.byspotify.com/e/pscrb.fm/rss/p/mgln.ai/e/31/afp-9384.calisto.simplecastaudio.com/dbf86dbd-6a9d-4db2-a354-45de08471376/episodes/059ac40a-2a0f-472c-9dc9-c677e9d4af5c/audio/128/default.mp3?aid=rss_feed&awCollectionId=dbf86dbd-6a9d-4db2-a354-45de08471376&awEpisodeId=059ac40a-2a0f-472c-9dc9-c677e9d4af5c&feed=wjQvYtdl,34215465,4716e4b684990d88039e2a467b79a70d
"My Brother, My Brother and Me 42: Cracklin' Mendes",2011-02-14,3202,https://claritaspod.com/measure/prfx.byspotify.com/e/pscrb.fm/rss/p/mgln.ai/e/31/afp-9384.calisto.simplecastaudio.com/dbf86dbd-6a9d-4db2-a354-45de08471376/episodes/134eee3b-7f0d-45f1-8cd3-cca72b513208/audio/128/default.mp3?aid=rss_feed&awCollectionId=dbf86dbd-6a9d-4db2-a354-45de08471376&awEpisodeId=134eee3b-7f0d-45f1-8cd3-cca72b513208&feed=wjQvYtdl,32154665,cba6ec2230071950fe84211b820a722c
"My Brother, My Brother and Me 43: A Horse Called Robbie",2011-02-21,3109,https://claritaspod.com/measure/prfx.byspotify.com/e/pscrb.fm/rss/p/mgln.ai/e/31/afp-9384.calisto.simplecastaudio.com/dbf86dbd-6a9d-4db2-a354-45de08471376/episodes/f69495d7-da4e-4bbf-bca4-14888e86a12c/audio/128/default.mp3?aid=rss_feed&awCollectionId=dbf86dbd-6a9d-4db2-a354-45de08471376&awEpisodeId=f69495d7-da4e-4bbf-bca4-14888e86a12c&feed=wjQvYtdl,31224445,225ba6a7fd6550d2c2294826ecb8cfb4
"My Brother, My Brother and Me 44: Chunk Pump",2011-02-28,4899,https://claritaspod.com/measure/prfx.byspotify.com/e/pscrb.fm/rss/p/mgln.ai/e/31/afp-9384.calisto.simplecastaudio.com/dbf86dbd-6a9d-4db2-a354-45de08471376/episodes/57d03c38-9c3e-4891-aa46-f01e2b8fe575/audio/128/default.mp3?aid=rss_feed&awCollectionId=dbf86dbd-6a9d-4db2-a354-45de08471376&awEpisodeId=57d03c38-9c3e-4891-aa46-f01e2b8fe575&feed=wjQvYtdl,49125898,f8a2e59d805da246214a2b7fd0ef2acf
"My Brother, My Brother and Me 45: The Loom",2011-03-07,3849,https://claritaspod.com/measure/prfx.byspotify.com/e/pscrb.fm/rss/p/mgln.ai/e/31/afp-9384.calisto.simplecastaudio.com/dbf86dbd-6a9d-4db2-a354-45de08471376/episodes/a01344ad-f06a-4875-b539-35e503d28a74/audio/128/default.mp3?aid=rss_feed&awCollectionId=dbf86dbd-6a9d-4db2-a354-45de08471376&awEpisodeId=a01344ad-f06a-4875-b539-35e503d28a74&feed=wjQvYtdl,38626502,07e5ee5631ad64f7af7a090cc1a2ef10
"My Brother, My Brother and Me 46: Todd 'N Tony Stew",2011-03-15,2792,https://claritaspod.com/measure/prfx.byspotify.com/e/pscrb.fm/rss/p/mgln.ai/e/31/afp-9384.calisto.simplecastaudio.com/dbf86dbd-6a9d-4db2-a354-45de08471376/episodes/35c54ef8-ad66-4828-83f8-091c760bceae/audio/128/default.mp3?aid=rss_feed&awCollectionId=dbf86dbd-6a9d-4db2-a354-45de08471376&awEpisodeId=35c54ef8-ad66-4828-83f8-091c760bceae&feed=wjQvYtdl,28055792,5e29feefa5c34a670036222f49b1b69b
"My Brother, My Brother and Me 47: Sleeve It",2011-03-22,3155,https://claritaspod.com/measure/prfx.byspotify.com/e/pscrb.fm/rss/p/mgln.ai/e/31/afp-9384.calisto.simplecastaudio.com/dbf86dbd-6a9d-4db2-a354-45de08471376/episodes/0d451f4a-ba76-4f57-a973-8486b8bcdbe5/audio/128/default.mp3?aid=rss_feed&awCollectionId=dbf86dbd-6a9d-4db2-a354-45de08471376&awEpisodeId=0d451f4a-ba76-4f57-a973-8486b8bcdbe5&feed=wjQvYtdl,31679498,eb6febab50f5d362d4fcf7d139b985c1
"My Brother, My Brother and Me 48: Math Blaster",2011-03-28,3121,https://claritaspod.com/measure/prfx.byspotify.com/e/pscrb.fm/rss/p/mgln.ai/e/31/afp-9384.calisto.simplecastaudio.com/dbf86dbd-6a9d-4db2-a354-45de08471376/episodes/a5baf80c-d656-41fa-be6b-086a84bf2066/audio/128/default.mp3?aid=rss_feed&awCollectionId=dbf86dbd-6a9d-4db2-a354-45de08471376&awEpisodeId=a5baf80c-d656-41fa-be6b-086a84bf2066&feed=wjQvYtdl,31344085,b1c9943f0df6a2b9a491aee6fe6fc9c2
"My Brother, My Brother and Me 49: More Power",2011-04-04,3516,https://claritaspod.com/measure/prfx.byspotify.com/e/pscrb.fm/rss/p/mgln.ai/e/31/afp-9384.calisto.simplecastaudio.com/dbf86dbd-6a9d-4db2-a354-45de08471376/episodes/75dc382c-9949-4716-9a2d-cad7cd2a3b86/audio/128/default.mp3?aid=rss_feed&awCollectionId=dbf86dbd-6a9d-4db2-a354-45de08471376&awEpisodeId=75dc382c-9949-4716-9a2d-cad7cd2a3b86&feed=wjQvYtdl,35287008,789b8cfe9dc46bee39b2c6d5870511eb
"MBMBaM 50: Forever a Whitford, Nary a Cooper",2011-04-11,3347,https://claritaspod.com/measure/prfx.byspotify.com/e/pscrb.fm/rss/p/mgln.ai/e/31/afp-9384.calisto.simplecastaudio.com/dbf86dbd-6a9d-4db2-a354-45de08471376/episodes/4860d144-2d7d-4109-a8a4-636ce80b8f63/audio/128/default.mp3?aid=rss_feed&awCollectionId=dbf86dbd-6a9d-4db2-a354-45de08471376&awEpisodeId=4860d144-2d7d-4109-a8a4-636ce80b8f63&feed=wjQvYtdl,33601326,8af85be082333d899c11eb31af9940f3
MBMBaM 51: Real Talk Live: Face 2 Face,2011-04-20,1896,https://claritaspod.com/measure/prfx.byspotify.com/e/pscrb.fm/rss/p/mgln.ai/e/31/afp-9384.calisto.simplecastaudio.com/dbf86dbd-6a9d-4db2-a354-45de08471376/episodes/62ddea1b-487d-4647-9bd8-15bf7021a3ac/audio/128/default.mp3?aid=rss_feed&awCollectionId=dbf86dbd-6a9d-4db2-a354-45de08471376&awEpisodeId=62ddea1b-487d-4647-9bd8-15bf7021a3ac&feed=wjQvYtdl,19095269,6670965af2e12088d695554cfc3f665b
MBMBaM 52: Ruggratz,2011-04-25,3197,https://claritaspod.com/measure/prfx.byspotify.com/e/pscrb.fm/rss/p/mgln.ai/e/31/afp-9384.calisto.simplecastaudio.com/dbf86dbd-6a9d-4db2-a354-45de08471376/episodes/e192bbcd-674a-4c32-a438-e356d15a3d56/audio/128/default.mp3?aid=rss_feed&awCollectionId=dbf86dbd-6a9d-4db2-a354-45de08471376&awEpisodeId=e192bbcd-674a-4c32-a438-e356d15a3d56&feed=wjQvYtdl,32098502,9d427e2aa015214885e7bab3b8bed66c
MBMBaM 53: Doctor Jamilton,2011-05-02,3616,https://claritaspod.com/measure/prfx.byspotify.com/e/pscrb.fm/rss/p/mgln.ai/e/31/afp-9384.calisto.simplecastaudio.com/dbf86dbd-6a9d-4db2-a354-45de08471376/episodes/912dde7e-6c3b-474f-a8ee-84e141ee952e/audio/128/default.mp3?aid=rss_feed&awCollectionId=dbf86dbd-6a9d-4db2-a354-45de08471376&awEpisodeId=912dde7e-6c3b-474f-a8ee-84e141ee952e&feed=wjQvYtdl,36288580,4c9d8765c134a53c847e4617ef85a8ad
MBMBaM 54: Thorwatch 2011,2011-05-09,2995,https://claritaspod.com/measure/prfx.byspotify.com/e/pscrb.fm/rss/p/mgln.ai/e/31/afp-9384.calisto.simplecastaudio.com/dbf86dbd-6a9d-4db2-a354-45de08471376/episodes/1da9bd77-ab1d-4d3c-8485-c974eca1c684/audio/128/default.mp3?aid=rss_feed&awCollectionId=dbf86dbd-6a9d-4db2-a354-45de08471376&awEpisodeId=1da9bd77-ab1d-4d3c-8485-c974eca1c684&feed=wjQvYtdl,30083939,950fed2473c8aa3174a25b29e0124b30
MBMBaM 55: Spaghettageddon,2011-05-16,2979,https://claritaspod.com/measure/prfx.byspotify.com/e/pscrb.fm/rss/p/mgln.ai/e/31/afp-9384.calisto.simplecastaudio.com/dbf86dbd-6a9d-4db2-a354-45de08471376/episodes/000d5df7-b61b-440a-ba85-1a171cd1df84/audio/128/default.mp3?aid=rss_feed&awCollectionId=dbf86dbd-6a9d-4db2-a354-45de08471376&awEpisodeId=000d5df7-b61b-440a-ba85-1a171cd1df84&feed=wjQvYtdl,47805249,4b279e336a472713a07673d08b62823e
MBMBaM 56: Wet Hugs,2011-05-23,3285,https://claritaspod.com/measure/prfx.byspotify.com/e/pscrb.fm/rss/p/mgln.ai/e/31/afp-9384.calisto.simplecastaudio.com/dbf86dbd-6a9d-4db2-a354-45de08471376/episodes/55fde058-dfae-4ed5-9ef4-b066cf39268e/audio/128/default.mp3?aid=rss_feed&awCollectionId=dbf86dbd-6a9d-4db2-a354-45de08471376&awEpisodeId=55fde058-dfae-4ed5-9ef4-b066cf39268e&feed=wjQvYtdl,32979873,28a7b1316c116a3d2b3a1b01ae83830a
MBMBaM 57: Batman: Generations,2011-05-30,3387,https://claritaspod.com/measure/prfx.byspotify.com/e/pscrb.fm/rss/p/mgln.ai/e/31/afp-9384.calisto.simplecastaudio.com/dbf86dbd-6a9d-4db2-a354-45de08471376/episodes/3243b8c3-0270-43ec-99c5-86404ed6f329/audio/128/default.mp3?aid=rss_feed&awCollectionId=dbf86dbd-6a9d-4db2-a354-45de08471376&awEpisodeId=3243b8c3-0270-43ec-99c5-86404ed6f329&feed=wjQvYtdl,34004918,d5efc6ceabaf511cc34278068bf71b2e
MBMBaM 58: Manifest Goodburger,2011-06-06,3310,https://claritaspod.com/measure/prfx.byspotify.com/e/pscrb.fm/rss/p/mgln.ai/e/31/afp-9384.calisto.simplecastaudio.com/dbf86dbd-6a9d-4db2-a354-45de08471376/episodes/a9c3ecef-5e12-408b-a745-2a7653bdfe8d/audio/128/default.mp3?aid=rss_feed&awCollectionId=dbf86dbd-6a9d-4db2-a354-45de08471376&awEpisodeId=a9c3ecef-5e12-408b-a745-2a7653bdfe8d&feed=wjQvYtdl,33236657,ad47392828664eeaa030f821dc65b62e
MBMBaM 59: Real Talk Live: Face 2 Face 2,2011-06-13,4008,https://claritaspod.com/measure/prfx.byspotify.com/e/pscrb.fm/rss/p/mgln.ai/e/31/afp-9384.calisto.simplecastaudio.com/dbf86dbd-6a9d-4db2-a354-45de08471376/episodes/3ab5518d-7102-4b63-9e24-dec7037def42/audio/128/default.mp3?aid=rss_feed&awCollectionId=dbf86dbd-6a9d-4db2-a354-45de08471376&awEpisodeId=3ab5518d-7102-4b63-9e24-dec7037def42&feed=wjQvYtdl,40230664,6e461bcaf1ab04094a391fed84ca5378
MBMBaM 60: Discretion for Miles,2011-06-20,3660,https://claritaspod.com/measure/prfx.byspotify.com/e/pscrb.fm/rss/p/mgln.ai/e/31/afp-9384.calisto.simplecastaudio.com/dbf86dbd-6a9d-4db2-a354-45de08471376/episodes/dfb49009-3da4-409e-b964-865cee52667e/audio/128/default.mp3?aid=rss_feed&awCollectionId=dbf86dbd-6a9d-4db2-a354-45de08471376&awEpisodeId=dfb49009-3da4-409e-b964-865cee52667e&feed=wjQvYtdl,36734714,f4f1aeed9b9163cd68686cd8b6d788de
MBMBaM 61: Steak'em and Tubes,2011-06-27,3972,https://claritaspod.com/measure/prfx.byspotify.com/e/pscrb.fm/rss/p/mgln.ai/e/31/afp-9384.calisto.simplecastaudio.com/dbf86dbd-6a9d-4db2-a354-45de08471376/episodes/ab5bd074-f5e4-4cd4-9fa2-201737e23656/audio/128/default.mp3?aid=rss_feed&awCollectionId=dbf86dbd-6a9d-4db2-a354-45de08471376&awEpisodeId=ab5bd074-f5e4-4cd4-9fa2-201737e23656&feed=wjQvYtdl,39853996,162d0287f615f835a0cea966f16f3663
MBMBaM 62: My Dark Twisted Pretzel Fantasy,2011-07-11,3090,https://claritaspod.com/measure/prfx.byspotify.com/e/pscrb.fm/rss/p/mgln.ai/e/31/afp-9384.calisto.simplecastaudio.com/dbf86dbd-6a9d-4db2-a354-45de08471376/episodes/abf67551-3bd1-4b7b-8c34-19d6b11d5c38/audio/128/default.mp3?aid=rss_feed&awCollectionId=dbf86dbd-6a9d-4db2-a354-45de08471376&awEpisodeId=abf67551-3bd1-4b7b-8c34-19d6b11d5c38&feed=wjQvYtdl,31035841,c233768855bb5ebaf39bde921f819ca3
MBMBaM 63: R.I.P.B.E.P.,2011-07-18,3740,https://claritaspod.com/measure/prfx.byspotify.com/e/pscrb.fm/rss/p/mgln.ai/e/31/afp-9384.calisto.simplecastaudio.com/dbf86dbd-6a9d-4db2-a354-45de08471376/episodes/e989d410-bbe8-4aad-aeb1-3ed54a85a6b6/audio/128/default.mp3?aid=rss_feed&awCollectionId=dbf86dbd-6a9d-4db2-a354-45de08471376&awEpisodeId=e989d410-bbe8-4aad-aeb1-3ed54a85a6b6&feed=wjQvYtdl,37533539,a0866886c61a55c4bd25d8cfb544b3b7
MBMBaM 64: Giant Scott Bakula,2011-07-25,3124,https://claritaspod.com/measure/prfx.byspotify.com/e/pscrb.fm/rss/p/mgln.ai/e/31/afp-9384.calisto.simplecastaudio.com/dbf86dbd-6a9d-4db2-a354-45de08471376/episodes/8fb0ee39-dc16-4b41-8e77-7e6044f18e81/audio/128/default.mp3?aid=rss_feed&awCollectionId=dbf86dbd-6a9d-4db2-a354-45de08471376&awEpisodeId=8fb0ee39-dc16-4b41-8e77-7e6044f18e81&feed=wjQvYtdl,31374649,76e557d4f2538fef2fd6345a37c004b9
MBMBaM 65: Lady Zoo,2011-08-01,3613,https://claritaspod.com/measure/prfx.byspotify.com/e/pscrb.fm/rss/p/mgln.ai/e/31/afp-9384.calisto.simplecastaudio.com/dbf86dbd-6a9d-4db2-a354-45de08471376/episodes/84a6ed23-86ae-46d8-baf9-51f9e6e3a1ac/audio/128/default.mp3?aid=rss_feed&awCollectionId=dbf86dbd-6a9d-4db2-a354-45de08471376&awEpisodeId=84a6ed23-86ae-46d8-baf9-51f9e6e3a1ac&feed=wjQvYtdl,36260853,17e3117eedd7768a4a2a63713ddbb6a7
MBMBaM 66: Beaches: The Book of the Movie,2011-08-08,3886,https://claritaspod.com/measure/prfx.byspotify.com/e/pscrb.fm/rss/p/mgln.ai/e/31/afp-9384.calisto.simplecastaudio.com/dbf86dbd-6a9d-4db2-a354-45de08471376/episodes/43205af2-98d5-4311-be03-527f9790b50f/audio/128/default.mp3?aid=rss_feed&awCollectionId=dbf86dbd-6a9d-4db2-a354-45de08471376&awEpisodeId=43205af2-98d5-4311-be03-527f9790b50f&feed=wjQvYtdl,62184456,4d835205cb442881511e0ada62c26992
MBMBaM 67: Borrowed from a Horse,2011-08-15,3748,https://claritaspod.com/measure/prfx.byspotify.com/e/pscrb.fm/rss/p/mgln.ai/e/31/afp-9384.calisto.simplecastaudio.com/dbf86dbd-6a9d-4db2-a354-45de08471376/episodes/561819af-ad17-4151-8c00-23f0c826a5a0/audio/128/default.mp3?aid=rss_feed&awCollectionId=dbf86dbd-6a9d-4db2-a354-45de08471376&awEpisodeId=561819af-ad17-4151-8c00-23f0c826a5a0&feed=wjQvYtdl,37608771,4ea74a694246999abdca71d1c524bf5a
MBMBaM 68: Never Stop Dancing,2011-08-22,3774,https://claritaspod.com/measure/prfx.byspotify.com/e/pscrb.fm/rss/p/mgln.ai/e/31/afp-9384.calisto.simplecastaudio.com/dbf86dbd-6a9d-4db2-a354-45de08471376/episodes/03ef0b41-ab79-4062-ad5a-c98633bcdad5/audio/128/default.mp3?aid=rss_feed&awCollectionId=dbf86dbd-6a9d-4db2-a354-45de08471376&awEpisodeId=03ef0b41-ab79-4062-ad5a-c98633bcdad5&feed=wjQvYtdl,37874175,ea06c2be86d9515149c2b2361a220973
MBMBaM 69: Krumbelievable,2011-08-29,3605,https://claritaspod.com/measure/prfx.byspotify.com/e/pscrb.fm/rss/p/mgln.ai/e/31/afp-9384.calisto.simplecastaudio.com/dbf86dbd-6a9d-4db2-a354-45de08471376/episodes/9bfc4b2e-8184-4ba9-8d4e-283b640a69b7/audio/128/default.mp3?aid=rss_feed&awCollectionId=dbf86dbd-6a9d-4db2-a354-45de08471376&awEpisodeId=9bfc4b2e-8184-4ba9-8d4e-283b640a69b7&feed=wjQvYtdl,36182485,3b71faf78617576af49e253be8e42bdd
MBMBaM 70: Spit on a Dog,2011-09-05,3507,https://claritaspod.com/measure/prfx.byspotify.com/e/pscrb.fm/rss/p/mgln.ai/e/31/afp-9384.calisto.simplecastaudio.com/dbf86dbd-6a9d-4db2-a354-45de08471376/episodes/651339b3-c6e4-409e-abfa-5a7646d28357/audio/128/default.mp3?aid=rss_feed&awCollectionId=dbf86dbd-6a9d-4db2-a354-45de08471376&awEpisodeId=651339b3-c6e4-409e-abfa-5a7646d28357&feed=wjQvYtdl,35197669,2d050a9d7315dd69b4332e787ff345fa
MBMBaM 71: Swaddling,2011-09-12,3867,https://claritaspod.com/measure/prfx.byspotify.com/e/pscrb.fm/rss/p/mgln.ai/e/31/afp-9384.calisto.simplecastaudio.com/dbf86dbd-6a9d-4db2-a354-45de08471376/episodes/85f6a83e-e616-4ce1-bf1b-f2ca4015b351/audio/128/default.mp3?aid=rss_feed&awCollectionId=dbf86dbd-6a9d-4db2-a354-45de08471376&awEpisodeId=85f6a83e-e616-4ce1-bf1b-f2ca4015b351&feed=wjQvYtdl,38799432,257eecb9594358679f32450ec77f8c8d
MBMBaM 72: Propositions,2011-09-19,3132,https://claritaspod.com/measure/prfx.byspotify.com/e/pscrb.fm/rss/p/mgln.ai/e/31/afp-9384.calisto.simplecastaudio.com/dbf86dbd-6a9d-4db2-a354-45de08471376/episodes/dfb305bd-640c-42d7-9bff-3d27743197a9/audio/128/default.mp3?aid=rss_feed&awCollectionId=dbf86dbd-6a9d-4db2-a354-45de08471376&awEpisodeId=dfb305bd-640c-42d7-9bff-3d27743197a9&feed=wjQvYtdl,31455628,1b4b62b800db6e1b77347788ed5f08f0
MBMBaM 73: Gooshing from the Johnson's,2011-09-26,3394,https://claritaspod.com/measure/prfx.byspotify.com/e/pscrb.fm/rss/p/mgln.ai/e/31/afp-9384.calisto.simplecastaudio.com/dbf86dbd-6a9d-4db2-a354-45de08471376/episodes/e0db9e3c-d0df-4afe-9b3d-f91255ed36bf/audio/128/default.mp3?aid=rss_feed&awCollectionId=dbf86dbd-6a9d-4db2-a354-45de08471376&awEpisodeId=e0db9e3c-d0df-4afe-9b3d-f91255ed36bf&feed=wjQvYtdl,34074143,b02eb7afbb5ef67123c0282c01e8fb38
MBMBaM 74: Hey Baby,2011-10-03,3533,https://claritaspod.com/measure/prfx.byspotify.com/e/pscrb.fm/rss/p/mgln.ai/e/31/afp-9384.calisto.simplecastaudio.com/dbf86dbd-6a9d-4db2-a354-45de08471376/episodes/23791400-8b3a-41ce-b861-7699875ad2e0/audio/128/default.mp3?aid=rss_feed&awCollectionId=dbf86dbd-6a9d-4db2-a354-45de08471376&awEpisodeId=23791400-8b3a-41ce-b861-7699875ad2e0&feed=wjQvYtdl,35458816,374abf387a5aaceac7ad22aa9d0c6bd0
MBMBaM 75: Everbuddies,2011-10-10,2867,https://claritaspod.com/measure/prfx.byspotify.com/e/pscrb.fm/rss/p/mgln.ai/e/31/afp-9384.calisto.simplecastaudio.com/dbf86dbd-6a9d-4db2-a354-45de08471376/episodes/97e4c9c8-f98c-42b4-8b31-fa537bb2ee07/audio/128/default.mp3?aid=rss_feed&awCollectionId=dbf86dbd-6a9d-4db2-a354-45de08471376&awEpisodeId=97e4c9c8-f98c-42b4-8b31-fa537bb2ee07&feed=wjQvYtdl,46014295,06e851aff33d4080a99755b2e4a1c39f
MBMBaM 76: Food Versus Man,2011-10-17,3427,https://claritaspod.com/measure/prfx.byspotify.com/e/pscrb.fm/rss/p/mgln.ai/e/31/afp-9384.calisto.simplecastaudio.com/dbf86dbd-6a9d-4db2-a354-45de08471376/episodes/cbea38d0-9cfd-45aa-b4c5-0880315b8867/audio/128/default.mp3?aid=rss_feed&awCollectionId=dbf86dbd-6a9d-4db2-a354-45de08471376&awEpisodeId=cbea38d0-9cfd-45aa-b4c5-0880315b8867&feed=wjQvYtdl,54960294,62a45514634f054c0650b5c5783d6eef
MBMBaM 77: The Hole Shebang,2011-10-24,3556,https://claritaspod.com/measure/prfx.byspotify.com/e/pscrb.fm/rss/p/mgln.ai/e/31/afp-9384.calisto.simplecastaudio.com/dbf86dbd-6a9d-4db2-a354-45de08471376/episodes/7823a7f2-4b99-432b-b2b4-30b084a1eabb/audio/128/default.mp3?aid=rss_feed&awCollectionId=dbf86dbd-6a9d-4db2-a354-45de08471376&awEpisodeId=7823a7f2-4b99-432b-b2b4-30b084a1eabb&feed=wjQvYtdl,56899428,527fc494079e04533ccf686f5d0dfe46
"MBMBaM 78: Fly Me to Heaven, Kid Vid",2011-10-31,3711,https://claritaspod.com/measure/prfx.byspotify.com/e/pscrb.fm/rss/p/mgln.ai/e/31/afp-9384.calisto.simplecastaudio.com/dbf86dbd-6a9d-4db2-a354-45de08471376/episodes/c714c062-ffe9-4e45-9019-4cdce29c483e/audio/128/default.mp3?aid=rss_feed&awCollectionId=dbf86dbd-6a9d-4db2-a354-45de08471376&awEpisodeId=c714c062-ffe9-4e45-9019-4cdce29c483e&feed=wjQvYtdl,59508944,b02176beca1dbc8a3b4fe7ebd814dd91
MBMBaM 79: Who Guginoed?,2011-11-07,3796,https://claritaspod.com/measure/prfx.byspotify.com/e/pscrb.fm/rss/p/mgln.ai/e/31/afp-9384.calisto.simplecastaudio.com/dbf86dbd-6a9d-4db2-a354-45de08471376/episodes/3a9916a5-3843-4426-8be2-63ea994970c2/audio/128/default.mp3?aid=rss_feed&awCollectionId=dbf86dbd-6a9d-4db2-a354-45de08471376&awEpisodeId=3a9916a5-3843-4426-8be2-63ea994970c2&feed=wjQvYtdl,60866893,5491aba0df2ae69060fb2066714e055c
MBMBaM 80: For and By Dummos,2011-11-14,3193,https://claritaspod.com/measure/prfx.byspotify.com/e/pscrb.fm/rss/p/mgln.ai/e/31/afp-9384.calisto.simplecastaudio.com/dbf86dbd-6a9d-4db2-a354-45de08471376/episodes/c0f641e1-0708-4cad-8e48-39f8a9af2e52/audio/128/default.mp3?aid=rss_feed&awCollectionId=dbf86dbd-6a9d-4db2-a354-45de08471376&awEpisodeId=c0f641e1-0708-4cad-8e48-39f8a9af2e52&feed=wjQvYtdl,51223430,37b9db75169e6118d7c7b6f9b764d6bb
MBMBaM 81: Pizza Roll Suicide,2011-11-21,3738,https://claritaspod.com/measure/prfx.byspotify.com/e/pscrb.fm/rss/p/mgln.ai/e/31/afp-9384.calisto.simplecastaudio.com/dbf86dbd-6a9d-4db2-a354-45de08471376/episodes/4218c951-d83c-4cad-a7fc-3bfa33023727/audio/128/default.mp3?aid=rss_feed&awCollectionId=dbf86dbd-6a9d-4db2-a354-45de08471376&awEpisodeId=4218c951-d83c-4cad-a7fc-3bfa33023727&feed=wjQvYtdl,59942367,802a64570d1abe89d54ea85561898a71
MBMBaM 82: Fried Green Lockout,2011-12-05,3576,https://claritaspod.com/measure/prfx.byspotify.com/e/pscrb.fm/rss/p/mgln.ai/e/31/afp-9384.calisto.simplecastaudio.com/dbf86dbd-6a9d-4db2-a354-45de08471376/episodes/f739867c-86fc-4155-a2a4-afcce8cde508/audio/128/default.mp3?aid=rss_feed&awCollectionId=dbf86dbd-6a9d-4db2-a354-45de08471376&awEpisodeId=f739867c-86fc-4155-a2a4-afcce8cde508&feed=wjQvYtdl,57349766,32d1689d55e7ef00c0da3e681e5e21b3
MBMBaM 83: Face 2 Face 3: Tokyo Drift,2011-12-13,3310,https://claritaspod.com/measure/prfx.byspotify.com/e/pscrb.fm/rss/p/mgln.ai/e/31/afp-9384.calisto.simplecastaudio.com/dbf86dbd-6a9d-4db2-a354-45de08471376/episodes/3ebd5f3f-d0ca-4068-971e-86af8b284494/audio/128/default.mp3?aid=rss_feed&awCollectionId=dbf86dbd-6a9d-4db2-a354-45de08471376&awEpisodeId=3ebd5f3f-d0ca-4068-971e-86af8b284494&feed=wjQvYtdl,53097450,f6479e81c0998c2171d3f26f7ed4fbf5
MBMBaM 84: Face 2 Face 4: Sippin' on Chillerz,2011-12-19,3389,https://claritaspod.com/measure/prfx.byspotify.com/e/pscrb.fm/rss/p/mgln.ai/e/31/afp-9384.calisto.simplecastaudio.com/dbf86dbd-6a9d-4db2-a354-45de08471376/episodes/73423087-5f44-4994-82a8-7c364e3394f3/audio/128/default.mp3?aid=rss_feed&awCollectionId=dbf86dbd-6a9d-4db2-a354-45de08471376&awEpisodeId=73423087-5f44-4994-82a8-7c364e3394f3&feed=wjQvYtdl,54356297,baa1636d3453f6718986be572114f266
MBMBaM 85: Candlenights 2011 Special,2011-12-26,3354,https://claritaspod.com/measure/prfx.byspotify.com/e/pscrb.fm/rss/p/mgln.ai/e/31/afp-9384.calisto.simplecastaudio.com/dbf86dbd-6a9d-4db2-a354-45de08471376/episodes/bda5dc4d-bc45-4c13-8dfc-e4eda30f1bfc/audio/128/default.mp3?aid=rss_feed&awCollectionId=dbf86dbd-6a9d-4db2-a354-45de08471376&awEpisodeId=bda5dc4d-bc45-4c13-8dfc-e4eda30f1bfc&feed=wjQvYtdl,53798739,4b1969a82e8ae119d8157a97acb5178f
MBMBaM 86: Get It,2012-01-02,3362,https://claritaspod.com/measure/prfx.byspotify.com/e/pscrb.fm/rss/p/mgln.ai/e/31/afp-9384.calisto.simplecastaudio.com/dbf86dbd-6a9d-4db2-a354-45de08471376/episodes/7711886b-49d2-42a6-8f28-c486d255b6b4/audio/128/default.mp3?aid=rss_feed&awCollectionId=dbf86dbd-6a9d-4db2-a354-45de08471376&awEpisodeId=7711886b-49d2-42a6-8f28-c486d255b6b4&feed=wjQvYtdl,53923337,cddc0152dce2b5ed11438fbd3c3bb192
MBMBaM 87: A Murder of Uncles,2012-01-16,3601,https://claritaspod.com/measure/prfx.byspotify.com/e/pscrb.fm/rss/p/mgln.ai/e/31/afp-9384.calisto.simplecastaudio.com/dbf86dbd-6a9d-4db2-a354-45de08471376/episodes/ec39006c-ae48-49ee-8890-16bffb4bc2d8/audio/128/default.mp3?aid=rss_feed&awCollectionId=dbf86dbd-6a9d-4db2-a354-45de08471376&awEpisodeId=ec39006c-ae48-49ee-8890-16bffb4bc2d8&feed=wjQvYtdl,57756507,b6640d1acd83bcd98132932808ca486e
"MBMBaM 88: The Lion, The Witch and the Boyskinz",2012-01-23,2854,https://claritaspod.com/measure/prfx.byspotify.com/e/pscrb.fm/rss/p/mgln.ai/e/31/afp-9384.calisto.simplecastaudio.com/dbf86dbd-6a9d-4db2-a354-45de08471376/episodes/8442566d-d765-4b4c-aa9b-8769c44136ce/audio/128/default.mp3?aid=rss_feed&awCollectionId=dbf86dbd-6a9d-4db2-a354-45de08471376&awEpisodeId=8442566d-d765-4b4c-aa9b-8769c44136ce&feed=wjQvYtdl,45799947,3bde90e5d0d4463ad8bae073365df405
MBMBaM 89: Grab the Merkin,2012-01-30,3256,https://claritaspod.com/measure/prfx.byspotify.com/e/pscrb.fm/rss/p/mgln.ai/e/31/afp-9384.calisto.simplecastaudio.com/dbf86dbd-6a9d-4db2-a354-45de08471376/episodes/44f63540-290b-49fd-81d3-a28b469116fa/audio/128/default.mp3?aid=rss_feed&awCollectionId=dbf86dbd-6a9d-4db2-a354-45de08471376&awEpisodeId=44f63540-290b-49fd-81d3-a28b469116fa&feed=wjQvYtdl,52232265,9556337fd2c3501d5fa861b0754af3a6
MBMBaM 90: Dworp,2012-02-06,4193,https://claritaspod.com/measure/prfx.byspotify.com/e/pscrb.fm/rss/p/mgln.ai/e/31/afp-9384.calisto.simplecastaudio.com/dbf86dbd-6a9d-4db2-a354-45de08471376/episodes/7e9585ee-c8d6-442b-b345-446afba469c9/audio/128/default.mp3?aid=rss_feed&awCollectionId=dbf86dbd-6a9d-4db2-a354-45de08471376&awEpisodeId=7e9585ee-c8d6-442b-b345-446afba469c9&feed=wjQvYtdl,67227043,b30162cecb113258d62fe8197f98753c
MBMBaM 91: Feeding Frenzy,2012-02-13,3452,https://claritaspod.com/measure/prfx.byspotify.com/e/pscrb.fm/rss/p/mgln.ai/e/31/afp-9384.calisto.simplecastaudio.com/dbf86dbd-6a9d-4db2-a354-45de08471376/episodes/ca0da75f-a58a-4147-ba59-8811ad51af6e/audio/128/default.mp3?aid=rss_feed&awCollectionId=dbf86dbd-6a9d-4db2-a354-45de08471376&awEpisodeId=ca0da75f-a58a-4147-ba59-8811ad51af6e&feed=wjQvYtdl,55362018,164baab3f60513e8835d685651529f4e
MBMBaM 92: Ten Thousand Throbs,2012-02-20,3329,https://claritaspod.com/measure/prfx.byspotify.com/e/pscrb.fm/rss/p/mgln.ai/e/31/afp-9384.calisto.simplecastaudio.com/dbf86dbd-6a9d-4db2-a354-45de08471376/episodes/b60117e4-9cd8-4dbf-a3eb-ca48e9d382bd/audio/128/default.mp3?aid=rss_feed&awCollectionId=dbf86dbd-6a9d-4db2-a354-45de08471376&awEpisodeId=b60117e4-9cd8-4dbf-a3eb-ca48e9d382bd&feed=wjQvYtdl,53392176,48c7b8a1f11afa273903dc386e94626e
MBMBaM 93: Dax is All,2012-02-27,4047,https://claritaspod.com/measure/prfx.byspotify.com/e/pscrb.fm/rss/p/mgln.ai/e/31/afp-9384.calisto.simplecastaudio.com/dbf86dbd-6a9d-4db2-a354-45de08471376/episodes/0a7c0e12-c0cb-4def-aa37-15b4e5630d5c/audio/128/default.mp3?aid=rss_feed&awCollectionId=dbf86dbd-6a9d-4db2-a354-45de08471376&awEpisodeId=0a7c0e12-c0cb-4def-aa37-15b4e5630d5c&feed=wjQvYtdl,64887233,e5096259aaf7031d01a0a9a25fa0af14
MBMBaM 94: The Secrets of Dilbert,2012-03-06,3409,https://claritaspod.com/measure/prfx.byspotify.com/e/pscrb.fm/rss/p/mgln.ai/e/31/afp-9384.calisto.simplecastaudio.com/dbf86dbd-6a9d-4db2-a354-45de08471376/episodes/2c4a8123-9305-4ca5-899a-983ead90e2ee/audio/128/default.mp3?aid=rss_feed&awCollectionId=dbf86dbd-6a9d-4db2-a354-45de08471376&awEpisodeId=2c4a8123-9305-4ca5-899a-983ead90e2ee&feed=wjQvYtdl,54686939,e76eca0b07e96d5e57e99e86449c7e56
"MBMBaM 95: Giamatti, Go!",2012-03-13,3705,https://claritaspod.com/measure/prfx.byspotify.com/e/pscrb.fm/rss/p/mgln.ai/e/31/afp-9384.calisto.simplecastaudio.com/dbf86dbd-6a9d-4db2-a354-45de08471376/episodes/dbd4be0e-4c49-4eb6-b8c4-e2718dd76241/audio/128/default.mp3?aid=rss_feed&awCollectionId=dbf86dbd-6a9d-4db2-a354-45de08471376&awEpisodeId=dbd4be0e-4c49-4eb6-b8c4-e2718dd76241&feed=wjQvYtdl,59408280,3d6ea8296ce2a98c39bfc80d81251b3f
MBMBaM 96: Ven Conmigo a Jurassic Park,2012-03-19,3152,https://claritaspod.com/measure/prfx.byspotify.com/e/pscrb.fm/rss/p/mgln.ai/e/31/afp-9384.calisto.simplecastaudio.com/dbf86dbd-6a9d-4db2-a354-45de08471376/episodes/d7cfc256-0955-4e87-8bc9-55a23d3e6879/audio/128/default.mp3?aid=rss_feed&awCollectionId=dbf86dbd-6a9d-4db2-a354-45de08471376&awEpisodeId=d7cfc256-0955-4e87-8bc9-55a23d3e6879&feed=wjQvYtdl,50567534,a57e3bcd13147ac4cc079bcb06ff8329
MBMBaM 97: Stevurkel,2012-03-26,3720,https://claritaspod.com/measure/prfx.byspotify.com/e/pscrb.fm/rss/p/mgln.ai/e/31/afp-9384.calisto.simplecastaudio.com/dbf86dbd-6a9d-4db2-a354-45de08471376/episodes/d9fea452-2bd6-4939-a211-c9566f2185ec/audio/128/default.mp3?aid=rss_feed&awCollectionId=dbf86dbd-6a9d-4db2-a354-45de08471376&awEpisodeId=d9fea452-2bd6-4939-a211-c9566f2185ec&feed=wjQvYtdl,59662260,87e15e3d32cb3cbf5dfbe4a8832695ca
MBMBaM 98: Two til' Tulsa,2012-04-02,4382,https://claritaspod.com/measure/prfx.byspotify.com/e/pscrb.fm/rss/p/mgln.ai/e/31/afp-9384.calisto.simplecastaudio.com/dbf86dbd-6a9d-4db2-a354-45de08471376/episodes/00ee8cd7-3e43-4065-aef9-f90d3c278487/audio/128/default.mp3?aid=rss_feed&awCollectionId=dbf86dbd-6a9d-4db2-a354-45de08471376&awEpisodeId=00ee8cd7-3e43-4065-aef9-f90d3c278487&feed=wjQvYtdl,70358027,42f302c020e31bfe682266b785846ff2
MBMBaM 99: Plunger Practicalities,2012-04-09,3601,https://claritaspod.com/measure/prfx.byspotify.com/e/pscrb.fm/rss/p/mgln.ai/e/31/afp-9384.calisto.simplecastaudio.com/dbf86dbd-6a9d-4db2-a354-45de08471376/episodes/b389378b-d4d4-4d18-b218-c637e241d9ab/audio/128/default.mp3?aid=rss_feed&awCollectionId=dbf86dbd-6a9d-4db2-a354-45de08471376&awEpisodeId=b389378b-d4d4-4d18-b218-c637e241d9ab&feed=wjQvYtdl,57743549,b00631d708738bd32b268b507ebac010
MBMBaM 100: Reflectionz: A Look Back,2012-04-16,6736,https://claritaspod.com/measure/prfx.byspotify.com/e/pscrb.fm/rss/p/mgln.ai/e/31/afp-9384.calisto.simplecastaudio.com/dbf86dbd-6a9d-4db2-a354-45de08471376/episodes/ac4889f4-1f89-4072-9fdc-81261c9610bd/audio/128/default.mp3?aid=rss_feed&awCollectionId=dbf86dbd-6a9d-4db2-a354-45de08471376&awEpisodeId=ac4889f4-1f89-4072-9fdc-81261c9610bd&feed=wjQvYtdl,107917737,4cfafcd66d8c8496f186992de0428237
MBMBaM 101: Sext Fiction,2012-04-23,4227,https://claritaspod.com/measure/prfx.byspotify.com/e/pscrb.fm/rss/p/mgln.ai/e/31/afp-9384.calisto.simplecastaudio.com/dbf86dbd-6a9d-4db2-a354-45de08471376/episodes/5447298a-ef6b-4e77-8ced-7ac98d610181/audio/128/default.mp3?aid=rss_feed&awCollectionId=dbf86dbd-6a9d-4db2-a354-45de08471376&awEpisodeId=5447298a-ef6b-4e77-8ced-7ac98d610181&feed=wjQvYtdl,67772824,06a64ac54f4adfdeed3e99763b2b909e
MBMBaM 102: The Placenta and the Bear,2012-04-30,3709,https://claritaspod.com/measure/prfx.byspotify.com/e/pscrb.fm/rss/p/mgln.ai/e/31/afp-9384.calisto.simplecastaudio.com/dbf86dbd-6a9d-4db2-a354-45de08471376/episodes/25c3d095-f2e3-4b8c-862f-89e606c18496/audio/128/default.mp3?aid=rss_feed&awCollectionId=dbf86dbd-6a9d-4db2-a354-45de08471376&awEpisodeId=25c3d095-f2e3-4b8c-862f-89e606c18496&feed=wjQvYtdl,59474777,6223f8683c6cda5030af79cbdabee199
MBMBaM 103: KORBEN DALLAS,2012-05-07,4156,https://claritaspod.com/measure/prfx.byspotify.com/e/pscrb.fm/rss/p/mgln.ai/e/31/afp-9384.calisto.simplecastaudio.com/dbf86dbd-6a9d-4db2-a354-45de08471376/episodes/c6cf137f-9e36-4b70-b755-22e13c94b10d/audio/128/default.mp3?aid=rss_feed&awCollectionId=dbf86dbd-6a9d-4db2-a354-45de08471376&awEpisodeId=c6cf137f-9e36-4b70-b755-22e13c94b10d&feed=wjQvYtdl,66628451,3df6da838c19b0ba59762f81a5c20319
"MBMBaM 104: I Hate You, Ron",2012-05-14,3365,https://claritaspod.com/measure/prfx.byspotify.com/e/pscrb.fm/rss/p/mgln.ai/e/31/afp-9384.calisto.simplecastaudio.com/dbf86dbd-6a9d-4db2-a354-45de08471376/episodes/247a0134-9e39-4837-ad64-bc3b0bb7696f/audio/128/default.mp3?aid=rss_feed&awCollectionId=dbf86dbd-6a9d-4db2-a354-45de08471376&awEpisodeId=247a0134-9e39-4837-ad64-bc3b0bb7696f&feed=wjQvYtdl,53977740,39a03a2e67a817f50f4f62c8e07df025
MBMBaM 105: Daymare Pile of Watercolor Donors,2012-05-21,3546,https://claritaspod.com/measure/prfx.byspotify.com/e/pscrb.fm/rss/p/mgln.ai/e/31/afp-9384.calisto.simplecastaudio.com/dbf86dbd-6a9d-4db2-a354-45de08471376/episodes/bdbd83f4-bbfe-4b59-bf56-797cf3fc57e3/audio/128/default.mp3?aid=rss_feed&awCollectionId=dbf86dbd-6a9d-4db2-a354-45de08471376&awEpisodeId=bdbd83f4-bbfe-4b59-bf56-797cf3fc57e3&feed=wjQvYtdl,56874538,f9c4859ca4a808d148276329b2968366
MBMBaM 106: Bicentennial Dad,2012-05-28,3639,https://claritaspod.com/measure/prfx.byspotify.com/e/pscrb.fm/rss/p/mgln.ai/e/31/afp-9384.calisto.simplecastaudio.com/dbf86dbd-6a9d-4db2-a354-45de08471376/episodes/37ae8584-00f8-4e77-86df-1e77da347e7a/audio/128/default.mp3?aid=rss_feed&awCollectionId=dbf86dbd-6a9d-4db2-a354-45de08471376&awEpisodeId=37ae8584-00f8-4e77-86df-1e77da347e7a&feed=wjQvYtdl,58374295,a99bbbd7d589ec9e21b46c9701c56b77
MBMBaM 107: Face 2 Face 5,2012-06-07,4873,https://claritaspod.com/measure/prfx.byspotify.com/e/pscrb.fm/rss/p/mgln.ai/e/31/afp-9384.calisto.simplecastaudio.com/dbf86dbd-6a9d-4db2-a354-45de08471376/episodes/eacab1e8-a55e-489c-86f0-4cb07e5f1b94/audio/128/default.mp3?aid=rss_feed&awCollectionId=dbf86dbd-6a9d-4db2-a354-45de08471376&awEpisodeId=eacab1e8-a55e-489c-86f0-4cb07e5f1b94&feed=wjQvYtdl,77974224,d3c1e48380d4ce44f585a93215c2bfe4
MBMBaM 108: The Garfield Monstrosity,2012-06-11,4339,https://claritaspod.com/measure/prfx.byspotify.com/e/pscrb.fm/rss/p/mgln.ai/e/31/afp-9384.calisto.simplecastaudio.com/dbf86dbd-6a9d-4db2-a354-45de08471376/episodes/e6e6d139-f96f-410a-baa2-fd89b9943df4/audio/128/default.mp3?aid=rss_feed&awCollectionId=dbf86dbd-6a9d-4db2-a354-45de08471376&awEpisodeId=e6e6d139-f96f-410a-baa2-fd89b9943df4&feed=wjQvYtdl,69562877,e37797d8b90d3b21f182c0bb36f78563
MBMBaM 109: Flapjack Nickelsack,2012-06-18,4000,https://claritaspod.com/measure/prfx.byspotify.com/e/pscrb.fm/rss/p/mgln.ai/e/31/afp-9384.calisto.simplecastaudio.com/dbf86dbd-6a9d-4db2-a354-45de08471376/episodes/84c0b3db-8674-4552-971e-60a0a9c334ae/audio/128/default.mp3?aid=rss_feed&awCollectionId=dbf86dbd-6a9d-4db2-a354-45de08471376&awEpisodeId=84c0b3db-8674-4552-971e-60a0a9c334ae&feed=wjQvYtdl,64326727,7f7bbe992a10ebced9ed81e3a2d99a5b
MBMBaM 110: J.R. Junior Jr.,2012-06-25,3651,https://claritaspod.com/measure/prfx.byspotify.com/e/pscrb.fm/rss/p/mgln.ai/e/31/afp-9384.calisto.simplecastaudio.com/dbf86dbd-6a9d-4db2-a354-45de08471376/episodes/3c244427-0826-457e-99d1-e63f372bd12d/audio/128/default.mp3?aid=rss_feed&awCollectionId=dbf86dbd-6a9d-4db2-a354-45de08471376&awEpisodeId=3c244427-0826-457e-99d1-e63f372bd12d&feed=wjQvYtdl,58742308,5b4c8eee933c4fb6cbcadf12f58fc3c7
MBMBaM 111: Sacrilice,2012-07-09,3723,https://claritaspod.com/measure/prfx.byspotify.com/e/pscrb.fm/rss/p/mgln.ai/e/31/afp-9384.calisto.simplecastaudio.com/dbf86dbd-6a9d-4db2-a354-45de08471376/episodes/240f0030-edc3-47dd-a48b-27025aa609b8/audio/128/default.mp3?aid=rss_feed&awCollectionId=dbf86dbd-6a9d-4db2-a354-45de08471376&awEpisodeId=240f0030-edc3-47dd-a48b-27025aa609b8&feed=wjQvYtdl,59902777,bd4cd9b8dd734664a79445860bf4a927
MBMBaM 112: The Channing Switcheroo,2012-07-16,3538,https://claritaspod.com/measure/prfx.byspotify.com/e/pscrb.fm/rss/p/mgln.ai/e/31/afp-9384.calisto.simplecastaudio.com/dbf86dbd-6a9d-4db2-a354-45de08471376/episodes/9e8c8233-6f85-4e99-9204-dda436cfb1cb/audio/128/default.mp3?aid=rss_feed&awCollectionId=dbf86dbd-6a9d-4db2-a354-45de08471376&awEpisodeId=9e8c8233-6f85-4e99-9204-dda436cfb1cb&feed=wjQvYtdl,56941388,b84243f78793f915dac73f54ae8da01d
MBMBaM 113: Dolphin Jockey,2012-07-23,3550,https://claritaspod.com/measure/prfx.byspotify.com/e/pscrb.fm/rss/p/mgln.ai/e/31/afp-9384.calisto.simplecastaudio.com/dbf86dbd-6a9d-4db2-a354-45de08471376/episodes/7913cec4-2403-48a0-84bd-45eafcffb0de/audio/128/default.mp3?aid=rss_feed&awCollectionId=dbf86dbd-6a9d-4db2-a354-45de08471376&awEpisodeId=7913cec4-2403-48a0-84bd-45eafcffb0de&feed=wjQvYtdl,57126126,7da38078cb72f60f984016dd51723a3e
MBMBaM 114: Roker Poker,2012-08-06,4115,https://claritaspod.com/measure/prfx.byspotify.com/e/pscrb.fm/rss/p/mgln.ai/e/31/afp-9384.calisto.simplecastaudio.com/dbf86dbd-6a9d-4db2-a354-45de08471376/episodes/4f8fad8a-0f80-471d-8d14-32790cd1c9c4/audio/128/default.mp3?aid=rss_feed&awCollectionId=dbf86dbd-6a9d-4db2-a354-45de08471376&awEpisodeId=4f8fad8a-0f80-471d-8d14-32790cd1c9c4&feed=wjQvYtdl,66486339,98a418ffc03656343497d0e7306a2f08
MBMBaM 115: Womenade,2012-08-13,3177,https://claritaspod.com/measure/prfx.byspotify.com/e/pscrb.fm/rss/p/mgln.ai/e/31/afp-9384.calisto.simplecastaudio.com/dbf86dbd-6a9d-4db2-a354-45de08471376/episodes/b86b4bc2-706c-403a-937a-222f2a538859/audio/128/default.mp3?aid=rss_feed&awCollectionId=dbf86dbd-6a9d-4db2-a354-45de08471376&awEpisodeId=b86b4bc2-706c-403a-937a-222f2a538859&feed=wjQvYtdl,50844921,6e457b3a51cafc2c71eed61f6c2f6dca
MBMBaM 116: Ritter Rider,2012-08-21,3210,https://claritaspod.com/measure/prfx.byspotify.com/e/pscrb.fm/rss/p/mgln.ai/e/31/afp-9384.calisto.simplecastaudio.com/dbf86dbd-6a9d-4db2-a354-45de08471376/episodes/90875559-8b09-4b3d-9b2d-c26070cf138c/audio/128/default.mp3?aid=rss_feed&awCollectionId=dbf86dbd-6a9d-4db2-a354-45de08471376&awEpisodeId=90875559-8b09-4b3d-9b2d-c26070cf138c&feed=wjQvYtdl,51361940,64449cdad340ac28cda85038bde31d52
MBMBaM 117: Romneycoladas,2012-08-29,3328,https://claritaspod.com/measure/prfx.byspotify.com/e/pscrb.fm/rss/p/mgln.ai/e/31/afp-9384.calisto.simplecastaudio.com/dbf86dbd-6a9d-4db2-a354-45de08471376/episodes/12dad7ab-d702-4797-92f8-c45b03250dde/audio/128/default.mp3?aid=rss_feed&awCollectionId=dbf86dbd-6a9d-4db2-a354-45de08471376&awEpisodeId=12dad7ab-d702-4797-92f8-c45b03250dde&feed=wjQvYtdl,53254496,81baa8e7280c64e326c14c89d6d3e25b
MBMBaM 118: Celebrity Dream Date,2012-09-03,3439,https://claritaspod.com/measure/prfx.byspotify.com/e/pscrb.fm/rss/p/mgln.ai/e/31/afp-9384.calisto.simplecastaudio.com/dbf86dbd-6a9d-4db2-a354-45de08471376/episodes/5ba7c54d-7223-426c-a2da-897977bd50ea/audio/128/default.mp3?aid=rss_feed&awCollectionId=dbf86dbd-6a9d-4db2-a354-45de08471376&awEpisodeId=5ba7c54d-7223-426c-a2da-897977bd50ea&feed=wjQvYtdl,55349382,00d24ba3418b3d232fad2192866e1ff0
"MBMBaM 119: Drop the Beat, Francis",2012-09-10,3443,https://claritaspod.com/measure/prfx.byspotify.com/e/pscrb.fm/rss/p/mgln.ai/e/31/afp-9384.calisto.simplecastaudio.com/dbf86dbd-6a9d-4db2-a354-45de08471376/episodes/d30cf6eb-c84d-45ea-b055-2a9a0c4cb1c4/audio/128/default.mp3?aid=rss_feed&awCollectionId=dbf86dbd-6a9d-4db2-a354-45de08471376&awEpisodeId=d30cf6eb-c84d-45ea-b055-2a9a0c4cb1c4&feed=wjQvYtdl,55417861,0806f4e3b9adcef6ef0fe8b5693cd223
MBMBaM 120: Shuddering Ectoplasm,2012-09-17,3858,https://claritaspod.com/measure/prfx.byspotify.com/e/pscrb.fm/rss/p/mgln.ai/e/31/afp-9384.calisto.simplecastaudio.com/dbf86dbd-6a9d-4db2-a354-45de08471376/episodes/90dd8b50-6043-4b21-b049-732b5de5eba9/audio/128/default.mp3?aid=rss_feed&awCollectionId=dbf86dbd-6a9d-4db2-a354-45de08471376&awEpisodeId=90dd8b50-6043-4b21-b049-732b5de5eba9&feed=wjQvYtdl,62062158,e30fa23b452f2d4036e98ecf692e05ca
MBMBaM 121: Dyump,2012-09-24,3972,https://claritaspod.com/measure/prfx.byspotify.com/e/pscrb.fm/rss/p/mgln.ai/e/31/afp-9384.calisto.simplecastaudio.com/dbf86dbd-6a9d-4db2-a354-45de08471376/episodes/6411c50c-b522-407e-9cf8-b6bcaca9a74e/audio/128/default.mp3?aid=rss_feed&awCollectionId=dbf86dbd-6a9d-4db2-a354-45de08471376&awEpisodeId=6411c50c-b522-407e-9cf8-b6bcaca9a74e&feed=wjQvYtdl,63877839,c42b45b533542601c217480cba8b4bf8
MBMBaM 122: In Your Tarzan Boy,2012-10-01,3956,https://claritaspod.com/measure/prfx.byspotify.com/e/pscrb.fm/rss/p/mgln.ai/e/31/afp-9384.calisto.simplecastaudio.com/dbf86dbd-6a9d-4db2-a354-45de08471376/episodes/bf5ae025-74b7-4797-874e-64628ca6bd9d/audio/128/default.mp3?aid=rss_feed&awCollectionId=dbf86dbd-6a9d-4db2-a354-45de08471376&awEpisodeId=bf5ae025-74b7-4797-874e-64628ca6bd9d&feed=wjQvYtdl,63629087,91a75e810cd014c4d47ed16ec3131890
MBMBaM 123: Contraband Future Dildos,2012-10-08,3313,https://claritaspod.com/measure/prfx.byspotify.com/e/pscrb.fm/rss/p/mgln.ai/e/31/afp-9384.calisto.simplecastaudio.com/dbf86dbd-6a9d-4db2-a354-45de08471376/episodes/c6d875b5-9b6c-4bde-9850-9a8d80dfc106/audio/128/default.mp3?aid=rss_feed&awCollectionId=dbf86dbd-6a9d-4db2-a354-45de08471376&awEpisodeId=c6d875b5-9b6c-4bde-9850-9a8d80dfc106&feed=wjQvYtdl,53333983,326ca511f8770b938dc3d1418bb5b8bc
MBMBaM 124: This is Our Rumours,2012-10-15,3052,https://claritaspod.com/measure/prfx.byspotify.com/e/pscrb.fm/rss/p/mgln.ai/e/31/afp-9384.calisto.simplecastaudio.com/dbf86dbd-6a9d-4db2-a354-45de08471376/episodes/1ef52136-262a-428a-866b-042df82686f6/audio/128/default.mp3?aid=rss_feed&awCollectionId=dbf86dbd-6a9d-4db2-a354-45de08471376&awEpisodeId=1ef52136-262a-428a-866b-042df82686f6&feed=wjQvYtdl,49168742,85d7505fb625ddc6b2bf09b406c09218
MBMBaM 125: Tuggies,2012-10-22,3822,https://claritaspod.com/measure/prfx.byspotify.com/e/pscrb.fm/rss/p/mgln.ai/e/31/afp-9384.calisto.simplecastaudio.com/dbf86dbd-6a9d-4db2-a354-45de08471376/episodes/d8cd4222-f04f-4054-b3a6-aed64782d5d7/audio/128/default.mp3?aid=rss_feed&awCollectionId=dbf86dbd-6a9d-4db2-a354-45de08471376&awEpisodeId=d8cd4222-f04f-4054-b3a6-aed64782d5d7&feed=wjQvYtdl,61484680,31c0403f54758ce13da64496e1b2a8f0
MBMBaM 126: Blast My Cache,2012-10-29,3656,https://claritaspod.com/measure/prfx.byspotify.com/e/pscrb.fm/rss/p/mgln.ai/e/31/afp-9384.calisto.simplecastaudio.com/dbf86dbd-6a9d-4db2-a354-45de08471376/episodes/750b4e2a-bc74-47c4-b61b-1950731eb6b3/audio/128/default.mp3?aid=rss_feed&awCollectionId=dbf86dbd-6a9d-4db2-a354-45de08471376&awEpisodeId=750b4e2a-bc74-47c4-b61b-1950731eb6b3&feed=wjQvYtdl,58830080,21be85618cd966a0f16a4c6fbe41257f
MBMBaM 127: UNK,2012-11-05,3683,https://claritaspod.com/measure/prfx.byspotify.com/e/pscrb.fm/rss/p/mgln.ai/e/31/afp-9384.calisto.simplecastaudio.com/dbf86dbd-6a9d-4db2-a354-45de08471376/episodes/036b82d8-b62d-40ca-b507-30c6921ef900/audio/128/default.mp3?aid=rss_feed&awCollectionId=dbf86dbd-6a9d-4db2-a354-45de08471376&awEpisodeId=036b82d8-b62d-40ca-b507-30c6921ef900&feed=wjQvYtdl,59254792,ff8af1db5da87fa527046da73a0829bd
MBMBaM 128: Y Tu Hermano Tambien,2012-11-12,3773,https://claritaspod.com/measure/prfx.byspotify.com/e/pscrb.fm/rss/p/mgln.ai/e/31/afp-9384.calisto.simplecastaudio.com/dbf86dbd-6a9d-4db2-a354-45de08471376/episodes/5c260f0c-5055-4157-9bfb-0f98bb350041/audio/128/default.mp3?aid=rss_feed&awCollectionId=dbf86dbd-6a9d-4db2-a354-45de08471376&awEpisodeId=5c260f0c-5055-4157-9bfb-0f98bb350041&feed=wjQvYtdl,60701006,90cfa896bae4b8a258a5818676f893e1
MBMBaM 129: Krumping Across America,2012-11-21,2892,https://claritaspod.com/measure/prfx.byspotify.com/e/pscrb.fm/rss/p/mgln.ai/e/31/afp-9384.calisto.simplecastaudio.com/dbf86dbd-6a9d-4db2-a354-45de08471376/episodes/29be629d-2b0c-457c-926a-9c7a6e39db73/audio/128/default.mp3?aid=rss_feed&awCollectionId=dbf86dbd-6a9d-4db2-a354-45de08471376&awEpisodeId=29be629d-2b0c-457c-926a-9c7a6e39db73&feed=wjQvYtdl,46598645,ee16cd8d1609edba896666ea446faa9d
MBMBaM 130: Holy Terror,2012-11-26,2965,https://claritaspod.com/measure/prfx.byspotify.com/e/pscrb.fm/rss/p/mgln.ai/e/31/afp-9384.calisto.simplecastaudio.com/dbf86dbd-6a9d-4db2-a354-45de08471376/episodes/7ca3245b-768c-4322-8091-2add7b87c724/audio/128/default.mp3?aid=rss_feed&awCollectionId=dbf86dbd-6a9d-4db2-a354-45de08471376&awEpisodeId=7ca3245b-768c-4322-8091-2add7b87c724&feed=wjQvYtdl,47768567,ff845719fd5ede8b4ddab3722e86682a
MBMBaM 131: Outliers,2012-12-03,3161,https://claritaspod.com/measure/prfx.byspotify.com/e/pscrb.fm/rss/p/mgln.ai/e/31/afp-9384.calisto.simplecastaudio.com/dbf86dbd-6a9d-4db2-a354-45de08471376/episodes/69eca547-45f3-4258-9791-49072e330cac/audio/128/default.mp3?aid=rss_feed&awCollectionId=dbf86dbd-6a9d-4db2-a354-45de08471376&awEpisodeId=69eca547-45f3-4258-9791-49072e330cac&feed=wjQvYtdl,50911148,aad01a0cfd94ff55e19829402599dd4a
MBMBaM 132: iJolene,2012-12-10,3210,https://claritaspod.com/measure/prfx.byspotify.com/e/pscrb.fm/rss/p/mgln.ai/e/31/afp-9384.calisto.simplecastaudio.com/dbf86dbd-6a9d-4db2-a354-45de08471376/episodes/bce31150-4876-4a7b-8db2-0fac35ce2e87/audio/128/default.mp3?aid=rss_feed&awCollectionId=dbf86dbd-6a9d-4db2-a354-45de08471376&awEpisodeId=bce31150-4876-4a7b-8db2-0fac35ce2e87&feed=wjQvYtdl,51692314,7106dd3f94585ff8ef0e8b4475eb7cd9
MBMBaM 133: Candlenights the IIIrd,2012-12-17,3594,https://claritaspod.com/measure/prfx.byspotify.com/e/pscrb.fm/rss/p/mgln.ai/e/31/afp-9384.calisto.simplecastaudio.com/dbf86dbd-6a9d-4db2-a354-45de08471376/episodes/08513d6a-842d-483b-871d-a4e637b3bee4/audio/128/default.mp3?aid=rss_feed&awCollectionId=dbf86dbd-6a9d-4db2-a354-45de08471376&awEpisodeId=08513d6a-842d-483b-871d-a4e637b3bee4&feed=wjQvYtdl,57833313,1ed44a1d0f83c23a709c339cc3958357
"MBMBaM 134: Dukes Down, Dunks Up",2012-12-31,3766,https://claritaspod.com/measure/prfx.byspotify.com/e/pscrb.fm/rss/p/mgln.ai/e/31/afp-9384.calisto.simplecastaudio.com/dbf86dbd-6a9d-4db2-a354-45de08471376/episodes/9382a850-e74e-48f5-971d-f5060531695a/audio/128/default.mp3?aid=rss_feed&awCollectionId=dbf86dbd-6a9d-4db2-a354-45de08471376&awEpisodeId=9382a850-e74e-48f5-971d-f5060531695a&feed=wjQvYtdl,60588575,19767f770d61c9a698f1e9089c76f21f
MBMBaM 135: TWENTY-DIRT,2013-01-07,3268,https://claritaspod.com/measure/prfx.byspotify.com/e/pscrb.fm/rss/p/mgln.ai/e/31/afp-9384.calisto.simplecastaudio.com/dbf86dbd-6a9d-4db2-a354-45de08471376/episodes/d04e04b3-fd19-4d1c-a0ef-e158ea76077e/audio/128/default.mp3?aid=rss_feed&awCollectionId=dbf86dbd-6a9d-4db2-a354-45de08471376&awEpisodeId=d04e04b3-fd19-4d1c-a0ef-e158ea76077e&feed=wjQvYtdl,52623945,a9eaa4c537bb2e6510ad61ee6be170f4
MBMBaM 136: Taken Babies,2013-01-14,3359,https://claritaspod.com/measure/prfx.byspotify.com/e/pscrb.fm/rss/p/mgln.ai/e/31/afp-9384.calisto.simplecastaudio.com/dbf86dbd-6a9d-4db2-a354-45de08471376/episodes/906966ea-e981-48a2-9bed-dfe7fa1b5dfb/audio/128/default.mp3?aid=rss_feed&awCollectionId=dbf86dbd-6a9d-4db2-a354-45de08471376&awEpisodeId=906966ea-e981-48a2-9bed-dfe7fa1b5dfb&feed=wjQvYtdl,54075099,c8af8bc5bc8dae7240b0f1009502d84d
MBMBaM 137: Tangentz,2013-01-21,3699,https://claritaspod.com/measure/prfx.byspotify.com/e/pscrb.fm/rss/p/mgln.ai/e/31/afp-9384.calisto.simplecastaudio.com/dbf86dbd-6a9d-4db2-a354-45de08471376/episodes/440b3e14-7540-40be-af12-fa03632ff439/audio/128/default.mp3?aid=rss_feed&awCollectionId=dbf86dbd-6a9d-4db2-a354-45de08471376&awEpisodeId=440b3e14-7540-40be-af12-fa03632ff439&feed=wjQvYtdl,59515256,f8e1e8be43dab00489668ccaac86f399
MBMBaM 138: Under the Bottom,2013-01-28,3153,https://claritaspod.com/measure/prfx.byspotify.com/e/pscrb.fm/rss/p/mgln.ai/e/31/afp-9384.calisto.simplecastaudio.com/dbf86dbd-6a9d-4db2-a354-45de08471376/episodes/13fbc747-6720-4d76-b760-66d67cc6f6f5/audio/128/default.mp3?aid=rss_feed&awCollectionId=dbf86dbd-6a9d-4db2-a354-45de08471376&awEpisodeId=13fbc747-6720-4d76-b760-66d67cc6f6f5&feed=wjQvYtdl,50779491,c1ba81c6e54018056db3e9376e12b844
MBMBaM 139: Minority Groundhog Report,2013-02-04,3502,https://claritaspod.com/measure/prfx.byspotify.com/e/pscrb.fm/rss/p/mgln.ai/e/31/afp-9384.calisto.simplecastaudio.com/dbf86dbd-6a9d-4db2-a354-45de08471376/episodes/a4651be0-a261-4311-9c9b-4984dfaa5f4e/audio/128/default.mp3?aid=rss_feed&awCollectionId=dbf86dbd-6a9d-4db2-a354-45de08471376&awEpisodeId=a4651be0-a261-4311-9c9b-4984dfaa5f4e&feed=wjQvYtdl,56365098,bf12ad889f5f6d75932b05a7eb7a647e
MBMBaM 140: Hops for Pops,2013-02-18,3401,https://claritaspod.com/measure/prfx.byspotify.com/e/pscrb.fm/rss/p/mgln.ai/e/31/afp-9384.calisto.simplecastaudio.com/dbf86dbd-6a9d-4db2-a354-45de08471376/episodes/8236fb88-29c4-41f9-bd49-3247bca58cf6/audio/128/default.mp3?aid=rss_feed&awCollectionId=dbf86dbd-6a9d-4db2-a354-45de08471376&awEpisodeId=8236fb88-29c4-41f9-bd49-3247bca58cf6&feed=wjQvYtdl,54753029,aac7d93bcc797013b09fe33e9488d7dc
MBMBaM 141: Dan the Man with the Flan Plan,2013-02-25,3456,https://claritaspod.com/measure/prfx.byspotify.com/e/pscrb.fm/rss/p/mgln.ai/e/31/afp-9384.calisto.simplecastaudio.com/dbf86dbd-6a9d-4db2-a354-45de08471376/episodes/80235158-0c34-405e-a525-831b368e0c86/audio/128/default.mp3?aid=rss_feed&awCollectionId=dbf86dbd-6a9d-4db2-a354-45de08471376&awEpisodeId=80235158-0c34-405e-a525-831b368e0c86&feed=wjQvYtdl,55627400,4e8fb53c19d277c2083c7b999cc47f08
MBMBaM 142: Tom Bosley Upskirts,2013-03-05,3273,https://claritaspod.com/measure/prfx.byspotify.com/e/pscrb.fm/rss/p/mgln.ai/e/31/afp-9384.calisto.simplecastaudio.com/dbf86dbd-6a9d-4db2-a354-45de08471376/episodes/66670447-22f1-499f-951c-835f76990750/audio/128/default.mp3?aid=rss_feed&awCollectionId=dbf86dbd-6a9d-4db2-a354-45de08471376&awEpisodeId=66670447-22f1-499f-951c-835f76990750&feed=wjQvYtdl,52698398,2a8edd589ec4933abd1ad7cf40502d0f
MBMBaM 143: Daniel Day Nutchuckles,2013-03-11,3101,https://claritaspod.com/measure/prfx.byspotify.com/e/pscrb.fm/rss/p/mgln.ai/e/31/afp-9384.calisto.simplecastaudio.com/dbf86dbd-6a9d-4db2-a354-45de08471376/episodes/6f8a720d-e4b4-429b-a390-94ca414677db/audio/128/default.mp3?aid=rss_feed&awCollectionId=dbf86dbd-6a9d-4db2-a354-45de08471376&awEpisodeId=6f8a720d-e4b4-429b-a390-94ca414677db&feed=wjQvYtdl,49619897,354296a55b9726d596eae00b96d725d1
MBMBaM 144: Kick it Forward,2013-03-18,4225,https://claritaspod.com/measure/prfx.byspotify.com/e/pscrb.fm/rss/p/mgln.ai/e/31/afp-9384.calisto.simplecastaudio.com/dbf86dbd-6a9d-4db2-a354-45de08471376/episodes/a27655e0-9267-443e-9b34-10dd1cf58cd9/audio/128/default.mp3?aid=rss_feed&awCollectionId=dbf86dbd-6a9d-4db2-a354-45de08471376&awEpisodeId=a27655e0-9267-443e-9b34-10dd1cf58cd9&feed=wjQvYtdl,67935880,1089dfb1bfe264e94a1b11173e515fba
MBMBaM 145: Three's Company High,2013-03-26,3879,https://claritaspod.com/measure/prfx.byspotify.com/e/pscrb.fm/rss/p/mgln.ai/e/31/afp-9384.calisto.simplecastaudio.com/dbf86dbd-6a9d-4db2-a354-45de08471376/episodes/e0c6d692-4f81-4b4d-80b0-37c1f43a38a2/audio/128/default.mp3?aid=rss_feed&awCollectionId=dbf86dbd-6a9d-4db2-a354-45de08471376&awEpisodeId=e0c6d692-4f81-4b4d-80b0-37c1f43a38a2&feed=wjQvYtdl,62397084,5ce01dd467ece3e3ba7e51cab2d63556
MBMBaM 146: Kenan By Way of Kel,2013-04-02,4543,https://claritaspod.com/measure/prfx.byspotify.com/e/pscrb.fm/rss/p/mgln.ai/e/31/afp-9384.calisto.simplecastaudio.com/dbf86dbd-6a9d-4db2-a354-45de08471376/episodes/1a9e5a96-e062-4b99-983b-1cf89fc45194/audio/128/default.mp3?aid=rss_feed&awCollectionId=dbf86dbd-6a9d-4db2-a354-45de08471376&awEpisodeId=1a9e5a96-e062-4b99-983b-1cf89fc45194&feed=wjQvYtdl,73016591,9949d29ce02cacf7f8ca30e2b43be9b6
MBMBaM 147: The Legend of Corn Cob Boy,2013-04-08,4578,https://claritaspod.com/measure/prfx.byspotify.com/e/pscrb.fm/rss/p/mgln.ai/e/31/afp-9384.calisto.simplecastaudio.com/dbf86dbd-6a9d-4db2-a354-45de08471376/episodes/f75140f7-c483-4f13-982f-36e67dee4bad/audio/128/default.mp3?aid=rss_feed&awCollectionId=dbf86dbd-6a9d-4db2-a354-45de08471376&awEpisodeId=f75140f7-c483-4f13-982f-36e67dee4bad&feed=wjQvYtdl,73705399,4c88f1e0ab9257048adb2d5fbedaf976
MBMBaM 148: The Best Part of Waking Up,2013-04-15,3548,https://claritaspod.com/measure/prfx.byspotify.com/e/pscrb.fm/rss/p/mgln.ai/e/31/afp-9384.calisto.simplecastaudio.com/dbf86dbd-6a9d-4db2-a354-45de08471376/episodes/9e13106c-a2bf-4812-89f7-7a9f2da4ebc0/audio/128/default.mp3?aid=rss_feed&awCollectionId=dbf86dbd-6a9d-4db2-a354-45de08471376&awEpisodeId=9e13106c-a2bf-4812-89f7-7a9f2da4ebc0&feed=wjQvYtdl,57093600,d75b2579a48bd5d2dd866685d35e52d7
MBMBaM 149: Terminatored,2013-04-22,3361,https://claritaspod.com/measure/prfx.byspotify.com/e/pscrb.fm/rss/p/mgln.ai/e/31/afp-9384.calisto.simplecastaudio.com/dbf86dbd-6a9d-4db2-a354-45de08471376/episodes/383b3f73-7910-4bf2-9500-172d1a149e30/audio/128/default.mp3?aid=rss_feed&awCollectionId=dbf86dbd-6a9d-4db2-a354-45de08471376&awEpisodeId=383b3f73-7910-4bf2-9500-172d1a149e30&feed=wjQvYtdl,54113133,874d887912566755c766b230595df814
MBMBaM 150: Wolf School,2013-04-29,3726,https://claritaspod.com/measure/prfx.byspotify.com/e/pscrb.fm/rss/p/mgln.ai/e/31/afp-9384.calisto.simplecastaudio.com/dbf86dbd-6a9d-4db2-a354-45de08471376/episodes/1eb9869c-cb1d-4a35-bb04-a4d0b1641935/audio/128/default.mp3?aid=rss_feed&awCollectionId=dbf86dbd-6a9d-4db2-a354-45de08471376&awEpisodeId=1eb9869c-cb1d-4a35-bb04-a4d0b1641935&feed=wjQvYtdl,59953277,adff5ded29abac5f4b140d80822fe8bd
MBMBaM 151: Orb is Horse,2013-05-06,3421,https://claritaspod.com/measure/prfx.byspotify.com/e/pscrb.fm/rss/p/mgln.ai/e/31/afp-9384.calisto.simplecastaudio.com/dbf86dbd-6a9d-4db2-a354-45de08471376/episodes/5092e05b-77e6-4492-b532-1eb2f229dbf5/audio/128/default.mp3?aid=rss_feed&awCollectionId=dbf86dbd-6a9d-4db2-a354-45de08471376&awEpisodeId=5092e05b-77e6-4492-b532-1eb2f229dbf5&feed=wjQvYtdl,55064826,7424d55cbd9b84e324880456854b9423
MBMBaM 152: Heaton Up,2013-05-13,3483,https://claritaspod.com/measure/prfx.byspotify.com/e/pscrb.fm/rss/p/mgln.ai/e/31/afp-9384.calisto.simplecastaudio.com/dbf86dbd-6a9d-4db2-a354-45de08471376/episodes/fe1d4645-07c9-48f5-b39a-b8ee784dbd01/audio/128/default.mp3?aid=rss_feed&awCollectionId=dbf86dbd-6a9d-4db2-a354-45de08471376&awEpisodeId=fe1d4645-07c9-48f5-b39a-b8ee784dbd01&feed=wjQvYtdl,56059569,f80470865fa580e0977b44b9f2d1cd4b
MBMBaM 153: God Made a Bridge Troll,2013-05-20,3162,https://claritaspod.com/measure/prfx.byspotify.com/e/pscrb.fm/rss/p/mgln.ai/e/31/afp-9384.calisto.simplecastaudio.com/dbf86dbd-6a9d-4db2-a354-45de08471376/episodes/f53c8cf2-d9ff-485f-b237-fbacd5d80659/audio/128/default.mp3?aid=rss_feed&awCollectionId=dbf86dbd-6a9d-4db2-a354-45de08471376&awEpisodeId=f53c8cf2-d9ff-485f-b237-fbacd5d80659&feed=wjQvYtdl,50922015,e8031e03f61a0a57558ba8e1aad01901
MBMBaM 154: DDSM,2013-05-28,3828,https://claritaspod.com/measure/prfx.byspotify.com/e/pscrb.fm/rss/p/mgln.ai/e/31/afp-9384.calisto.simplecastaudio.com/dbf86dbd-6a9d-4db2-a354-45de08471376/episodes/1901ec89-b059-45ae-abd8-5511c64edf75/audio/128/default.mp3?aid=rss_feed&awCollectionId=dbf86dbd-6a9d-4db2-a354-45de08471376&awEpisodeId=1901ec89-b059-45ae-abd8-5511c64edf75&feed=wjQvYtdl,61582482,0ba75edf02cc1e3c26508b765c84944d
MBMBaM 155: Face 2 Face 6: MaxFunCon 2013,2013-06-04,3892,https://claritaspod.com/measure/prfx.byspotify.com/e/pscrb.fm/rss/p/mgln.ai/e/31/afp-9384.calisto.simplecastaudio.com/dbf86dbd-6a9d-4db2-a354-45de08471376/episodes/5bb739b1-ed3e-4685-882d-409606d75802/audio/128/default.mp3?aid=rss_feed&awCollectionId=dbf86dbd-6a9d-4db2-a354-45de08471376&awEpisodeId=5bb739b1-ed3e-4685-882d-409606d75802&feed=wjQvYtdl,62605228,936c80edd80f78b8f200531abad5f112
MBMBaM 156: The Sound of One Hand Twerking,2013-06-17,3694,https://claritaspod.com/measure/prfx.byspotify.com/e/pscrb.fm/rss/p/mgln.ai/e/31/afp-9384.calisto.simplecastaudio.com/dbf86dbd-6a9d-4db2-a354-45de08471376/episodes/782a6907-04a2-4f54-9b14-0f70a3c21d4f/audio/128/default.mp3?aid=rss_feed&awCollectionId=dbf86dbd-6a9d-4db2-a354-45de08471376&awEpisodeId=782a6907-04a2-4f54-9b14-0f70a3c21d4f&feed=wjQvYtdl,59431246,a0031a9e471ba07433b91929db6ddb60
MBMBaM 157: Chris Sabones,2013-06-24,3226,https://claritaspod.com/measure/prfx.byspotify.com/e/pscrb.fm/rss/p/mgln.ai/e/31/afp-9384.calisto.simplecastaudio.com/dbf86dbd-6a9d-4db2-a354-45de08471376/episodes/6d9baa26-f859-4f0a-b679-a533863e43b7/audio/128/default.mp3?aid=rss_feed&awCollectionId=dbf86dbd-6a9d-4db2-a354-45de08471376&awEpisodeId=6d9baa26-f859-4f0a-b679-a533863e43b7&feed=wjQvYtdl,51944343,86aeef536f88e18c299083a7d76b6bc7
MBMBaM 158: The Taco Nexus,2013-07-01,3773,https://claritaspod.com/measure/prfx.byspotify.com/e/pscrb.fm/rss/p/mgln.ai/e/31/afp-9384.calisto.simplecastaudio.com/dbf86dbd-6a9d-4db2-a354-45de08471376/episodes/3ca2ed0a-fa0d-4e53-9c89-019a538d35a5/audio/128/default.mp3?aid=rss_feed&awCollectionId=dbf86dbd-6a9d-4db2-a354-45de08471376&awEpisodeId=3ca2ed0a-fa0d-4e53-9c89-019a538d35a5&feed=wjQvYtdl,60693901,18ce5c811788405ce9c92c0970edef00
MBMBaM 159: Home Alone Castle Doctrine,2013-07-08,3628,https://claritaspod.com/measure/prfx.byspotify.com/e/pscrb.fm/rss/p/mgln.ai/e/31/afp-9384.calisto.simplecastaudio.com/dbf86dbd-6a9d-4db2-a354-45de08471376/episodes/97a9e51c-bc87-4d3e-be4c-c08ca6183bed/audio/128/default.mp3?aid=rss_feed&awCollectionId=dbf86dbd-6a9d-4db2-a354-45de08471376&awEpisodeId=97a9e51c-bc87-4d3e-be4c-c08ca6183bed&feed=wjQvYtdl,58379661,ec6cc82859146d1e94df7046797ecf9f
MBMBaM 160: The Ballad of Dunkleman,2013-07-22,3638,https://claritaspod.com/measure/prfx.byspotify.com/e/pscrb.fm/rss/p/mgln.ai/e/31/afp-9384.calisto.simplecastaudio.com/dbf86dbd-6a9d-4db2-a354-45de08471376/episodes/ad895630-9db8-4d03-aa32-1ca02e829dc3/audio/128/default.mp3?aid=rss_feed&awCollectionId=dbf86dbd-6a9d-4db2-a354-45de08471376&awEpisodeId=ad895630-9db8-4d03-aa32-1ca02e829dc3&feed=wjQvYtdl,58536395,71549ce5cf0a73c652fb4652d1363aae
"MBMBaM 161: Bro's Better, Bro's Best: Ch. 1 - 13",2013-07-29,3735,https://claritaspod.com/measure/prfx.byspotify.com/e/pscrb.fm/rss/p/mgln.ai/e/31/afp-9384.calisto.simplecastaudio.com/dbf86dbd-6a9d-4db2-a354-45de08471376/episodes/56db0027-cbc1-4194-bf6c-f32a67b966c3/audio/128/default.mp3?aid=rss_feed&awCollectionId=dbf86dbd-6a9d-4db2-a354-45de08471376&awEpisodeId=56db0027-cbc1-4194-bf6c-f32a67b966c3&feed=wjQvYtdl,60083256,961d56d8d4b39a493d0eecf878033f42
MBMBaM 162: Mystery at the Petting Zoo,2013-08-05,4031,https://claritaspod.com/measure/prfx.byspotify.com/e/pscrb.fm/rss/p/mgln.ai/e/31/afp-9384.calisto.simplecastaudio.com/dbf86dbd-6a9d-4db2-a354-45de08471376/episodes/a117f83a-9ea0-4b02-b802-6eff8d2894fb/audio/128/default.mp3?aid=rss_feed&awCollectionId=dbf86dbd-6a9d-4db2-a354-45de08471376&awEpisodeId=a117f83a-9ea0-4b02-b802-6eff8d2894fb&feed=wjQvYtdl,64828771,16e396de6fe3da2b2cf4cbb0c1e720b3
MBMBaM 163: The Smoochatorium,2013-08-12,3737,https://claritaspod.com/measure/prfx.byspotify.com/e/pscrb.fm/rss/p/mgln.ai/e/31/afp-9384.calisto.simplecastaudio.com/dbf86dbd-6a9d-4db2-a354-45de08471376/episodes/e918e7b3-3e07-4db6-be5c-7de72774be2a/audio/128/default.mp3?aid=rss_feed&awCollectionId=dbf86dbd-6a9d-4db2-a354-45de08471376&awEpisodeId=e918e7b3-3e07-4db6-be5c-7de72774be2a&feed=wjQvYtdl,60115863,9372d68f6fd35832f581713c88db9828
MBMBaM 164: Gaperboy,2013-08-19,3159,https://claritaspod.com/measure/prfx.byspotify.com/e/pscrb.fm/rss/p/mgln.ai/e/31/afp-9384.calisto.simplecastaudio.com/dbf86dbd-6a9d-4db2-a354-45de08471376/episodes/d5c3c7bf-c2a9-4bfe-b6cc-7a3793e1dd2a/audio/128/default.mp3?aid=rss_feed&awCollectionId=dbf86dbd-6a9d-4db2-a354-45de08471376&awEpisodeId=d5c3c7bf-c2a9-4bfe-b6cc-7a3793e1dd2a&feed=wjQvYtdl,50876040,97bef9b395d5a1ea7d092c6357f226d6
MBMBaM 165: Johnny Billyseed,2013-08-27,3526,https://claritaspod.com/measure/prfx.byspotify.com/e/pscrb.fm/rss/p/mgln.ai/e/31/afp-9384.calisto.simplecastaudio.com/dbf86dbd-6a9d-4db2-a354-45de08471376/episodes/1cb06675-bbc9-42e4-b074-4dc39cab8d0c/audio/128/default.mp3?aid=rss_feed&awCollectionId=dbf86dbd-6a9d-4db2-a354-45de08471376&awEpisodeId=1cb06675-bbc9-42e4-b074-4dc39cab8d0c&feed=wjQvYtdl,56747099,0014ddcf43ac558619e46826111771c1
MBMBaM 166: Boys in the House,2013-09-03,3021,https://claritaspod.com/measure/prfx.byspotify.com/e/pscrb.fm/rss/p/mgln.ai/e/31/afp-9384.calisto.simplecastaudio.com/dbf86dbd-6a9d-4db2-a354-45de08471376/episodes/552eec9a-16a7-48f6-b480-d272d3fb63e1/audio/128/default.mp3?aid=rss_feed&awCollectionId=dbf86dbd-6a9d-4db2-a354-45de08471376&awEpisodeId=552eec9a-16a7-48f6-b480-d272d3fb63e1&feed=wjQvYtdl,48666289,aa9bb788dc7acab8e36eaacf21829d0a
MBMBaM 167: Monday Morning Duffy,2013-09-09,2940,https://claritaspod.com/measure/prfx.byspotify.com/e/pscrb.fm/rss/p/mgln.ai/e/31/afp-9384.calisto.simplecastaudio.com/dbf86dbd-6a9d-4db2-a354-45de08471376/episodes/4847d9fe-2f83-4a8d-8022-a3beb4c64102/audio/128/default.mp3?aid=rss_feed&awCollectionId=dbf86dbd-6a9d-4db2-a354-45de08471376&awEpisodeId=4847d9fe-2f83-4a8d-8022-a3beb4c64102&feed=wjQvYtdl,47368108,aa262aa0fc1282fa9fe7ed12e9359ef7
MBMBaM 168: I Say Wopato,2013-09-16,3197,https://claritaspod.com/measure/prfx.byspotify.com/e/pscrb.fm/rss/p/mgln.ai/e/31/afp-9384.calisto.simplecastaudio.com/dbf86dbd-6a9d-4db2-a354-45de08471376/episodes/795d67a7-c392-4e52-a357-99552e17469b/audio/128/default.mp3?aid=rss_feed&awCollectionId=dbf86dbd-6a9d-4db2-a354-45de08471376&awEpisodeId=795d67a7-c392-4e52-a357-99552e17469b&feed=wjQvYtdl,51268395,9078316262fb232362d8db3934a7bee4
MBMBaM 169: Mr. Sweats,2013-09-23,3793,https://claritaspod.com/measure/prfx.byspotify.com/e/pscrb.fm/rss/p/mgln.ai/e/31/afp-9384.calisto.simplecastaudio.com/dbf86dbd-6a9d-4db2-a354-45de08471376/episodes/c1109d62-7535-4671-ad53-53840f11db62/audio/128/default.mp3?aid=rss_feed&awCollectionId=dbf86dbd-6a9d-4db2-a354-45de08471376&awEpisodeId=c1109d62-7535-4671-ad53-53840f11db62&feed=wjQvYtdl,61023253,0c3639974bccd6bfb4a04bd5aa764f3e
MBMBaM 170: Land Before Time But After Pizza,2013-09-30,3246,https://claritaspod.com/measure/prfx.byspotify.com/e/pscrb.fm/rss/p/mgln.ai/e/31/afp-9384.calisto.simplecastaudio.com/dbf86dbd-6a9d-4db2-a354-45de08471376/episodes/c5165f90-00e8-4042-b079-c4528fee3329/audio/128/default.mp3?aid=rss_feed&awCollectionId=dbf86dbd-6a9d-4db2-a354-45de08471376&awEpisodeId=c5165f90-00e8-4042-b079-c4528fee3329&feed=wjQvYtdl,52268680,481ce06101771d3d290d0a0c00bd8208
MBMBaM 171: The Sweetin Furnace,2013-10-10,2752,https://claritaspod.com/measure/prfx.byspotify.com/e/pscrb.fm/rss/p/mgln.ai/e/31/afp-9384.calisto.simplecastaudio.com/dbf86dbd-6a9d-4db2-a354-45de08471376/episodes/27ef031f-e7aa-40f9-a278-18a81b1583d0/audio/128/default.mp3?aid=rss_feed&awCollectionId=dbf86dbd-6a9d-4db2-a354-45de08471376&awEpisodeId=27ef031f-e7aa-40f9-a278-18a81b1583d0&feed=wjQvYtdl,44369251,f009f41aac56e4900c5a7efcbbd6b8ea
MBMBaM 172: Juggalo Church Camp,2013-10-14,3045,https://claritaspod.com/measure/prfx.byspotify.com/e/pscrb.fm/rss/p/mgln.ai/e/31/afp-9384.calisto.simplecastaudio.com/dbf86dbd-6a9d-4db2-a354-45de08471376/episodes/a5ceee87-a25e-45ab-b7ec-d36e1651fdb7/audio/128/default.mp3?aid=rss_feed&awCollectionId=dbf86dbd-6a9d-4db2-a354-45de08471376&awEpisodeId=a5ceee87-a25e-45ab-b7ec-d36e1651fdb7&feed=wjQvYtdl,49049976,c69dc6aae5940df54e6bbb3f1ffdf3ad
"MBMBaM 173: Bro's Better, Bro's Best: Ch. 16 - 30",2013-10-28,4056,https://claritaspod.com/measure/prfx.byspotify.com/e/pscrb.fm/rss/p/mgln.ai/e/31/afp-9384.calisto.simplecastaudio.com/dbf86dbd-6a9d-4db2-a354-45de08471376/episodes/5a5217f7-68f1-4146-b745-1a0377df74c5/audio/128/default.mp3?aid=rss_feed&awCollectionId=dbf86dbd-6a9d-4db2-a354-45de08471376&awEpisodeId=5a5217f7-68f1-4146-b745-1a0377df74c5&feed=wjQvYtdl,65225832,180d8809712c9504d00493f6ed965b37
MBMBaM 174: Starbucks Castle Doctrine,2013-11-04,3866,https://claritaspod.com/measure/prfx.byspotify.com/e/pscrb.fm/rss/p/mgln.ai/e/31/afp-9384.calisto.simplecastaudio.com/dbf86dbd-6a9d-4db2-a354-45de08471376/episodes/c9936c36-93bf-4734-ad36-cd2bc1d4a090/audio/128/default.mp3?aid=rss_feed&awCollectionId=dbf86dbd-6a9d-4db2-a354-45de08471376&awEpisodeId=c9936c36-93bf-4734-ad36-cd2bc1d4a090&feed=wjQvYtdl,62191031,fecb976e4a07c875e1533e1abf50639f
MBMBaM 175: Torsey,2013-11-11,3727,https://claritaspod.com/measure/prfx.byspotify.com/e/pscrb.fm/rss/p/mgln.ai/e/31/afp-9384.calisto.simplecastaudio.com/dbf86dbd-6a9d-4db2-a354-45de08471376/episodes/443c8e02-be38-48dc-aceb-39728ff10a49/audio/128/default.mp3?aid=rss_feed&awCollectionId=dbf86dbd-6a9d-4db2-a354-45de08471376&awEpisodeId=443c8e02-be38-48dc-aceb-39728ff10a49&feed=wjQvYtdl,59966652,53b15870f292ef33972531b0bf5071fc
MBMBaM 176: Wizard Beard Decade,2013-11-18,3031,https://claritaspod.com/measure/prfx.byspotify.com/e/pscrb.fm/rss/p/mgln.ai/e/31/afp-9384.calisto.simplecastaudio.com/dbf86dbd-6a9d-4db2-a354-45de08471376/episodes/f6f3a663-6e13-4ef8-8364-4a1dd1d1fbc5/audio/128/default.mp3?aid=rss_feed&awCollectionId=dbf86dbd-6a9d-4db2-a354-45de08471376&awEpisodeId=f6f3a663-6e13-4ef8-8364-4a1dd1d1fbc5&feed=wjQvYtdl,48828875,7423d68db71ebc961f2a5ea4fdb8d66a
MBMBaM 177: Juicy Crust,2013-11-26,3688,https://claritaspod.com/measure/prfx.byspotify.com/e/pscrb.fm/rss/p/mgln.ai/e/31/afp-9384.calisto.simplecastaudio.com/dbf86dbd-6a9d-4db2-a354-45de08471376/episodes/725db26b-bf17-4fd3-a563-2a7f1402f3fb/audio/128/default.mp3?aid=rss_feed&awCollectionId=dbf86dbd-6a9d-4db2-a354-45de08471376&awEpisodeId=725db26b-bf17-4fd3-a563-2a7f1402f3fb&feed=wjQvYtdl,59333026,96da2f6c3bfb76f78e144e8cd617aea1
MBMBaM 178: Freedom to Burger Out,2013-12-02,3808,https://claritaspod.com/measure/prfx.byspotify.com/e/pscrb.fm/rss/p/mgln.ai/e/31/afp-9384.calisto.simplecastaudio.com/dbf86dbd-6a9d-4db2-a354-45de08471376/episodes/7a024d16-cf32-4c51-bb34-e8252cde1929/audio/128/default.mp3?aid=rss_feed&awCollectionId=dbf86dbd-6a9d-4db2-a354-45de08471376&awEpisodeId=7a024d16-cf32-4c51-bb34-e8252cde1929&feed=wjQvYtdl,61261907,d5ed331b96be297246b5f510c14c80f0
MBMBaM 179: Tuesdays with Luncho,2013-12-16,3321,https://claritaspod.com/measure/prfx.byspotify.com/e/pscrb.fm/rss/p/mgln.ai/e/31/afp-9384.calisto.simplecastaudio.com/dbf86dbd-6a9d-4db2-a354-45de08471376/episodes/d83fe227-4bd6-460d-bc53-e18e02b1b270/audio/128/default.mp3?aid=rss_feed&awCollectionId=dbf86dbd-6a9d-4db2-a354-45de08471376&awEpisodeId=d83fe227-4bd6-460d-bc53-e18e02b1b270&feed=wjQvYtdl,53463625,0ab8f38aa04b8449f92b68c72ee82037
MBMBaM 180: Candlenights IV,2013-12-24,3678,https://claritaspod.com/measure/prfx.byspotify.com/e/pscrb.fm/rss/p/mgln.ai/e/31/afp-9384.calisto.simplecastaudio.com/dbf86dbd-6a9d-4db2-a354-45de08471376/episodes/1d7de3ba-e8b6-48a4-991f-60364d28a998/audio/128/default.mp3?aid=rss_feed&awCollectionId=dbf86dbd-6a9d-4db2-a354-45de08471376&awEpisodeId=1d7de3ba-e8b6-48a4-991f-60364d28a998&feed=wjQvYtdl,58963731,3dbcc8648ca527024cff22924b88683e
MBMBaM 181: Boycar,2013-12-30,3772,https://claritaspod.com/measure/prfx.byspotify.com/e/pscrb.fm/rss/p/mgln.ai/e/31/afp-9384.calisto.simplecastaudio.com/dbf86dbd-6a9d-4db2-a354-45de08471376/episodes/bd36795c-7dab-401e-89f2-bcb9a1ff2083/audio/128/default.mp3?aid=rss_feed&awCollectionId=dbf86dbd-6a9d-4db2-a354-45de08471376&awEpisodeId=bd36795c-7dab-401e-89f2-bcb9a1ff2083&feed=wjQvYtdl,60683034,846daa80849ece3ef7ce64cfa5db6779
MBMBaM 182: Yogi the Stareater,2014-01-06,3762,https://claritaspod.com/measure/prfx.byspotify.com/e/pscrb.fm/rss/p/mgln.ai/e/31/afp-9384.calisto.simplecastaudio.com/dbf86dbd-6a9d-4db2-a354-45de08471376/episodes/3336fa15-eb31-4e53-80e9-edae883e407d/audio/128/default.mp3?aid=rss_feed&awCollectionId=dbf86dbd-6a9d-4db2-a354-45de08471376&awEpisodeId=3336fa15-eb31-4e53-80e9-edae883e407d&feed=wjQvYtdl,60513760,329d66f58dcaa24325199aa76f85b19f
MBMBaM 183: C-3P-Oh Yeaaahhhhh,2014-01-13,3579,https://claritaspod.com/measure/prfx.byspotify.com/e/pscrb.fm/rss/p/mgln.ai/e/31/afp-9384.calisto.simplecastaudio.com/dbf86dbd-6a9d-4db2-a354-45de08471376/episodes/281fee7f-c70a-4c66-b543-52274c80c320/audio/128/default.mp3?aid=rss_feed&awCollectionId=dbf86dbd-6a9d-4db2-a354-45de08471376&awEpisodeId=281fee7f-c70a-4c66-b543-52274c80c320&feed=wjQvYtdl,57596823,94577b12bcd200af7b3f48ad51d0df19
MBMBaM 184: YOLT,2014-01-21,3896,https://claritaspod.com/measure/prfx.byspotify.com/e/pscrb.fm/rss/p/mgln.ai/e/31/afp-9384.calisto.simplecastaudio.com/dbf86dbd-6a9d-4db2-a354-45de08471376/episodes/805e5374-e23b-41bd-9bb5-b56df2d8c836/audio/128/default.mp3?aid=rss_feed&awCollectionId=dbf86dbd-6a9d-4db2-a354-45de08471376&awEpisodeId=805e5374-e23b-41bd-9bb5-b56df2d8c836&feed=wjQvYtdl,62664578,e4d3affa7fee2dd82df25375e6ca610c
MBMBaM 185: Draining a Niner,2014-01-27,3449,https://claritaspod.com/measure/prfx.byspotify.com/e/pscrb.fm/rss/p/mgln.ai/e/31/afp-9384.calisto.simplecastaudio.com/dbf86dbd-6a9d-4db2-a354-45de08471376/episodes/b4c3e5c6-1a10-492c-8779-1352610fee1a/audio/128/default.mp3?aid=rss_feed&awCollectionId=dbf86dbd-6a9d-4db2-a354-45de08471376&awEpisodeId=b4c3e5c6-1a10-492c-8779-1352610fee1a&feed=wjQvYtdl,55513297,342ba8e9a5bde0b7b6404c448d864188
MBMBaM 186: Nipple Aesthetics,2014-02-03,3754,https://claritaspod.com/measure/prfx.byspotify.com/e/pscrb.fm/rss/p/mgln.ai/e/31/afp-9384.calisto.simplecastaudio.com/dbf86dbd-6a9d-4db2-a354-45de08471376/episodes/5f0d6fad-3e0d-478e-9564-3c95213f0b27/audio/128/default.mp3?aid=rss_feed&awCollectionId=dbf86dbd-6a9d-4db2-a354-45de08471376&awEpisodeId=5f0d6fad-3e0d-478e-9564-3c95213f0b27&feed=wjQvYtdl,60395060,2945aa4edf8d490f38e05976dca22ea8
MBMBaM 187: Yu-Gi-Oh Barber Shop,2014-02-10,3648,https://claritaspod.com/measure/prfx.byspotify.com/e/pscrb.fm/rss/p/mgln.ai/e/31/afp-9384.calisto.simplecastaudio.com/dbf86dbd-6a9d-4db2-a354-45de08471376/episodes/b66e0190-30ee-45db-b8b2-ceaa27dc87e7/audio/128/default.mp3?aid=rss_feed&awCollectionId=dbf86dbd-6a9d-4db2-a354-45de08471376&awEpisodeId=b66e0190-30ee-45db-b8b2-ceaa27dc87e7&feed=wjQvYtdl,58696056,4eb9331082c20b643699cb0f09914e60
MBMBaM 188: Holler Smarts,2014-02-19,3486,https://claritaspod.com/measure/prfx.byspotify.com/e/pscrb.fm/rss/p/mgln.ai/e/31/afp-9384.calisto.simplecastaudio.com/dbf86dbd-6a9d-4db2-a354-45de08471376/episodes/eb727d80-aaad-4a65-bfa4-83c8105ed557/audio/128/default.mp3?aid=rss_feed&awCollectionId=dbf86dbd-6a9d-4db2-a354-45de08471376&awEpisodeId=eb727d80-aaad-4a65-bfa4-83c8105ed557&feed=wjQvYtdl,56101783,ac8652710ad886feac8413635ba48801
MBMBaM 189: Sex Toy Story,2014-02-24,3721,https://claritaspod.com/measure/prfx.byspotify.com/e/pscrb.fm/rss/p/mgln.ai/e/31/afp-9384.calisto.simplecastaudio.com/dbf86dbd-6a9d-4db2-a354-45de08471376/episodes/283dd91b-89cd-44f5-abad-f1962fcbfb70/audio/128/default.mp3?aid=rss_feed&awCollectionId=dbf86dbd-6a9d-4db2-a354-45de08471376&awEpisodeId=283dd91b-89cd-44f5-abad-f1962fcbfb70&feed=wjQvYtdl,59871357,7302f4747ca5c83950f8aefe017b2e62
MBMBaM 190: Pastamization,2014-03-03,3089,https://claritaspod.com/measure/prfx.byspotify.com/e/pscrb.fm/rss/p/mgln.ai/e/31/afp-9384.calisto.simplecastaudio.com/dbf86dbd-6a9d-4db2-a354-45de08471376/episodes/cbac4dae-2632-49a9-bfed-2eb58f8be4a0/audio/128/default.mp3?aid=rss_feed&awCollectionId=dbf86dbd-6a9d-4db2-a354-45de08471376&awEpisodeId=cbac4dae-2632-49a9-bfed-2eb58f8be4a0&feed=wjQvYtdl,49754655,2b8955cbd3c30c3adb4cd9617463d7ef
MBMBaM 191: Married to the Mice King,2014-03-10,3588,https://claritaspod.com/measure/prfx.byspotify.com/e/pscrb.fm/rss/p/mgln.ai/e/31/afp-9384.calisto.simplecastaudio.com/dbf86dbd-6a9d-4db2-a354-45de08471376/episodes/6d1333fd-b977-46e7-b775-785312ddfd15/audio/128/default.mp3?aid=rss_feed&awCollectionId=dbf86dbd-6a9d-4db2-a354-45de08471376&awEpisodeId=6d1333fd-b977-46e7-b775-785312ddfd15&feed=wjQvYtdl,57736840,d2e98f505ad14c9e5a8b1ac3b9e91cab
MBMBaM 192: Long Bums,2014-03-17,4857,https://claritaspod.com/measure/prfx.byspotify.com/e/pscrb.fm/rss/p/mgln.ai/e/31/afp-9384.calisto.simplecastaudio.com/dbf86dbd-6a9d-4db2-a354-45de08471376/episodes/1bcdd52c-eb4f-4b56-8a9c-1fdb6f67d343/audio/128/default.mp3?aid=rss_feed&awCollectionId=dbf86dbd-6a9d-4db2-a354-45de08471376&awEpisodeId=1bcdd52c-eb4f-4b56-8a9c-1fdb6f67d343&feed=wjQvYtdl,78038371,de48acb1dffe14bba4994c23e37461c7
MBMBaM 193: Journey to the Center of the Bear,2014-03-24,5406,https://claritaspod.com/measure/prfx.byspotify.com/e/pscrb.fm/rss/p/mgln.ai/e/31/afp-9384.calisto.simplecastaudio.com/dbf86dbd-6a9d-4db2-a354-45de08471376/episodes/3a3c4b11-f923-4fab-b07c-2c7341572400/audio/128/default.mp3?aid=rss_feed&awCollectionId=dbf86dbd-6a9d-4db2-a354-45de08471376&awEpisodeId=3a3c4b11-f923-4fab-b07c-2c7341572400&feed=wjQvYtdl,86829724,31aebefabe895ac31c17c87c94aaa576
MBMBaM 194: Popeye's Daedalus Protocol,2014-03-31,3590,https://claritaspod.com/measure/prfx.byspotify.com/e/pscrb.fm/rss/p/mgln.ai/e/31/afp-9384.calisto.simplecastaudio.com/dbf86dbd-6a9d-4db2-a354-45de08471376/episodes/4830cc23-3f99-49a6-b272-5fcdb3b718fd/audio/128/default.mp3?aid=rss_feed&awCollectionId=dbf86dbd-6a9d-4db2-a354-45de08471376&awEpisodeId=4830cc23-3f99-49a6-b272-5fcdb3b718fd&feed=wjQvYtdl,57446120,f5fbcb750616294c6fe146fac9eddc40
MBMBaM 195: Bod God,2014-04-07,3830,https://claritaspod.com/measure/prfx.byspotify.com/e/pscrb.fm/rss/p/mgln.ai/e/31/afp-9384.calisto.simplecastaudio.com/dbf86dbd-6a9d-4db2-a354-45de08471376/episodes/e46406ce-57fa-4519-8a2d-b3045d02a348/audio/128/default.mp3?aid=rss_feed&awCollectionId=dbf86dbd-6a9d-4db2-a354-45de08471376&awEpisodeId=e46406ce-57fa-4519-8a2d-b3045d02a348&feed=wjQvYtdl,61611739,e3fc74e6ef526a092ab1e9bdd1fdc81f
"MBMBaM 196: An Old, Rotten Boat",2014-04-14,3762,https://claritaspod.com/measure/prfx.byspotify.com/e/pscrb.fm/rss/p/mgln.ai/e/31/afp-9384.calisto.simplecastaudio.com/dbf86dbd-6a9d-4db2-a354-45de08471376/episodes/b9a79bc3-2cb2-40de-975c-b30d690f759a/audio/128/default.mp3?aid=rss_feed&awCollectionId=dbf86dbd-6a9d-4db2-a354-45de08471376&awEpisodeId=b9a79bc3-2cb2-40de-975c-b30d690f759a&feed=wjQvYtdl,60515014,2a1cdbff7e33a7196b33181a210283c3
MBMBaM 197: Number the Veins,2014-04-21,3398,https://claritaspod.com/measure/prfx.byspotify.com/e/pscrb.fm/rss/p/mgln.ai/e/31/afp-9384.calisto.simplecastaudio.com/dbf86dbd-6a9d-4db2-a354-45de08471376/episodes/eebe542c-5670-4ed6-8405-64020dc0b8cb/audio/128/default.mp3?aid=rss_feed&awCollectionId=dbf86dbd-6a9d-4db2-a354-45de08471376&awEpisodeId=eebe542c-5670-4ed6-8405-64020dc0b8cb&feed=wjQvYtdl,54695351,3a3945f6070f4b471e56fcf602f49d00
MBMBaM 198: The Soul Furnace,2014-05-01,3432,https://claritaspod.com/measure/prfx.byspotify.com/e/pscrb.fm/rss/p/mgln.ai/e/31/afp-9384.calisto.simplecastaudio.com/dbf86dbd-6a9d-4db2-a354-45de08471376/episodes/83f01986-ebda-4da0-bf64-515c810bcdcb/audio/128/default.mp3?aid=rss_feed&awCollectionId=dbf86dbd-6a9d-4db2-a354-45de08471376&awEpisodeId=83f01986-ebda-4da0-bf64-515c810bcdcb&feed=wjQvYtdl,55235772,9bfbae42f4b32402e306ae82357770d6
MBMBaM 199: Cool Pee Book,2014-05-05,3720,https://claritaspod.com/measure/prfx.byspotify.com/e/pscrb.fm/rss/p/mgln.ai/e/31/afp-9384.calisto.simplecastaudio.com/dbf86dbd-6a9d-4db2-a354-45de08471376/episodes/0f502ef8-154b-48ea-b474-3fbb7e25f45e/audio/128/default.mp3?aid=rss_feed&awCollectionId=dbf86dbd-6a9d-4db2-a354-45de08471376&awEpisodeId=0f502ef8-154b-48ea-b474-3fbb7e25f45e&feed=wjQvYtdl,59854221,35509bbdc4c3df78dde2ecc795231324
MBMBaM 200: The Two-Hundredth One,2014-05-12,3804,https://claritaspod.com/measure/prfx.byspotify.com/e/pscrb.fm/rss/p/mgln.ai/e/31/afp-9384.calisto.simplecastaudio.com/dbf86dbd-6a9d-4db2-a354-45de08471376/episodes/29c94726-027e-41b1-a1a0-f78e9f21998d/audio/128/default.mp3?aid=rss_feed&awCollectionId=dbf86dbd-6a9d-4db2-a354-45de08471376&awEpisodeId=29c94726-027e-41b1-a1a0-f78e9f21998d&feed=wjQvYtdl,61187511,ac5af44e06c02aac31432cf572b171a5
"MBMBaM 201: Bro's Better, Bro's Better, Bro's Best Ch: 31-45",2014-05-19,4485,https://claritaspod.com/measure/prfx.byspotify.com/e/pscrb.fm/rss/p/mgln.ai/e/31/afp-9384.calisto.simplecastaudio.com/dbf86dbd-6a9d-4db2-a354-45de08471376/episodes/7cda1b41-cd67-4e5e-a905-4a950084bbab/audio/128/default.mp3?aid=rss_feed&awCollectionId=dbf86dbd-6a9d-4db2-a354-45de08471376&awEpisodeId=7cda1b41-cd67-4e5e-a905-4a950084bbab&feed=wjQvYtdl,71875037,04cbe33bb01236461fb4f126c21cf310
MBMBaM 202: Face 2 Face 7: Big Snapple,2014-05-28,3572,https://claritaspod.com/measure/prfx.byspotify.com/e/pscrb.fm/rss/p/mgln.ai/e/31/afp-9384.calisto.simplecastaudio.com/dbf86dbd-6a9d-4db2-a354-45de08471376/episodes/08d93e30-db72-4e77-8072-cdbb935697ea/audio/128/default.mp3?aid=rss_feed&awCollectionId=dbf86dbd-6a9d-4db2-a354-45de08471376&awEpisodeId=08d93e30-db72-4e77-8072-cdbb935697ea&feed=wjQvYtdl,57481272,2946c9efca8d2511d6e7d9fec32c9028
MBMBaM 203: Upper Montana,2014-06-02,3518,https://claritaspod.com/measure/prfx.byspotify.com/e/pscrb.fm/rss/p/mgln.ai/e/31/afp-9384.calisto.simplecastaudio.com/dbf86dbd-6a9d-4db2-a354-45de08471376/episodes/0123014f-0a18-48eb-82f7-fce35f34af22/audio/128/default.mp3?aid=rss_feed&awCollectionId=dbf86dbd-6a9d-4db2-a354-45de08471376&awEpisodeId=0123014f-0a18-48eb-82f7-fce35f34af22&feed=wjQvYtdl,56612947,c5f1d04fac9a0ffcf21ec1fa85a717e6
MBMBaM 204: Bait Kids,2014-06-09,4756,https://claritaspod.com/measure/prfx.byspotify.com/e/pscrb.fm/rss/p/mgln.ai/e/31/afp-9384.calisto.simplecastaudio.com/dbf86dbd-6a9d-4db2-a354-45de08471376/episodes/f9dcd867-2539-44ce-8605-6f95798272ce/audio/128/default.mp3?aid=rss_feed&awCollectionId=dbf86dbd-6a9d-4db2-a354-45de08471376&awEpisodeId=f9dcd867-2539-44ce-8605-6f95798272ce&feed=wjQvYtdl,76427138,05c25e938e1f1759b3d4784a7dd34dd6
MBMBaM 205: Face 2 Face 8: Wedding Stiffness,2014-06-16,3550,https://claritaspod.com/measure/prfx.byspotify.com/e/pscrb.fm/rss/p/mgln.ai/e/31/afp-9384.calisto.simplecastaudio.com/dbf86dbd-6a9d-4db2-a354-45de08471376/episodes/c20ee92b-1e71-4b8a-94df-9a5717477fb4/audio/128/default.mp3?aid=rss_feed&awCollectionId=dbf86dbd-6a9d-4db2-a354-45de08471376&awEpisodeId=c20ee92b-1e71-4b8a-94df-9a5717477fb4&feed=wjQvYtdl,57124920,96f7d622268f4079ec42e6cfdc165351
MBMBaM 206: Hodor Hoarders,2014-06-23,3818,https://claritaspod.com/measure/prfx.byspotify.com/e/pscrb.fm/rss/p/mgln.ai/e/31/afp-9384.calisto.simplecastaudio.com/dbf86dbd-6a9d-4db2-a354-45de08471376/episodes/4aeea9f8-186f-46b6-a642-e720225daaa7/audio/128/default.mp3?aid=rss_feed&awCollectionId=dbf86dbd-6a9d-4db2-a354-45de08471376&awEpisodeId=4aeea9f8-186f-46b6-a642-e720225daaa7&feed=wjQvYtdl,61421986,1db0571a1514897a2ee3f40b8248b887
MBMBaM 207: Thank Travis for Travis,2014-06-30,3840,https://claritaspod.com/measure/prfx.byspotify.com/e/pscrb.fm/rss/p/mgln.ai/e/31/afp-9384.calisto.simplecastaudio.com/dbf86dbd-6a9d-4db2-a354-45de08471376/episodes/a606d3df-314b-47eb-8e12-5df5001ab77f/audio/128/default.mp3?aid=rss_feed&awCollectionId=dbf86dbd-6a9d-4db2-a354-45de08471376&awEpisodeId=a606d3df-314b-47eb-8e12-5df5001ab77f&feed=wjQvYtdl,61769310,3aebd8e9adebdbb8e35a5a7cc82f0233
MBMBaM 208: Face 2 Face 9: Grunt Art,2014-07-07,3699,https://claritaspod.com/measure/prfx.byspotify.com/e/pscrb.fm/rss/p/mgln.ai/e/31/afp-9384.calisto.simplecastaudio.com/dbf86dbd-6a9d-4db2-a354-45de08471376/episodes/a1148719-4272-4f01-944a-c83567ff0db7/audio/128/default.mp3?aid=rss_feed&awCollectionId=dbf86dbd-6a9d-4db2-a354-45de08471376&awEpisodeId=a1148719-4272-4f01-944a-c83567ff0db7&feed=wjQvYtdl,59513643,02d4f9a8cfa3405275631c9342f2157e
MBMBaM 209: BurgerTime 4: Ketchup,2014-07-14,4315,https://claritaspod.com/measure/prfx.byspotify.com/e/pscrb.fm/rss/p/mgln.ai/e/31/afp-9384.calisto.simplecastaudio.com/dbf86dbd-6a9d-4db2-a354-45de08471376/episodes/04f3cf15-ce4e-449b-80b5-fea7394ddd95/audio/128/default.mp3?aid=rss_feed&awCollectionId=dbf86dbd-6a9d-4db2-a354-45de08471376&awEpisodeId=04f3cf15-ce4e-449b-80b5-fea7394ddd95&feed=wjQvYtdl,69369898,3ebe0b836bc43c2803b888fc2d3de9a4
"MBMBaM 210: Yippee Ki-yay, Holy Father",2014-07-21,4075,https://claritaspod.com/measure/prfx.byspotify.com/e/pscrb.fm/rss/p/mgln.ai/e/31/afp-9384.calisto.simplecastaudio.com/dbf86dbd-6a9d-4db2-a354-45de08471376/episodes/e073455d-447d-4564-9b4a-d480755d56c2/audio/128/default.mp3?aid=rss_feed&awCollectionId=dbf86dbd-6a9d-4db2-a354-45de08471376&awEpisodeId=e073455d-447d-4564-9b4a-d480755d56c2&feed=wjQvYtdl,65534286,e5239b40307fa776880a6ae9b36944a0
MBMBaM 211: Mrs. Doubtfire 2,2014-07-28,3675,https://claritaspod.com/measure/prfx.byspotify.com/e/pscrb.fm/rss/p/mgln.ai/e/31/afp-9384.calisto.simplecastaudio.com/dbf86dbd-6a9d-4db2-a354-45de08471376/episodes/e52b4898-b29c-4038-80ba-cbe74fa3b866/audio/128/default.mp3?aid=rss_feed&awCollectionId=dbf86dbd-6a9d-4db2-a354-45de08471376&awEpisodeId=e52b4898-b29c-4038-80ba-cbe74fa3b866&feed=wjQvYtdl,59131151,72a59ae98e44a91897e2b3debb03c86f
MBMBaM 212: Turn Downton for What,2014-08-05,3391,https://claritaspod.com/measure/prfx.byspotify.com/e/pscrb.fm/rss/p/mgln.ai/e/31/afp-9384.calisto.simplecastaudio.com/dbf86dbd-6a9d-4db2-a354-45de08471376/episodes/641aead6-8979-4ec1-8028-cb4d928daed2/audio/128/default.mp3?aid=rss_feed&awCollectionId=dbf86dbd-6a9d-4db2-a354-45de08471376&awEpisodeId=641aead6-8979-4ec1-8028-cb4d928daed2&feed=wjQvYtdl,54577904,c046969c0b77268d1ee3ab8204fcce81
MBMBaM 213: Flavorizer Overload,2014-08-11,3458,https://claritaspod.com/measure/prfx.byspotify.com/e/pscrb.fm/rss/p/mgln.ai/e/31/afp-9384.calisto.simplecastaudio.com/dbf86dbd-6a9d-4db2-a354-45de08471376/episodes/d1068e3c-bb83-4f35-9e4c-daa636984fe2/audio/128/default.mp3?aid=rss_feed&awCollectionId=dbf86dbd-6a9d-4db2-a354-45de08471376&awEpisodeId=d1068e3c-bb83-4f35-9e4c-daa636984fe2&feed=wjQvYtdl,55653313,15ab43fb163c48e189ba86fac5cba9fe
MBMBaM: The Adventure Zone,2014-08-18,7116,https://claritaspod.com/measure/prfx.byspotify.com/e/pscrb.fm/rss/p/mgln.ai/e/31/afp-9384.calisto.simplecastaudio.com/dbf86dbd-6a9d-4db2-a354-45de08471376/episodes/b07d5eb5-3659-4a06-8edf-061f4b3bd96e/audio/128/default.mp3?aid=rss_feed&awCollectionId=dbf86dbd-6a9d-4db2-a354-45de08471376&awEpisodeId=b07d5eb5-3659-4a06-8edf-061f4b3bd96e&feed=wjQvYtdl,114185990,775af788d38edb42739c080caebeb885
MBMBaM 214: Face 2 Face X: Craigslist Croutons,2014-08-25,4964,https://claritaspod.com/measure/prfx.byspotify.com/e/pscrb.fm/rss/p/mgln.ai/e/31/afp-9384.calisto.simplecastaudio.com/dbf86dbd-6a9d-4db2-a354-45de08471376/episodes/440c4c9b-1480-46ba-b72f-9ec5dd40d2a3/audio/128/default.mp3?aid=rss_feed&awCollectionId=dbf86dbd-6a9d-4db2-a354-45de08471376&awEpisodeId=440c4c9b-1480-46ba-b72f-9ec5dd40d2a3&feed=wjQvYtdl,79760347,0a6742da054d77c36c0d25e9868bfd21
MBMBaM 215: Glass Shark,2014-09-02,3398,https://claritaspod.com/measure/prfx.byspotify.com/e/pscrb.fm/rss/p/mgln.ai/e/31/afp-9384.calisto.simplecastaudio.com/dbf86dbd-6a9d-4db2-a354-45de08471376/episodes/f2305e7c-fc97-433b-ba47-47b4b8ac23d4/audio/128/default.mp3?aid=rss_feed&awCollectionId=dbf86dbd-6a9d-4db2-a354-45de08471376&awEpisodeId=f2305e7c-fc97-433b-ba47-47b4b8ac23d4&feed=wjQvYtdl,54697858,287ef71c0bcf9f39a55e321f76b27f4a
MBMBaM 216: Under the Crust,2014-09-08,3448,https://claritaspod.com/measure/prfx.byspotify.com/e/pscrb.fm/rss/p/mgln.ai/e/31/afp-9384.calisto.simplecastaudio.com/dbf86dbd-6a9d-4db2-a354-45de08471376/episodes/2eeb5ecc-ce3d-4dfd-af9a-be1b23838a6b/audio/128/default.mp3?aid=rss_feed&awCollectionId=dbf86dbd-6a9d-4db2-a354-45de08471376&awEpisodeId=2eeb5ecc-ce3d-4dfd-af9a-be1b23838a6b&feed=wjQvYtdl,55496578,9293a5163d44d9d2ce13fcaf83ea0f6c
MBMBaM 217: Clippy Lovemaking Tips,2014-09-15,3130,https://claritaspod.com/measure/prfx.byspotify.com/e/pscrb.fm/rss/p/mgln.ai/e/31/afp-9384.calisto.simplecastaudio.com/dbf86dbd-6a9d-4db2-a354-45de08471376/episodes/2a54840d-868f-43f1-a53a-6ac53ac6fc45/audio/128/default.mp3?aid=rss_feed&awCollectionId=dbf86dbd-6a9d-4db2-a354-45de08471376&awEpisodeId=2a54840d-868f-43f1-a53a-6ac53ac6fc45&feed=wjQvYtdl,50407925,8c2e6fd3421d855c9ae910f6c595cee9
"My Brother, My Brother and Me 218: Kelly Rrrrrrripa",2014-09-22,3984,https://claritaspod.com/measure/prfx.byspotify.com/e/pscrb.fm/rss/p/mgln.ai/e/31/afp-9384.calisto.simplecastaudio.com/dbf86dbd-6a9d-4db2-a354-45de08471376/episodes/420ceb71-91cd-48b9-bb82-cf9118e85ce3/audio/128/default.mp3?aid=rss_feed&awCollectionId=dbf86dbd-6a9d-4db2-a354-45de08471376&awEpisodeId=420ceb71-91cd-48b9-bb82-cf9118e85ce3&feed=wjQvYtdl,64078116,0c809428c49305b7c8cf938360478969
"My Brother, My Brother and Me 219: Pizza Delivery Clone",2014-09-29,3798,https://claritaspod.com/measure/prfx.byspotify.com/e/pscrb.fm/rss/p/mgln.ai/e/31/afp-9384.calisto.simplecastaudio.com/dbf86dbd-6a9d-4db2-a354-45de08471376/episodes/f0df1dea-5b50-4221-8e8c-4b7eeb459dc1/audio/128/default.mp3?aid=rss_feed&awCollectionId=dbf86dbd-6a9d-4db2-a354-45de08471376&awEpisodeId=f0df1dea-5b50-4221-8e8c-4b7eeb459dc1&feed=wjQvYtdl,61096395,a312b49a383a4d22fe7d4bd0f37c0ba3
MBMBaM 220: Pissbeards and Pooh Corner,2014-10-06,3613,https://claritaspod.com/measure/prfx.byspotify.com/e/pscrb.fm/rss/p/mgln.ai/e/31/afp-9384.calisto.simplecastaudio.com/dbf86dbd-6a9d-4db2-a354-45de08471376/episodes/7823ecbf-96ec-4539-9997-0fcfdd725684/audio/128/default.mp3?aid=rss_feed&awCollectionId=dbf86dbd-6a9d-4db2-a354-45de08471376&awEpisodeId=7823ecbf-96ec-4539-9997-0fcfdd725684&feed=wjQvYtdl,58131811,39566517ee7f55efdeeecc352ef0e1c4
MBMBaM 221: Jareth Defense Tactics,2014-10-13,4009,https://claritaspod.com/measure/prfx.byspotify.com/e/pscrb.fm/rss/p/mgln.ai/e/31/afp-9384.calisto.simplecastaudio.com/dbf86dbd-6a9d-4db2-a354-45de08471376/episodes/2e9509a1-b3f7-4745-a6e0-0b5d518e5517/audio/128/default.mp3?aid=rss_feed&awCollectionId=dbf86dbd-6a9d-4db2-a354-45de08471376&awEpisodeId=2e9509a1-b3f7-4745-a6e0-0b5d518e5517&feed=wjQvYtdl,64475595,6c4a3dc0b42c974987c20b5719026f0d
"My Brother, My Brother and Me 222: The Rich Kids Camp",2014-10-20,4630,https://claritaspod.com/measure/prfx.byspotify.com/e/pscrb.fm/rss/p/mgln.ai/e/31/afp-9384.calisto.simplecastaudio.com/dbf86dbd-6a9d-4db2-a354-45de08471376/episodes/34a94e89-1e56-43dd-9a65-4aa0bb2b479d/audio/128/default.mp3?aid=rss_feed&awCollectionId=dbf86dbd-6a9d-4db2-a354-45de08471376&awEpisodeId=34a94e89-1e56-43dd-9a65-4aa0bb2b479d&feed=wjQvYtdl,74393630,f63a7cea3ec6ebab53cdf9902a1f3c5e
"MBMBaM 223: Bro's Better, Bro's Best Ch. 46-61",2014-10-27,5722,https://claritaspod.com/measure/prfx.byspotify.com/e/pscrb.fm/rss/p/mgln.ai/e/31/afp-9384.calisto.simplecastaudio.com/dbf86dbd-6a9d-4db2-a354-45de08471376/episodes/cead56e7-8749-4852-924c-346864afac15/audio/128/default.mp3?aid=rss_feed&awCollectionId=dbf86dbd-6a9d-4db2-a354-45de08471376&awEpisodeId=cead56e7-8749-4852-924c-346864afac15&feed=wjQvYtdl,91871429,8300c951c1483b518b607ec9c69120e0
MBMBaM 224: Pubic Snakes,2014-11-03,3699,https://claritaspod.com/measure/prfx.byspotify.com/e/pscrb.fm/rss/p/mgln.ai/e/31/afp-9384.calisto.simplecastaudio.com/dbf86dbd-6a9d-4db2-a354-45de08471376/episodes/13df1184-393a-4180-8552-f1c63bb06957/audio/128/default.mp3?aid=rss_feed&awCollectionId=dbf86dbd-6a9d-4db2-a354-45de08471376&awEpisodeId=13df1184-393a-4180-8552-f1c63bb06957&feed=wjQvYtdl,59515674,04e8a5d69ea41a19ab78f77d5450ec32
MBMBaM 225: Jingle Defense Force,2014-11-10,3276,https://claritaspod.com/measure/prfx.byspotify.com/e/pscrb.fm/rss/p/mgln.ai/e/31/afp-9384.calisto.simplecastaudio.com/dbf86dbd-6a9d-4db2-a354-45de08471376/episodes/c55e6ebc-9366-4bcb-b1b9-f09e3a9b9430/audio/128/default.mp3?aid=rss_feed&awCollectionId=dbf86dbd-6a9d-4db2-a354-45de08471376&awEpisodeId=c55e6ebc-9366-4bcb-b1b9-f09e3a9b9430&feed=wjQvYtdl,52752258,e72cca69363f8e938e00e62986877af4
MBMBaM 226: A Delicious Twistery,2014-11-18,3584,https://claritaspod.com/measure/prfx.byspotify.com/e/pscrb.fm/rss/p/mgln.ai/e/31/afp-9384.calisto.simplecastaudio.com/dbf86dbd-6a9d-4db2-a354-45de08471376/episodes/7c03dc4a-d24a-4c5c-a551-3a3269fe729d/audio/128/default.mp3?aid=rss_feed&awCollectionId=dbf86dbd-6a9d-4db2-a354-45de08471376&awEpisodeId=7c03dc4a-d24a-4c5c-a551-3a3269fe729d&feed=wjQvYtdl,57671220,af29df41c72fd474eb8ee182dc59be22
MBMBaM 227: Streaks on the China,2014-11-24,3401,https://claritaspod.com/measure/prfx.byspotify.com/e/pscrb.fm/rss/p/mgln.ai/e/31/afp-9384.calisto.simplecastaudio.com/dbf86dbd-6a9d-4db2-a354-45de08471376/episodes/0e549451-9232-4e45-8596-50243486ca5e/audio/128/default.mp3?aid=rss_feed&awCollectionId=dbf86dbd-6a9d-4db2-a354-45de08471376&awEpisodeId=0e549451-9232-4e45-8596-50243486ca5e&feed=wjQvYtdl,54752193,66191baec4485c919a9b6c410cdbd191
MBMBaM 228: Sex Draculas,2014-12-01,3846,https://claritaspod.com/measure/prfx.byspotify.com/e/pscrb.fm/rss/p/mgln.ai/e/31/afp-9384.calisto.simplecastaudio.com/dbf86dbd-6a9d-4db2-a354-45de08471376/episodes/8fe3690b-9358-406f-af0c-e93f566b057d/audio/128/default.mp3?aid=rss_feed&awCollectionId=dbf86dbd-6a9d-4db2-a354-45de08471376&awEpisodeId=8fe3690b-9358-406f-af0c-e93f566b057d&feed=wjQvYtdl,61863351,ca9bd770153493b6105bbff998ede9e8
MBMBaM 229: A Premium Swallow,2014-12-08,3566,https://claritaspod.com/measure/prfx.byspotify.com/e/pscrb.fm/rss/p/mgln.ai/e/31/afp-9384.calisto.simplecastaudio.com/dbf86dbd-6a9d-4db2-a354-45de08471376/episodes/eb54a761-4b89-4a62-b7c5-567bfe51eb31/audio/128/default.mp3?aid=rss_feed&awCollectionId=dbf86dbd-6a9d-4db2-a354-45de08471376&awEpisodeId=eb54a761-4b89-4a62-b7c5-567bfe51eb31&feed=wjQvYtdl,57390351,376fd136fbf97ade5b1ba45bc582702b
MBMBaM 230: Chipocalypse,2014-12-15,4182,https://claritaspod.com/measure/prfx.byspotify.com/e/pscrb.fm/rss/p/mgln.ai/e/31/afp-9384.calisto.simplecastaudio.com/dbf86dbd-6a9d-4db2-a354-45de08471376/episodes/dfdbb5f6-15bd-47a6-bfa7-68d3fe86a982/audio/128/default.mp3?aid=rss_feed&awCollectionId=dbf86dbd-6a9d-4db2-a354-45de08471376&awEpisodeId=dfdbb5f6-15bd-47a6-bfa7-68d3fe86a982&feed=wjQvYtdl,67234962,6954050a170ff2f0f38bcfa9d53aa98b
MBMBaM 231: Candlenights 2014,2014-12-22,5165,https://claritaspod.com/measure/prfx.byspotify.com/e/pscrb.fm/rss/p/mgln.ai/e/31/afp-9384.calisto.simplecastaudio.com/dbf86dbd-6a9d-4db2-a354-45de08471376/episodes/f2ce540b-efd9-4c21-bc1c-a7c15d977c53/audio/128/default.mp3?aid=rss_feed&awCollectionId=dbf86dbd-6a9d-4db2-a354-45de08471376&awEpisodeId=f2ce540b-efd9-4c21-bc1c-a7c15d977c53&feed=wjQvYtdl,82953852,dbbddc8b72816b5c1aa945b2a5d0c68b
MBMBaM 232: Rim Allen,2014-12-29,3083,https://claritaspod.com/measure/prfx.byspotify.com/e/pscrb.fm/rss/p/mgln.ai/e/31/afp-9384.calisto.simplecastaudio.com/dbf86dbd-6a9d-4db2-a354-45de08471376/episodes/a6442b1a-a8a6-4f01-a324-79a1a20de541/audio/128/default.mp3?aid=rss_feed&awCollectionId=dbf86dbd-6a9d-4db2-a354-45de08471376&awEpisodeId=a6442b1a-a8a6-4f01-a324-79a1a20de541&feed=wjQvYtdl,49654763,873cff12c815d6c7a06b5a26db2a694b
MBMBaM 233: Bedtime Thank You,2015-01-05,3306,https://claritaspod.com/measure/prfx.byspotify.com/e/pscrb.fm/rss/p/mgln.ai/e/31/afp-9384.calisto.simplecastaudio.com/dbf86dbd-6a9d-4db2-a354-45de08471376/episodes/0ac02d8d-7f3a-47a4-88a5-683a22bcc0d6/audio/128/default.mp3?aid=rss_feed&awCollectionId=dbf86dbd-6a9d-4db2-a354-45de08471376&awEpisodeId=0ac02d8d-7f3a-47a4-88a5-683a22bcc0d6&feed=wjQvYtdl,53231658,22ab9d51c36d6c88d5e611e49aa0debd
MBMBaM 234: The Legend of Cracker Barrel,2015-01-12,3892,https://claritaspod.com/measure/prfx.byspotify.com/e/pscrb.fm/rss/p/mgln.ai/e/31/afp-9384.calisto.simplecastaudio.com/dbf86dbd-6a9d-4db2-a354-45de08471376/episodes/2c540a0b-502b-4d26-b383-19836ac8c96d/audio/128/default.mp3?aid=rss_feed&awCollectionId=dbf86dbd-6a9d-4db2-a354-45de08471376&awEpisodeId=2c540a0b-502b-4d26-b383-19836ac8c96d&feed=wjQvYtdl,62597287,4d133f3643f65ec786742703326181c9
MBMBaM 235: Audio Billboards,2015-01-20,3706,https://claritaspod.com/measure/prfx.byspotify.com/e/pscrb.fm/rss/p/mgln.ai/e/31/afp-9384.calisto.simplecastaudio.com/dbf86dbd-6a9d-4db2-a354-45de08471376/episodes/d677fd1d-4dfc-48f4-aadd-c9845f8b42ca/audio/128/default.mp3?aid=rss_feed&awCollectionId=dbf86dbd-6a9d-4db2-a354-45de08471376&awEpisodeId=d677fd1d-4dfc-48f4-aadd-c9845f8b42ca&feed=wjQvYtdl,59629359,d7922694ea2681f7b48f97ac22c4cbf7
MBMBaM 236: Chobani Hell,2015-01-26,3546,https://claritaspod.com/measure/prfx.byspotify.com/e/pscrb.fm/rss/p/mgln.ai/e/31/afp-9384.calisto.simplecastaudio.com/dbf86dbd-6a9d-4db2-a354-45de08471376/episodes/6e69827a-a219-46d6-9b11-36f8a4cbd0ee/audio/128/default.mp3?aid=rss_feed&awCollectionId=dbf86dbd-6a9d-4db2-a354-45de08471376&awEpisodeId=6e69827a-a219-46d6-9b11-36f8a4cbd0ee&feed=wjQvYtdl,57067687,dcd55599427b4405ed056ba720984c31
MBMBaM 237: John Turturro Robot Watersports,2015-02-02,4044,https://claritaspod.com/measure/prfx.byspotify.com/e/pscrb.fm/rss/p/mgln.ai/e/31/afp-9384.calisto.simplecastaudio.com/dbf86dbd-6a9d-4db2-a354-45de08471376/episodes/3fe94dbd-3e93-451d-b1a7-cd59687b8a5d/audio/128/default.mp3?aid=rss_feed&awCollectionId=dbf86dbd-6a9d-4db2-a354-45de08471376&awEpisodeId=3fe94dbd-3e93-451d-b1a7-cd59687b8a5d&feed=wjQvYtdl,65032317,ec78fd0c487d2108dcdd093d06e4c0b7
MBMBaM 238: Face 2 Face 11: No One Goes Home Alone,2015-02-10,4538,https://claritaspod.com/measure/prfx.byspotify.com/e/pscrb.fm/rss/p/mgln.ai/e/31/afp-9384.calisto.simplecastaudio.com/dbf86dbd-6a9d-4db2-a354-45de08471376/episodes/3dcc6f7e-b73d-456e-b780-34ccceca3fed/audio/128/default.mp3?aid=rss_feed&awCollectionId=dbf86dbd-6a9d-4db2-a354-45de08471376&awEpisodeId=3dcc6f7e-b73d-456e-b780-34ccceca3fed&feed=wjQvYtdl,72930910,4a7e92f81f82d5d4bb92b6c2625a0f7f
MBMBaM 239: Cheeseburger to Paradise,2015-02-16,3862,https://claritaspod.com/measure/prfx.byspotify.com/e/pscrb.fm/rss/p/mgln.ai/e/31/afp-9384.calisto.simplecastaudio.com/dbf86dbd-6a9d-4db2-a354-45de08471376/episodes/02183d79-e892-468f-a890-9d469195e350/audio/128/default.mp3?aid=rss_feed&awCollectionId=dbf86dbd-6a9d-4db2-a354-45de08471376&awEpisodeId=02183d79-e892-468f-a890-9d469195e350&feed=wjQvYtdl,62118306,8c9221dc91db19e83e29c33189d28285
MBMBaM 240: Teen Google,2015-02-23,3439,https://claritaspod.com/measure/prfx.byspotify.com/e/pscrb.fm/rss/p/mgln.ai/e/31/afp-9384.calisto.simplecastaudio.com/dbf86dbd-6a9d-4db2-a354-45de08471376/episodes/dbb6f9c8-9d9e-4bf6-8601-51ac33a0b065/audio/128/default.mp3?aid=rss_feed&awCollectionId=dbf86dbd-6a9d-4db2-a354-45de08471376&awEpisodeId=dbb6f9c8-9d9e-4bf6-8601-51ac33a0b065&feed=wjQvYtdl,55350711,fc6fa36d9b201559fb05d5fc5cb478ee
MBMBaM 241: Foghorn LeZydeco,2015-03-03,3336,https://claritaspod.com/measure/prfx.byspotify.com/e/pscrb.fm/rss/p/mgln.ai/e/31/afp-9384.calisto.simplecastaudio.com/dbf86dbd-6a9d-4db2-a354-45de08471376/episodes/df5c5774-0a00-46f3-9319-1ba3b6018728/audio/128/default.mp3?aid=rss_feed&awCollectionId=dbf86dbd-6a9d-4db2-a354-45de08471376&awEpisodeId=df5c5774-0a00-46f3-9319-1ba3b6018728&feed=wjQvYtdl,53713146,d7b2e724a2d857e602d0d0aba3e47dc8
MBMBaM 242: In The Mouth of Mango,2015-03-09,3478,https://claritaspod.com/measure/prfx.byspotify.com/e/pscrb.fm/rss/p/mgln.ai/e/31/afp-9384.calisto.simplecastaudio.com/dbf86dbd-6a9d-4db2-a354-45de08471376/episodes/41d3f8fc-f678-4449-864c-d6b02e618de5/audio/128/default.mp3?aid=rss_feed&awCollectionId=dbf86dbd-6a9d-4db2-a354-45de08471376&awEpisodeId=41d3f8fc-f678-4449-864c-d6b02e618de5&feed=wjQvYtdl,55970126,884ec8c35879278c653fc3646899c944
MBMBaM 243: Lenny Kravitz Marinara Breast Milk,2015-03-16,5073,https://claritaspod.com/measure/prfx.byspotify.com/e/pscrb.fm/rss/p/mgln.ai/e/31/afp-9384.calisto.simplecastaudio.com/dbf86dbd-6a9d-4db2-a354-45de08471376/episodes/9c6a6201-9996-4833-8990-53a08cd72ff2/audio/128/default.mp3?aid=rss_feed&awCollectionId=dbf86dbd-6a9d-4db2-a354-45de08471376&awEpisodeId=9c6a6201-9996-4833-8990-53a08cd72ff2&feed=wjQvYtdl,81494893,c28a1e2c2c7548fafb8ab65bc4d8255d
MBMBaM 244: Slimefoot,2015-03-23,4605,https://claritaspod.com/measure/prfx.byspotify.com/e/pscrb.fm/rss/p/mgln.ai/e/31/afp-9384.calisto.simplecastaudio.com/dbf86dbd-6a9d-4db2-a354-45de08471376/episodes/aa5f9de1-6cfc-451b-8d55-6c5b2b4184ed/audio/128/default.mp3?aid=rss_feed&awCollectionId=dbf86dbd-6a9d-4db2-a354-45de08471376&awEpisodeId=aa5f9de1-6cfc-451b-8d55-6c5b2b4184ed&feed=wjQvYtdl,74010080,f5eb8daa45fd410d8d2661fb753acebd
"MBMBaM 245: Bro's Better, Bro's Best Ch. 62-71",2015-03-30,4806,https://claritaspod.com/measure/prfx.byspotify.com/e/pscrb.fm/rss/p/mgln.ai/e/31/afp-9384.calisto.simplecastaudio.com/dbf86dbd-6a9d-4db2-a354-45de08471376/episodes/6e78354d-d9a1-4b20-9a80-b9e02d80a160/audio/128/default.mp3?aid=rss_feed&awCollectionId=dbf86dbd-6a9d-4db2-a354-45de08471376&awEpisodeId=6e78354d-d9a1-4b20-9a80-b9e02d80a160&feed=wjQvYtdl,77224186,1e702ffe62ee9e75d2969cc6d10768a1
MBMBaM 246: Face 2 Face: Hot Beans,2015-04-06,3577,https://claritaspod.com/measure/prfx.byspotify.com/e/pscrb.fm/rss/p/mgln.ai/e/31/afp-9384.calisto.simplecastaudio.com/dbf86dbd-6a9d-4db2-a354-45de08471376/episodes/62ea501c-7c89-4659-a366-a1b02bd469d8/audio/128/default.mp3?aid=rss_feed&awCollectionId=dbf86dbd-6a9d-4db2-a354-45de08471376&awEpisodeId=62ea501c-7c89-4659-a366-a1b02bd469d8&feed=wjQvYtdl,57555445,bfac8ace259852d93aa153bc0d6f09c8
MBMBaM 247: Tangled Up in Carl,2015-04-13,3219,https://claritaspod.com/measure/prfx.byspotify.com/e/pscrb.fm/rss/p/mgln.ai/e/31/afp-9384.calisto.simplecastaudio.com/dbf86dbd-6a9d-4db2-a354-45de08471376/episodes/826a3988-b69e-408c-9c82-4d76fb8a88c1/audio/128/default.mp3?aid=rss_feed&awCollectionId=dbf86dbd-6a9d-4db2-a354-45de08471376&awEpisodeId=826a3988-b69e-408c-9c82-4d76fb8a88c1&feed=wjQvYtdl,51826479,e8308ea195c9f46c8269d73ec8caa163
MBMBaM 248: Face 2 Face: Bumblefoot,2015-04-20,3657,https://claritaspod.com/measure/prfx.byspotify.com/e/pscrb.fm/rss/p/mgln.ai/e/31/afp-9384.calisto.simplecastaudio.com/dbf86dbd-6a9d-4db2-a354-45de08471376/episodes/b21e015f-7d2d-4adf-bd9e-93a0e19a0e1e/audio/128/default.mp3?aid=rss_feed&awCollectionId=dbf86dbd-6a9d-4db2-a354-45de08471376&awEpisodeId=b21e015f-7d2d-4adf-bd9e-93a0e19a0e1e&feed=wjQvYtdl,58837326,b4d5238f999f5c880b7b0734959197cc
MBMBaM 249: Toyota Bigraft,2015-04-27,3319,https://claritaspod.com/measure/prfx.byspotify.com/e/pscrb.fm/rss/p/mgln.ai/e/31/afp-9384.calisto.simplecastaudio.com/dbf86dbd-6a9d-4db2-a354-45de08471376/episodes/b9f47fed-6390-43be-bfb2-19ffe0cad343/audio/128/default.mp3?aid=rss_feed&awCollectionId=dbf86dbd-6a9d-4db2-a354-45de08471376&awEpisodeId=b9f47fed-6390-43be-bfb2-19ffe0cad343&feed=wjQvYtdl,53425591,35d8d5bb0315ebbb341f47a7d2e1e7ff
MBMBaM 250: The Best in the Biz,2015-05-04,3292,https://claritaspod.com/measure/prfx.byspotify.com/e/pscrb.fm/rss/p/mgln.ai/e/31/afp-9384.calisto.simplecastaudio.com/dbf86dbd-6a9d-4db2-a354-45de08471376/episodes/3e377fe8-37e1-48bb-8bf3-fd3e01980ea6/audio/128/default.mp3?aid=rss_feed&awCollectionId=dbf86dbd-6a9d-4db2-a354-45de08471376&awEpisodeId=3e377fe8-37e1-48bb-8bf3-fd3e01980ea6&feed=wjQvYtdl,52998854,17a2f65fc81eefb51e686442de56b943
MBMBaM 251: Cycle 2.0,2015-05-11,3409,https://claritaspod.com/measure/prfx.byspotify.com/e/pscrb.fm/rss/p/mgln.ai/e/31/afp-9384.calisto.simplecastaudio.com/dbf86dbd-6a9d-4db2-a354-45de08471376/episodes/0a1d32c6-2a1d-4ceb-8262-4f2d8d1ba1e2/audio/128/default.mp3?aid=rss_feed&awCollectionId=dbf86dbd-6a9d-4db2-a354-45de08471376&awEpisodeId=0a1d32c6-2a1d-4ceb-8262-4f2d8d1ba1e2&feed=wjQvYtdl,54880089,c684f785b4490b6a10bc3c1b3a7849c8
MBMBaM 252: Face 2 Face: Sock Detectives,2015-05-18,3716,https://claritaspod.com/measure/prfx.byspotify.com/e/pscrb.fm/rss/p/mgln.ai/e/31/afp-9384.calisto.simplecastaudio.com/dbf86dbd-6a9d-4db2-a354-45de08471376/episodes/3944b3ab-c67c-4dba-9ec4-53772739f871/audio/128/default.mp3?aid=rss_feed&awCollectionId=dbf86dbd-6a9d-4db2-a354-45de08471376&awEpisodeId=3944b3ab-c67c-4dba-9ec4-53772739f871&feed=wjQvYtdl,59791804,ed997d180a9dd6ebd7f8d79e9daaeda2
MBMBaM 253: Bye-Bye Boy,2015-05-26,3336,https://claritaspod.com/measure/prfx.byspotify.com/e/pscrb.fm/rss/p/mgln.ai/e/31/afp-9384.calisto.simplecastaudio.com/dbf86dbd-6a9d-4db2-a354-45de08471376/episodes/a96af224-d97e-4803-9773-e9f37c86b2ca/audio/128/default.mp3?aid=rss_feed&awCollectionId=dbf86dbd-6a9d-4db2-a354-45de08471376&awEpisodeId=a96af224-d97e-4803-9773-e9f37c86b2ca&feed=wjQvYtdl,53712311,e12d5cb5dd05d25d3f9c757901969792
MBMBaM 254: Dunkey,2015-06-01,3408,https://claritaspod.com/measure/prfx.byspotify.com/e/pscrb.fm/rss/p/mgln.ai/e/31/afp-9384.calisto.simplecastaudio.com/dbf86dbd-6a9d-4db2-a354-45de08471376/episodes/a052870d-da25-4879-b8cc-dd9599e99428/audio/128/default.mp3?aid=rss_feed&awCollectionId=dbf86dbd-6a9d-4db2-a354-45de08471376&awEpisodeId=a052870d-da25-4879-b8cc-dd9599e99428&feed=wjQvYtdl,54862952,d5322ff2b08a0dac6349c2757bc3cffe
MBMBaM 255: Kangaroo Jack Blood,2015-06-08,3436,https://claritaspod.com/measure/prfx.byspotify.com/e/pscrb.fm/rss/p/mgln.ai/e/31/afp-9384.calisto.simplecastaudio.com/dbf86dbd-6a9d-4db2-a354-45de08471376/episodes/444f34de-176e-411a-8da3-39ecc2d5ead2/audio/128/default.mp3?aid=rss_feed&awCollectionId=dbf86dbd-6a9d-4db2-a354-45de08471376&awEpisodeId=444f34de-176e-411a-8da3-39ecc2d5ead2&feed=wjQvYtdl,55308915,9a94e8383cc4bf05f68e8fa9a9683f4d
MBMBaM 256: Face 2 Face: I Made Some Horse Stamps in Potato Class.,2015-06-15,3598,https://claritaspod.com/measure/prfx.byspotify.com/e/pscrb.fm/rss/p/mgln.ai/e/31/afp-9384.calisto.simplecastaudio.com/dbf86dbd-6a9d-4db2-a354-45de08471376/episodes/a981f919-2bb0-4850-837a-b017d5ad0751/audio/128/default.mp3?aid=rss_feed&awCollectionId=dbf86dbd-6a9d-4db2-a354-45de08471376&awEpisodeId=a981f919-2bb0-4850-837a-b017d5ad0751&feed=wjQvYtdl,57583907,4cec108b35bd7cc75dc3f89bea499892
MBMBaM 257: Swag Dads,2015-06-22,3396,https://claritaspod.com/measure/prfx.byspotify.com/e/pscrb.fm/rss/p/mgln.ai/e/31/afp-9384.calisto.simplecastaudio.com/dbf86dbd-6a9d-4db2-a354-45de08471376/episodes/1e3054c0-b042-4603-88d3-35cdf80b88ba/audio/128/default.mp3?aid=rss_feed&awCollectionId=dbf86dbd-6a9d-4db2-a354-45de08471376&awEpisodeId=1e3054c0-b042-4603-88d3-35cdf80b88ba&feed=wjQvYtdl,54669855,38d8a85330babd721b1ac0a8ecace46e
"MBMBaM 258: OOH, MOMMY!",2015-06-29,3515,https://claritaspod.com/measure/prfx.byspotify.com/e/pscrb.fm/rss/p/mgln.ai/e/31/afp-9384.calisto.simplecastaudio.com/dbf86dbd-6a9d-4db2-a354-45de08471376/episodes/8de04af1-9ad2-4897-9d50-2c965e0971e9/audio/128/default.mp3?aid=rss_feed&awCollectionId=dbf86dbd-6a9d-4db2-a354-45de08471376&awEpisodeId=8de04af1-9ad2-4897-9d50-2c965e0971e9&feed=wjQvYtdl,56562792,048c0ca9c95ac390fb2f7736edab7fb7
MBMBaM 259: Birthday Surprise Hole,2015-07-06,4137,https://claritaspod.com/measure/prfx.byspotify.com/e/pscrb.fm/rss/p/mgln.ai/e/31/afp-9384.calisto.simplecastaudio.com/dbf86dbd-6a9d-4db2-a354-45de08471376/episodes/ca1b95ea-96a9-45ee-bfd7-b61aa4132630/audio/128/default.mp3?aid=rss_feed&awCollectionId=dbf86dbd-6a9d-4db2-a354-45de08471376&awEpisodeId=ca1b95ea-96a9-45ee-bfd7-b61aa4132630&feed=wjQvYtdl,66514818,fa21a45fedb1888094ed18949c7ca32e
"MBMBaM 260: Bro's Better, Bro's Best Ch. 72 - 81",2015-07-13,4511,https://claritaspod.com/measure/prfx.byspotify.com/e/pscrb.fm/rss/p/mgln.ai/e/31/afp-9384.calisto.simplecastaudio.com/dbf86dbd-6a9d-4db2-a354-45de08471376/episodes/76130014-fe8b-4617-9304-317c348b1f2d/audio/128/default.mp3?aid=rss_feed&awCollectionId=dbf86dbd-6a9d-4db2-a354-45de08471376&awEpisodeId=76130014-fe8b-4617-9304-317c348b1f2d&feed=wjQvYtdl,72502920,4465ac6bd75fb92b1cd5967c1abf50fc
MBMBaM 261: Island Boy Begins,2015-07-20,3658,https://claritaspod.com/measure/prfx.byspotify.com/e/pscrb.fm/rss/p/mgln.ai/e/31/afp-9384.calisto.simplecastaudio.com/dbf86dbd-6a9d-4db2-a354-45de08471376/episodes/10dc5762-6a33-4b9a-9f5b-fe3c974082d7/audio/128/default.mp3?aid=rss_feed&awCollectionId=dbf86dbd-6a9d-4db2-a354-45de08471376&awEpisodeId=10dc5762-6a33-4b9a-9f5b-fe3c974082d7&feed=wjQvYtdl,58856134,5e3fcf3a35e1c0ceb9df1b86dc9ec72e
The McElroy Family Fun Hour Brought to You by Totino's,2015-07-22,2649,https://claritaspod.com/measure/prfx.byspotify.com/e/pscrb.fm/rss/p/mgln.ai/e/31/afp-9384.calisto.simplecastaudio.com/dbf86dbd-6a9d-4db2-a354-45de08471376/episodes/1074a7a3-2cd2-4d2c-8582-8128d251d4b8/audio/128/default.mp3?aid=rss_feed&awCollectionId=dbf86dbd-6a9d-4db2-a354-45de08471376&awEpisodeId=1074a7a3-2cd2-4d2c-8582-8128d251d4b8&feed=wjQvYtdl,42626193,f6fed7fe41a2d9cfe578809ee8d37879
MBMBaM 262: Where Everybody Flies a Plane,2015-07-28,3182,https://claritaspod.com/measure/prfx.byspotify.com/e/pscrb.fm/rss/p/mgln.ai/e/31/afp-9384.calisto.simplecastaudio.com/dbf86dbd-6a9d-4db2-a354-45de08471376/episodes/612cba5a-70fe-4cd9-8bae-aa5ea59b5899/audio/128/default.mp3?aid=rss_feed&awCollectionId=dbf86dbd-6a9d-4db2-a354-45de08471376&awEpisodeId=612cba5a-70fe-4cd9-8bae-aa5ea59b5899&feed=wjQvYtdl,51235902,7bbc845c9ee05aa27b68b4ea1f4003b9
MBMBaM 263: Prank House,2015-08-03,3820,https://claritaspod.com/measure/prfx.byspotify.com/e/pscrb.fm/rss/p/mgln.ai/e/31/afp-9384.calisto.simplecastaudio.com/dbf86dbd-6a9d-4db2-a354-45de08471376/episodes/ff0610b2-3198-4f38-a478-3af6b46d9a99/audio/128/default.mp3?aid=rss_feed&awCollectionId=dbf86dbd-6a9d-4db2-a354-45de08471376&awEpisodeId=ff0610b2-3198-4f38-a478-3af6b46d9a99&feed=wjQvYtdl,61455004,c8d834ed65654443c365664c7eff9e3f
MBMBaM 264: Expecto Punchtronum,2015-08-10,3642,https://claritaspod.com/measure/prfx.byspotify.com/e/pscrb.fm/rss/p/mgln.ai/e/31/afp-9384.calisto.simplecastaudio.com/dbf86dbd-6a9d-4db2-a354-45de08471376/episodes/0a01887e-f33a-4104-b10c-49545355c8f0/audio/128/default.mp3?aid=rss_feed&awCollectionId=dbf86dbd-6a9d-4db2-a354-45de08471376&awEpisodeId=0a01887e-f33a-4104-b10c-49545355c8f0&feed=wjQvYtdl,58604523,6bd97a3ace45377bd9429ce7524a78b4
MBMBaM 265: The Ballad of Tit Liquid,2015-08-19,3433,https://claritaspod.com/measure/prfx.byspotify.com/e/pscrb.fm/rss/p/mgln.ai/e/31/afp-9384.calisto.simplecastaudio.com/dbf86dbd-6a9d-4db2-a354-45de08471376/episodes/5fb8b484-460a-4393-94bc-7990421fa5d6/audio/128/default.mp3?aid=rss_feed&awCollectionId=dbf86dbd-6a9d-4db2-a354-45de08471376&awEpisodeId=5fb8b484-460a-4393-94bc-7990421fa5d6&feed=wjQvYtdl,55253326,138146658e8dbc1f0eb0ebba6aed8fe3
MBMBaM 266: Pizza Is Illegal in Tennessee,2015-08-24,3911,https://claritaspod.com/measure/prfx.byspotify.com/e/pscrb.fm/rss/p/mgln.ai/e/31/afp-9384.calisto.simplecastaudio.com/dbf86dbd-6a9d-4db2-a354-45de08471376/episodes/531c64a4-e5bf-4740-8bc7-54221a4c5f92/audio/128/default.mp3?aid=rss_feed&awCollectionId=dbf86dbd-6a9d-4db2-a354-45de08471376&awEpisodeId=531c64a4-e5bf-4740-8bc7-54221a4c5f92&feed=wjQvYtdl,62897245,48388c637290acf3d014b563d05e13ba
MBMBaM 267: Face 2 Face: Target Conditioning,2015-09-02,3932,https://claritaspod.com/measure/prfx.byspotify.com/e/pscrb.fm/rss/p/mgln.ai/e/31/afp-9384.calisto.simplecastaudio.com/dbf86dbd-6a9d-4db2-a354-45de08471376/episodes/5c1ad8ba-1dd3-425d-896a-a84b6577ea21/audio/128/default.mp3?aid=rss_feed&awCollectionId=dbf86dbd-6a9d-4db2-a354-45de08471376&awEpisodeId=5c1ad8ba-1dd3-425d-896a-a84b6577ea21&feed=wjQvYtdl,63239690,d4d19253642c386ff73d460dd985328d
MBMBaM 268: Hot Boiled Beans and Bacon,2015-09-07,3594,https://claritaspod.com/measure/prfx.byspotify.com/e/pscrb.fm/rss/p/mgln.ai/e/31/afp-9384.calisto.simplecastaudio.com/dbf86dbd-6a9d-4db2-a354-45de08471376/episodes/b055666c-7f59-4e63-82e2-771de31039a9/audio/128/default.mp3?aid=rss_feed&awCollectionId=dbf86dbd-6a9d-4db2-a354-45de08471376&awEpisodeId=b055666c-7f59-4e63-82e2-771de31039a9&feed=wjQvYtdl,57837150,fbd64c263955f28155aa32a0528b8d3e
MBMBaM 269: Face 2 Face: Loose Gravy,2015-09-14,4002,https://claritaspod.com/measure/prfx.byspotify.com/e/pscrb.fm/rss/p/mgln.ai/e/31/afp-9384.calisto.simplecastaudio.com/dbf86dbd-6a9d-4db2-a354-45de08471376/episodes/2f376f5a-ee5e-4d35-9510-23ccf48ec610/audio/128/default.mp3?aid=rss_feed&awCollectionId=dbf86dbd-6a9d-4db2-a354-45de08471376&awEpisodeId=2f376f5a-ee5e-4d35-9510-23ccf48ec610&feed=wjQvYtdl,64361911,c300fa240755fde45bba0c4e64947ab3
MBMBaM 270: The Juice Will Flow,2015-09-23,3714,https://claritaspod.com/measure/prfx.byspotify.com/e/pscrb.fm/rss/p/mgln.ai/e/31/afp-9384.calisto.simplecastaudio.com/dbf86dbd-6a9d-4db2-a354-45de08471376/episodes/12eaf6fc-e876-4f4f-80f6-af5fb8dda3aa/audio/128/default.mp3?aid=rss_feed&awCollectionId=dbf86dbd-6a9d-4db2-a354-45de08471376&awEpisodeId=12eaf6fc-e876-4f4f-80f6-af5fb8dda3aa&feed=wjQvYtdl,59761016,580d5cc767777da239966a2b43aec1f1
"MBMBaM 271: Bro's Better, Bro's Best Ch. 82 - 91",2015-09-28,3964,https://claritaspod.com/measure/prfx.byspotify.com/e/pscrb.fm/rss/p/mgln.ai/e/31/afp-9384.calisto.simplecastaudio.com/dbf86dbd-6a9d-4db2-a354-45de08471376/episodes/99dac55f-bff4-4851-bbf5-6f8a1a7509b0/audio/128/default.mp3?aid=rss_feed&awCollectionId=dbf86dbd-6a9d-4db2-a354-45de08471376&awEpisodeId=99dac55f-bff4-4851-bbf5-6f8a1a7509b0&feed=wjQvYtdl,63430738,773ba4a2e0f48cb16d85452353434e4e
MBMBaM Presents: The Great Switcheroo of 2015,2015-10-05,4324,https://claritaspod.com/measure/prfx.byspotify.com/e/pscrb.fm/rss/p/mgln.ai/e/31/afp-9384.calisto.simplecastaudio.com/dbf86dbd-6a9d-4db2-a354-45de08471376/episodes/2357dd0b-881e-466b-97b6-4f174adaf882/audio/128/default.mp3?aid=rss_feed&awCollectionId=dbf86dbd-6a9d-4db2-a354-45de08471376&awEpisodeId=2357dd0b-881e-466b-97b6-4f174adaf882&feed=wjQvYtdl,69517455,7945f5ee9ebac079fcac3bb0ffaede00
MBMBaM 272: Dr. Strings,2015-10-12,3562,https://claritaspod.com/measure/prfx.byspotify.com/e/pscrb.fm/rss/p/mgln.ai/e/31/afp-9384.calisto.simplecastaudio.com/dbf86dbd-6a9d-4db2-a354-45de08471376/episodes/3d10d31f-19aa-485b-b48a-52346fe36a93/audio/128/default.mp3?aid=rss_feed&awCollectionId=dbf86dbd-6a9d-4db2-a354-45de08471376&awEpisodeId=3d10d31f-19aa-485b-b48a-52346fe36a93&feed=wjQvYtdl,57315119,f05fc0e9ee044e0bbf3af74bc91a1ba7
MBMBaM 273: Smizing Through the Tears,2015-10-19,3986,https://claritaspod.com/measure/prfx.byspotify.com/e/pscrb.fm/rss/p/mgln.ai/e/31/afp-9384.calisto.simplecastaudio.com/dbf86dbd-6a9d-4db2-a354-45de08471376/episodes/27bebc77-3016-49aa-9c26-e2f7dedc28c6/audio/128/default.mp3?aid=rss_feed&awCollectionId=dbf86dbd-6a9d-4db2-a354-45de08471376&awEpisodeId=27bebc77-3016-49aa-9c26-e2f7dedc28c6&feed=wjQvYtdl,64101940,d6745b18f57cba44fb744d891c3fca9a
MBMBaM 274: The Najimy Museum,2015-10-26,3710,https://claritaspod.com/measure/prfx.byspotify.com/e/pscrb.fm/rss/p/mgln.ai/e/31/afp-9384.calisto.simplecastaudio.com/dbf86dbd-6a9d-4db2-a354-45de08471376/episodes/6c91841c-4ff5-4023-98a8-859456314040/audio/128/default.mp3?aid=rss_feed&awCollectionId=dbf86dbd-6a9d-4db2-a354-45de08471376&awEpisodeId=6c91841c-4ff5-4023-98a8-859456314040&feed=wjQvYtdl,59684533,4edaaa3b1e882b40f42473382292b1d0
MBMBaM 275: The Podcast Krampus,2015-11-02,3576,https://claritaspod.com/measure/prfx.byspotify.com/e/pscrb.fm/rss/p/mgln.ai/e/31/afp-9384.calisto.simplecastaudio.com/dbf86dbd-6a9d-4db2-a354-45de08471376/episodes/6d3f13db-8eb6-4d2b-9eee-f47cc6dc1f76/audio/128/default.mp3?aid=rss_feed&awCollectionId=dbf86dbd-6a9d-4db2-a354-45de08471376&awEpisodeId=6d3f13db-8eb6-4d2b-9eee-f47cc6dc1f76&feed=wjQvYtdl,57544996,b8cdb1407745971792463466062948f9
MBMBaM 276: Luda Tells It Best,2015-11-11,3460,https://claritaspod.com/measure/prfx.byspotify.com/e/pscrb.fm/rss/p/mgln.ai/e/31/afp-9384.calisto.simplecastaudio.com/dbf86dbd-6a9d-4db2-a354-45de08471376/episodes/6dd0c913-7c3c-4ab3-86c1-80e4b6ad86f9/audio/128/default.mp3?aid=rss_feed&awCollectionId=dbf86dbd-6a9d-4db2-a354-45de08471376&awEpisodeId=6dd0c913-7c3c-4ab3-86c1-80e4b6ad86f9&feed=wjQvYtdl,55686750,28f2317ff921069e8f1dabdd77def778
MBMBaM 277: The Taz Rebellion,2015-11-16,3274,https://claritaspod.com/measure/prfx.byspotify.com/e/pscrb.fm/rss/p/mgln.ai/e/31/afp-9384.calisto.simplecastaudio.com/dbf86dbd-6a9d-4db2-a354-45de08471376/episodes/a750f099-4f77-45b4-8b32-d8c8c329731b/audio/128/default.mp3?aid=rss_feed&awCollectionId=dbf86dbd-6a9d-4db2-a354-45de08471376&awEpisodeId=a750f099-4f77-45b4-8b32-d8c8c329731b&feed=wjQvYtdl,52396198,d0c83bb40b0f390d8b08054b996bb49c
MBMBaM 278: The Gushie Tapes,2015-11-24,3933,https://claritaspod.com/measure/prfx.byspotify.com/e/pscrb.fm/rss/p/mgln.ai/e/31/afp-9384.calisto.simplecastaudio.com/dbf86dbd-6a9d-4db2-a354-45de08471376/episodes/c35b64ed-3a15-48cf-bb35-66f64b356bb5/audio/128/default.mp3?aid=rss_feed&awCollectionId=dbf86dbd-6a9d-4db2-a354-45de08471376&awEpisodeId=c35b64ed-3a15-48cf-bb35-66f64b356bb5&feed=wjQvYtdl,63258498,afabfe0d573cc691e156778d6a407a9f
MBMBaM 279: Sad Cabbage Boy's Candy Contest,2015-11-30,3549,https://claritaspod.com/measure/prfx.byspotify.com/e/pscrb.fm/rss/p/mgln.ai/e/31/afp-9384.calisto.simplecastaudio.com/dbf86dbd-6a9d-4db2-a354-45de08471376/episodes/ce27c0ce-78ec-4696-b42d-14912d2e6fc5/audio/128/default.mp3?aid=rss_feed&awCollectionId=dbf86dbd-6a9d-4db2-a354-45de08471376&awEpisodeId=ce27c0ce-78ec-4696-b42d-14912d2e6fc5&feed=wjQvYtdl,57108229,dcb1144438bb079f2a73cc24d7d163ea
MBMBaM 280: Great Job,2015-12-07,3471,https://claritaspod.com/measure/prfx.byspotify.com/e/pscrb.fm/rss/p/mgln.ai/e/31/afp-9384.calisto.simplecastaudio.com/dbf86dbd-6a9d-4db2-a354-45de08471376/episodes/bb91b22d-2010-46b9-93b8-96b8b39019c7/audio/128/default.mp3?aid=rss_feed&awCollectionId=dbf86dbd-6a9d-4db2-a354-45de08471376&awEpisodeId=bb91b22d-2010-46b9-93b8-96b8b39019c7&feed=wjQvYtdl,55871906,a46d5e9404391c6e401da99a94d92cac
MBMBaM 281: Sisterball of the Dribbling Shorts,2015-12-14,3556,https://claritaspod.com/measure/prfx.byspotify.com/e/pscrb.fm/rss/p/mgln.ai/e/31/afp-9384.calisto.simplecastaudio.com/dbf86dbd-6a9d-4db2-a354-45de08471376/episodes/133e7c7f-4957-4904-8a22-9c6e22003be8/audio/128/default.mp3?aid=rss_feed&awCollectionId=dbf86dbd-6a9d-4db2-a354-45de08471376&awEpisodeId=133e7c7f-4957-4904-8a22-9c6e22003be8&feed=wjQvYtdl,57224004,0cbc7dfa59143c30bea8f7aac14048ff
MBMBaM 282: Candlenights 2015,2015-12-22,4482,https://claritaspod.com/measure/prfx.byspotify.com/e/pscrb.fm/rss/p/mgln.ai/e/31/afp-9384.calisto.simplecastaudio.com/dbf86dbd-6a9d-4db2-a354-45de08471376/episodes/9d198fe8-30af-426b-a44b-508e9997b0e1/audio/128/default.mp3?aid=rss_feed&awCollectionId=dbf86dbd-6a9d-4db2-a354-45de08471376&awEpisodeId=9d198fe8-30af-426b-a44b-508e9997b0e1&feed=wjQvYtdl,72024637,196dbd364a16dcd14ff8f6ee36aee1d7
MBMBaM 283: Building Bridges,2015-12-30,3090,https://claritaspod.com/measure/prfx.byspotify.com/e/pscrb.fm/rss/p/mgln.ai/e/31/afp-9384.calisto.simplecastaudio.com/dbf86dbd-6a9d-4db2-a354-45de08471376/episodes/11ca5197-2ada-4319-a2fd-2b7d890c69b3/audio/128/default.mp3?aid=rss_feed&awCollectionId=dbf86dbd-6a9d-4db2-a354-45de08471376&awEpisodeId=11ca5197-2ada-4319-a2fd-2b7d890c69b3&feed=wjQvYtdl,49773463,5f0c403aed3b74d27f816bde7c3fa17a
MBMBaM 284: Hope and Slime,2016-01-04,3587,https://claritaspod.com/measure/prfx.byspotify.com/e/pscrb.fm/rss/p/mgln.ai/e/31/afp-9384.calisto.simplecastaudio.com/dbf86dbd-6a9d-4db2-a354-45de08471376/episodes/1cb6f694-7621-440b-8006-de6a5e61e744/audio/128/default.mp3?aid=rss_feed&awCollectionId=dbf86dbd-6a9d-4db2-a354-45de08471376&awEpisodeId=1cb6f694-7621-440b-8006-de6a5e61e744&feed=wjQvYtdl,57724301,db6044667d59778f708119d89638b5e1
MBMBaM 285: Home Alone 0: Blood in the Snow,2016-01-11,3336,https://claritaspod.com/measure/prfx.byspotify.com/e/pscrb.fm/rss/p/mgln.ai/e/31/afp-9384.calisto.simplecastaudio.com/dbf86dbd-6a9d-4db2-a354-45de08471376/episodes/8886e322-6c86-4ab7-8347-51f69dc2574d/audio/128/default.mp3?aid=rss_feed&awCollectionId=dbf86dbd-6a9d-4db2-a354-45de08471376&awEpisodeId=8886e322-6c86-4ab7-8347-51f69dc2574d&feed=wjQvYtdl,53698518,d529e6081855a4a19b439a5b2b358f75
MBMBaM 286: Coyotes Ate Our Dad,2016-01-19,3423,https://claritaspod.com/measure/prfx.byspotify.com/e/pscrb.fm/rss/p/mgln.ai/e/31/afp-9384.calisto.simplecastaudio.com/dbf86dbd-6a9d-4db2-a354-45de08471376/episodes/f6d6415f-cb7c-4c63-b8a3-856216d42ea1/audio/128/default.mp3?aid=rss_feed&awCollectionId=dbf86dbd-6a9d-4db2-a354-45de08471376&awEpisodeId=f6d6415f-cb7c-4c63-b8a3-856216d42ea1&feed=wjQvYtdl,55091576,6ffabdeff075dec071605218f3057fae
MBMBaM 287: Glistening Fishlifters,2016-01-25,3436,https://claritaspod.com/measure/prfx.byspotify.com/e/pscrb.fm/rss/p/mgln.ai/e/31/afp-9384.calisto.simplecastaudio.com/dbf86dbd-6a9d-4db2-a354-45de08471376/episodes/7c7e82c2-6415-481d-889c-331eed6180a5/audio/128/default.mp3?aid=rss_feed&awCollectionId=dbf86dbd-6a9d-4db2-a354-45de08471376&awEpisodeId=7c7e82c2-6415-481d-889c-331eed6180a5&feed=wjQvYtdl,55312258,02ebb41e4261c25d1ed725cca0e1973c
MBMBaM 288: Shuriken Dip,2016-02-01,3663,https://claritaspod.com/measure/prfx.byspotify.com/e/pscrb.fm/rss/p/mgln.ai/e/31/afp-9384.calisto.simplecastaudio.com/dbf86dbd-6a9d-4db2-a354-45de08471376/episodes/d18018ae-f163-4206-a342-0f2cd5fe3cd6/audio/128/default.mp3?aid=rss_feed&awCollectionId=dbf86dbd-6a9d-4db2-a354-45de08471376&awEpisodeId=d18018ae-f163-4206-a342-0f2cd5fe3cd6&feed=wjQvYtdl,58938890,e2dc33c3407d4bae668dafc4cc029c87
MBMBaM 289: Ben Stiller's Museum Nights,2016-02-08,3332,https://claritaspod.com/measure/prfx.byspotify.com/e/pscrb.fm/rss/p/mgln.ai/e/31/afp-9384.calisto.simplecastaudio.com/dbf86dbd-6a9d-4db2-a354-45de08471376/episodes/795628c6-17d4-4958-b015-d8e3daa4ddb0/audio/128/default.mp3?aid=rss_feed&awCollectionId=dbf86dbd-6a9d-4db2-a354-45de08471376&awEpisodeId=795628c6-17d4-4958-b015-d8e3daa4ddb0&feed=wjQvYtdl,53641258,bdaae735f009015f1d6d38f50332c0b7
MBMBaM 290: Kung Fu Panda 3 Watch,2016-02-16,3403,https://claritaspod.com/measure/prfx.byspotify.com/e/pscrb.fm/rss/p/mgln.ai/e/31/afp-9384.calisto.simplecastaudio.com/dbf86dbd-6a9d-4db2-a354-45de08471376/episodes/0a25a0d0-c20e-4815-b7f6-0293ff3d241a/audio/128/default.mp3?aid=rss_feed&awCollectionId=dbf86dbd-6a9d-4db2-a354-45de08471376&awEpisodeId=0a25a0d0-c20e-4815-b7f6-0293ff3d241a&feed=wjQvYtdl,54773927,125bd9f0a06a7e527696638bdd2c2f46
MBMBaM 291: Most Likely to Boat,2016-02-22,3447,https://claritaspod.com/measure/prfx.byspotify.com/e/pscrb.fm/rss/p/mgln.ai/e/31/afp-9384.calisto.simplecastaudio.com/dbf86dbd-6a9d-4db2-a354-45de08471376/episodes/aefe59c6-36da-4b40-a450-0bb52930609e/audio/128/default.mp3?aid=rss_feed&awCollectionId=dbf86dbd-6a9d-4db2-a354-45de08471376&awEpisodeId=aefe59c6-36da-4b40-a450-0bb52930609e&feed=wjQvYtdl,55477352,cc82e38e48a6c52f887783c7324a59d2
MBMBaM 292: Remain on the Smooth Tip,2016-02-29,4185,https://claritaspod.com/measure/prfx.byspotify.com/e/pscrb.fm/rss/p/mgln.ai/e/31/afp-9384.calisto.simplecastaudio.com/dbf86dbd-6a9d-4db2-a354-45de08471376/episodes/1223dd51-7d86-4e83-88f0-9c8705367847/audio/128/default.mp3?aid=rss_feed&awCollectionId=dbf86dbd-6a9d-4db2-a354-45de08471376&awEpisodeId=1223dd51-7d86-4e83-88f0-9c8705367847&feed=wjQvYtdl,67285953,75e85e7fd1c421175373aa3d8fae9cac
MBMBaM 293: Dark Ages Teen Life,2016-03-07,3720,https://claritaspod.com/measure/prfx.byspotify.com/e/pscrb.fm/rss/p/mgln.ai/e/31/afp-9384.calisto.simplecastaudio.com/dbf86dbd-6a9d-4db2-a354-45de08471376/episodes/40fc936b-0e52-43ef-9d4a-f7d13b7e33a0/audio/128/default.mp3?aid=rss_feed&awCollectionId=dbf86dbd-6a9d-4db2-a354-45de08471376&awEpisodeId=40fc936b-0e52-43ef-9d4a-f7d13b7e33a0&feed=wjQvYtdl,59853803,2e277a0d0ca438694e6f0411839557c1
MBMBaM 294: Goofbusters,2016-03-14,4656,https://claritaspod.com/measure/prfx.byspotify.com/e/pscrb.fm/rss/p/mgln.ai/e/31/afp-9384.calisto.simplecastaudio.com/dbf86dbd-6a9d-4db2-a354-45de08471376/episodes/c77562dc-4126-4c13-ba00-a1064be639cf/audio/128/default.mp3?aid=rss_feed&awCollectionId=dbf86dbd-6a9d-4db2-a354-45de08471376&awEpisodeId=c77562dc-4126-4c13-ba00-a1064be639cf&feed=wjQvYtdl,74825519,9ae2845f99cfb0980d513af6b01879d4
MBMBaM 295: Goofbusters II,2016-03-21,4787,https://claritaspod.com/measure/prfx.byspotify.com/e/pscrb.fm/rss/p/mgln.ai/e/31/afp-9384.calisto.simplecastaudio.com/dbf86dbd-6a9d-4db2-a354-45de08471376/episodes/5ee946cf-0ca2-4510-a94d-6f686ad39d77/audio/128/default.mp3?aid=rss_feed&awCollectionId=dbf86dbd-6a9d-4db2-a354-45de08471376&awEpisodeId=5ee946cf-0ca2-4510-a94d-6f686ad39d77&feed=wjQvYtdl,76915315,3bf7b51313987ec6ea4ad860e4bc2a61
MBMBaM 296: Shower Boys,2016-03-28,3434,https://claritaspod.com/measure/prfx.byspotify.com/e/pscrb.fm/rss/p/mgln.ai/e/31/afp-9384.calisto.simplecastaudio.com/dbf86dbd-6a9d-4db2-a354-45de08471376/episodes/73efcc60-2f27-4b85-9c98-7fcad81fdf1a/audio/128/default.mp3?aid=rss_feed&awCollectionId=dbf86dbd-6a9d-4db2-a354-45de08471376&awEpisodeId=73efcc60-2f27-4b85-9c98-7fcad81fdf1a&feed=wjQvYtdl,55277568,7c2e988209d9b8c8309cd90088fc07b0
MBMBaM 297: Justin Wide,2016-04-04,3708,https://claritaspod.com/measure/prfx.byspotify.com/e/pscrb.fm/rss/p/mgln.ai/e/31/afp-9384.calisto.simplecastaudio.com/dbf86dbd-6a9d-4db2-a354-45de08471376/episodes/5dfba159-e12e-40a9-afc0-f5b02c46db15/audio/128/default.mp3?aid=rss_feed&awCollectionId=dbf86dbd-6a9d-4db2-a354-45de08471376&awEpisodeId=5dfba159-e12e-40a9-afc0-f5b02c46db15&feed=wjQvYtdl,59662795,bf97bb6c9e02891ed0388f8e3e08b7a9
MBMBaM 298: The Impossible Joke,2016-04-12,3763,https://claritaspod.com/measure/prfx.byspotify.com/e/pscrb.fm/rss/p/mgln.ai/e/31/afp-9384.calisto.simplecastaudio.com/dbf86dbd-6a9d-4db2-a354-45de08471376/episodes/88d042f5-b61b-4784-bba7-531b0879060a/audio/128/default.mp3?aid=rss_feed&awCollectionId=dbf86dbd-6a9d-4db2-a354-45de08471376&awEpisodeId=88d042f5-b61b-4784-bba7-531b0879060a&feed=wjQvYtdl,60541764,93824a021517fde82df720cec31e9989
MBMBaM 299: The Shorting Hat,2016-04-18,3691,https://claritaspod.com/measure/prfx.byspotify.com/e/pscrb.fm/rss/p/mgln.ai/e/31/afp-9384.calisto.simplecastaudio.com/dbf86dbd-6a9d-4db2-a354-45de08471376/episodes/86a60323-8917-440d-8475-7220c43eea3f/audio/128/default.mp3?aid=rss_feed&awCollectionId=dbf86dbd-6a9d-4db2-a354-45de08471376&awEpisodeId=86a60323-8917-440d-8475-7220c43eea3f&feed=wjQvYtdl,59391122,b0411637584e770c17ac93389779d24a
MBMBaM 300: The Three Hundredth One,2016-04-25,4133,https://claritaspod.com/measure/prfx.byspotify.com/e/pscrb.fm/rss/p/mgln.ai/e/31/afp-9384.calisto.simplecastaudio.com/dbf86dbd-6a9d-4db2-a354-45de08471376/episodes/76784ab3-38a0-437b-ac8e-0a50947c41f5/audio/128/default.mp3?aid=rss_feed&awCollectionId=dbf86dbd-6a9d-4db2-a354-45de08471376&awEpisodeId=76784ab3-38a0-437b-ac8e-0a50947c41f5&feed=wjQvYtdl,66465081,f6ed28816c85ae0f1f993a9c2ecdfeb7
MBMBaM 301: The Pirate King,2016-05-02,3767,https://claritaspod.com/measure/prfx.byspotify.com/e/pscrb.fm/rss/p/mgln.ai/e/31/afp-9384.calisto.simplecastaudio.com/dbf86dbd-6a9d-4db2-a354-45de08471376/episodes/b51837c3-664c-41fd-bb87-d52e3161d496/audio/128/default.mp3?aid=rss_feed&awCollectionId=dbf86dbd-6a9d-4db2-a354-45de08471376&awEpisodeId=b51837c3-664c-41fd-bb87-d52e3161d496&feed=wjQvYtdl,60598606,15d90197d74a84e81b62e17ad0bd6aca
MBMBaM 302: Honkin' on Bruno,2016-05-09,3659,https://claritaspod.com/measure/prfx.byspotify.com/e/pscrb.fm/rss/p/mgln.ai/e/31/afp-9384.calisto.simplecastaudio.com/dbf86dbd-6a9d-4db2-a354-45de08471376/episodes/b38e7981-4958-4e67-84da-20be547cf9e4/audio/128/default.mp3?aid=rss_feed&awCollectionId=dbf86dbd-6a9d-4db2-a354-45de08471376&awEpisodeId=b38e7981-4958-4e67-84da-20be547cf9e4&feed=wjQvYtdl,58879122,8698965e539ac2df56c14ff6830cd192
MBMBaM 303: Toot Me to Cabo,2016-05-16,3760,https://claritaspod.com/measure/prfx.byspotify.com/e/pscrb.fm/rss/p/mgln.ai/e/31/afp-9384.calisto.simplecastaudio.com/dbf86dbd-6a9d-4db2-a354-45de08471376/episodes/783cf46e-a0d1-430f-9c60-dbc8134c20fd/audio/128/default.mp3?aid=rss_feed&awCollectionId=dbf86dbd-6a9d-4db2-a354-45de08471376&awEpisodeId=783cf46e-a0d1-430f-9c60-dbc8134c20fd&feed=wjQvYtdl,60488683,bf4cdba1501c38ae001045d2343da44a
MBMBaM 304: Chicken Soup for Boys,2016-05-23,3641,https://claritaspod.com/measure/prfx.byspotify.com/e/pscrb.fm/rss/p/mgln.ai/e/31/afp-9384.calisto.simplecastaudio.com/dbf86dbd-6a9d-4db2-a354-45de08471376/episodes/2e764877-0743-4df7-ae91-c641b4eacf88/audio/128/default.mp3?aid=rss_feed&awCollectionId=dbf86dbd-6a9d-4db2-a354-45de08471376&awEpisodeId=2e764877-0743-4df7-ae91-c641b4eacf88&feed=wjQvYtdl,58587804,7114f3b2ae657dbd8ac8564240be9916
MBMBaM 305: Bubble Jug Life,2016-05-30,4112,https://claritaspod.com/measure/prfx.byspotify.com/e/pscrb.fm/rss/p/mgln.ai/e/31/afp-9384.calisto.simplecastaudio.com/dbf86dbd-6a9d-4db2-a354-45de08471376/episodes/8a190850-51e6-4839-bed6-369ea7c82f76/audio/128/default.mp3?aid=rss_feed&awCollectionId=dbf86dbd-6a9d-4db2-a354-45de08471376&awEpisodeId=8a190850-51e6-4839-bed6-369ea7c82f76&feed=wjQvYtdl,65867585,f0c1dc24a8fdcaddd33ac214d2872784
MBMBaM 306: Face 2 Face: Foggy Bottoms,2016-06-07,3990,https://claritaspod.com/measure/prfx.byspotify.com/e/pscrb.fm/rss/p/mgln.ai/e/31/afp-9384.calisto.simplecastaudio.com/dbf86dbd-6a9d-4db2-a354-45de08471376/episodes/0a9a1c5c-2b44-44e1-8862-95facd028b0d/audio/128/default.mp3?aid=rss_feed&awCollectionId=dbf86dbd-6a9d-4db2-a354-45de08471376&awEpisodeId=0a9a1c5c-2b44-44e1-8862-95facd028b0d&feed=wjQvYtdl,64165470,618db6176a144093bda0b7ca1e32a698
MBMBaM 307: Face 2 Face: Would You Rather DeVito?,2016-06-13,4131,https://claritaspod.com/measure/prfx.byspotify.com/e/pscrb.fm/rss/p/mgln.ai/e/31/afp-9384.calisto.simplecastaudio.com/dbf86dbd-6a9d-4db2-a354-45de08471376/episodes/257b6b16-4356-451f-a67e-816f2a5af26e/audio/128/default.mp3?aid=rss_feed&awCollectionId=dbf86dbd-6a9d-4db2-a354-45de08471376&awEpisodeId=257b6b16-4356-451f-a67e-816f2a5af26e&feed=wjQvYtdl,66100661,eb620ce425a0fed7ed6de052173ed3ac
MBMBaM 308: Burgertrees,2016-06-20,3689,https://claritaspod.com/measure/prfx.byspotify.com/e/pscrb.fm/rss/p/mgln.ai/e/31/afp-9384.calisto.simplecastaudio.com/dbf86dbd-6a9d-4db2-a354-45de08471376/episodes/ff017550-8689-493b-b306-ab747e85e523/audio/128/default.mp3?aid=rss_feed&awCollectionId=dbf86dbd-6a9d-4db2-a354-45de08471376&awEpisodeId=ff017550-8689-493b-b306-ab747e85e523&feed=wjQvYtdl,59356013,487b5ce77cf2459de9191b2ebc907ca9
MBMBaM 309: Here Comes Ray Donovan,2016-06-28,3781,https://claritaspod.com/measure/prfx.byspotify.com/e/pscrb.fm/rss/p/mgln.ai/e/31/afp-9384.calisto.simplecastaudio.com/dbf86dbd-6a9d-4db2-a354-45de08471376/episodes/e11ede34-c0d5-4688-8bf1-6704b10bb356/audio/128/default.mp3?aid=rss_feed&awCollectionId=dbf86dbd-6a9d-4db2-a354-45de08471376&awEpisodeId=e11ede34-c0d5-4688-8bf1-6704b10bb356&feed=wjQvYtdl,60828484,d07e4071f1819c352c3bf32361b0cee3
MBMBaM 310: A Tale of Two Gallaghers,2016-07-04,3841,https://claritaspod.com/measure/prfx.byspotify.com/e/pscrb.fm/rss/p/mgln.ai/e/31/afp-9384.calisto.simplecastaudio.com/dbf86dbd-6a9d-4db2-a354-45de08471376/episodes/bf16aa72-6a66-4e0b-883e-ae3532dcdcc2/audio/128/default.mp3?aid=rss_feed&awCollectionId=dbf86dbd-6a9d-4db2-a354-45de08471376&awEpisodeId=bf16aa72-6a66-4e0b-883e-ae3532dcdcc2&feed=wjQvYtdl,61461777,9a5d04edcb510fa6b42f023bdc69716b
MBMBaM 311: Amber Is The Color of Our Energy,2016-07-11,4456,https://claritaspod.com/measure/prfx.byspotify.com/e/pscrb.fm/rss/p/mgln.ai/e/31/afp-9384.calisto.simplecastaudio.com/dbf86dbd-6a9d-4db2-a354-45de08471376/episodes/8f68f15f-0862-4ad1-bac7-5870669803af/audio/128/default.mp3?aid=rss_feed&awCollectionId=dbf86dbd-6a9d-4db2-a354-45de08471376&awEpisodeId=8f68f15f-0862-4ad1-bac7-5870669803af&feed=wjQvYtdl,71626041,5cdae140eb34713b5cd21d0113316b58
MBMBaM 312: Face 2 Face: Live from Drowzee City,2016-07-18,4320,https://claritaspod.com/measure/prfx.byspotify.com/e/pscrb.fm/rss/p/mgln.ai/e/31/afp-9384.calisto.simplecastaudio.com/dbf86dbd-6a9d-4db2-a354-45de08471376/episodes/57352ef6-dcab-430e-ac43-ad369ebd00e2/audio/128/default.mp3?aid=rss_feed&awCollectionId=dbf86dbd-6a9d-4db2-a354-45de08471376&awEpisodeId=57352ef6-dcab-430e-ac43-ad369ebd00e2&feed=wjQvYtdl,69447220,3dcf1fcefaeb497fd23bd4c5610944f2
MBMBaM 313: Bone Dry Feeners,2016-07-25,3575,https://claritaspod.com/measure/prfx.byspotify.com/e/pscrb.fm/rss/p/mgln.ai/e/31/afp-9384.calisto.simplecastaudio.com/dbf86dbd-6a9d-4db2-a354-45de08471376/episodes/396a407f-f6c4-423a-9e86-299c1c50bcc9/audio/128/default.mp3?aid=rss_feed&awCollectionId=dbf86dbd-6a9d-4db2-a354-45de08471376&awEpisodeId=396a407f-f6c4-423a-9e86-299c1c50bcc9&feed=wjQvYtdl,57524098,952340bc5ef8c78ead1c0fb2e60b6d59
MBMBaM 314: MBMBaM Summer Club,2016-08-01,4779,https://claritaspod.com/measure/prfx.byspotify.com/e/pscrb.fm/rss/p/mgln.ai/e/31/afp-9384.calisto.simplecastaudio.com/dbf86dbd-6a9d-4db2-a354-45de08471376/episodes/86dedd20-6681-4454-a73a-fc0ae519bbce/audio/128/default.mp3?aid=rss_feed&awCollectionId=dbf86dbd-6a9d-4db2-a354-45de08471376&awEpisodeId=86dedd20-6681-4454-a73a-fc0ae519bbce&feed=wjQvYtdl,76799958,105a60511687c89d3bbf84db1914fb13
"MBMBaM 315: No Gods, No Kings, Only McCheese",2016-08-08,3736,https://claritaspod.com/measure/prfx.byspotify.com/e/pscrb.fm/rss/p/mgln.ai/e/31/afp-9384.calisto.simplecastaudio.com/dbf86dbd-6a9d-4db2-a354-45de08471376/episodes/e61638de-7880-449b-98b7-90ae87a1df13/audio/128/default.mp3?aid=rss_feed&awCollectionId=dbf86dbd-6a9d-4db2-a354-45de08471376&awEpisodeId=e61638de-7880-449b-98b7-90ae87a1df13&feed=wjQvYtdl,60107504,bd98be6ecf735fabf1e84333e6da083b
MBMBaM 316: Smart Stuff,2016-08-16,3584,https://claritaspod.com/measure/prfx.byspotify.com/e/pscrb.fm/rss/p/mgln.ai/e/31/afp-9384.calisto.simplecastaudio.com/dbf86dbd-6a9d-4db2-a354-45de08471376/episodes/1ece3ae0-7f89-4b80-914e-d7bf54eb6884/audio/128/default.mp3?aid=rss_feed&awCollectionId=dbf86dbd-6a9d-4db2-a354-45de08471376&awEpisodeId=1ece3ae0-7f89-4b80-914e-d7bf54eb6884&feed=wjQvYtdl,57679579,139a5fc160173082ab432ff46ea70203
MBMBaM 317: Jimmy Buffett's Betrayal-ville,2016-08-22,3968,https://claritaspod.com/measure/prfx.byspotify.com/e/pscrb.fm/rss/p/mgln.ai/e/31/afp-9384.calisto.simplecastaudio.com/dbf86dbd-6a9d-4db2-a354-45de08471376/episodes/762a0893-f86d-4f37-b45b-9a781256607f/audio/128/default.mp3?aid=rss_feed&awCollectionId=dbf86dbd-6a9d-4db2-a354-45de08471376&awEpisodeId=762a0893-f86d-4f37-b45b-9a781256607f&feed=wjQvYtdl,63810622,4d9ca387eafc082b4ee198b78cc826b5
MBMBaM 318: French Butterfly Kisses,2016-08-29,3607,https://claritaspod.com/measure/prfx.byspotify.com/e/pscrb.fm/rss/p/mgln.ai/e/31/afp-9384.calisto.simplecastaudio.com/dbf86dbd-6a9d-4db2-a354-45de08471376/episodes/c9bfb13e-a97e-4e9b-98e2-6ab20bf7ad42/audio/128/default.mp3?aid=rss_feed&awCollectionId=dbf86dbd-6a9d-4db2-a354-45de08471376&awEpisodeId=c9bfb13e-a97e-4e9b-98e2-6ab20bf7ad42&feed=wjQvYtdl,58035680,1df6fe0825ce17ceb3549e6dc55e7f39
MBMBaM 319: Kenny Rogers GameFAQs,2016-09-06,3536,https://claritaspod.com/measure/prfx.byspotify.com/e/pscrb.fm/rss/p/mgln.ai/e/31/afp-9384.calisto.simplecastaudio.com/dbf86dbd-6a9d-4db2-a354-45de08471376/episodes/e69ca4e2-e5e6-4acd-8d5b-5efaab2b8a6d/audio/128/default.mp3?aid=rss_feed&awCollectionId=dbf86dbd-6a9d-4db2-a354-45de08471376&awEpisodeId=e69ca4e2-e5e6-4acd-8d5b-5efaab2b8a6d&feed=wjQvYtdl,56901339,835dbd9fd6c5bc1b09e1f0b2eab68d22
MBMBaM 320: Murder Circus,2016-09-13,3299,https://claritaspod.com/measure/prfx.byspotify.com/e/pscrb.fm/rss/p/mgln.ai/e/31/afp-9384.calisto.simplecastaudio.com/dbf86dbd-6a9d-4db2-a354-45de08471376/episodes/32946f3e-c97b-41d4-9198-5e938f9a90e2/audio/128/default.mp3?aid=rss_feed&awCollectionId=dbf86dbd-6a9d-4db2-a354-45de08471376&awEpisodeId=32946f3e-c97b-41d4-9198-5e938f9a90e2&feed=wjQvYtdl,39909632,c24775576ab8ab17b5ec62267ce1da2d
MBMBaM 321: Which One Vapes?,2016-09-20,3759,https://claritaspod.com/measure/prfx.byspotify.com/e/pscrb.fm/rss/p/mgln.ai/e/31/afp-9384.calisto.simplecastaudio.com/dbf86dbd-6a9d-4db2-a354-45de08471376/episodes/5864eb9a-c0bd-4018-bfb4-fd6f5d4baf69/audio/128/default.mp3?aid=rss_feed&awCollectionId=dbf86dbd-6a9d-4db2-a354-45de08471376&awEpisodeId=5864eb9a-c0bd-4018-bfb4-fd6f5d4baf69&feed=wjQvYtdl,45419648,0c5398a5c5b0859cfe513c77d5783bf5
"MBMBaM 322: “Margaret, It Happened Again!”",2016-09-27,3923,https://claritaspod.com/measure/prfx.byspotify.com/e/pscrb.fm/rss/p/mgln.ai/e/31/afp-9384.calisto.simplecastaudio.com/dbf86dbd-6a9d-4db2-a354-45de08471376/episodes/f829993e-6212-4dd0-bb47-c8a5953f4d5d/audio/128/default.mp3?aid=rss_feed&awCollectionId=dbf86dbd-6a9d-4db2-a354-45de08471376&awEpisodeId=f829993e-6212-4dd0-bb47-c8a5953f4d5d&feed=wjQvYtdl,47398784,5dbe476f0a26163dd20802245710fa5b
MBMBaM 323: How I Lost the Fateful Basketball Game to Mr. Carter,2016-10-04,3225,https://claritaspod.com/measure/prfx.byspotify.com/e/pscrb.fm/rss/p/mgln.ai/e/31/afp-9384.calisto.simplecastaudio.com/dbf86dbd-6a9d-4db2-a354-45de08471376/episodes/ad6de8e1-af42-4d00-99a9-681bffa6a0ce/audio/128/default.mp3?aid=rss_feed&awCollectionId=dbf86dbd-6a9d-4db2-a354-45de08471376&awEpisodeId=ad6de8e1-af42-4d00-99a9-681bffa6a0ce&feed=wjQvYtdl,51931386,7a273aee2ac283564ac0ae00db5b2afe
MBMBaM 324: A Heroic and Well-Reviewed Lizard,2016-10-10,3909,https://claritaspod.com/measure/prfx.byspotify.com/e/pscrb.fm/rss/p/mgln.ai/e/31/afp-9384.calisto.simplecastaudio.com/dbf86dbd-6a9d-4db2-a354-45de08471376/episodes/ffa2aa1c-9a12-42fc-b55b-0430669853ae/audio/128/default.mp3?aid=rss_feed&awCollectionId=dbf86dbd-6a9d-4db2-a354-45de08471376&awEpisodeId=ffa2aa1c-9a12-42fc-b55b-0430669853ae&feed=wjQvYtdl,62876484,14bed310241a9dffb38a32eb61730091
MBMBaM 325: Cavemen Tears,2016-10-17,3371,https://claritaspod.com/measure/prfx.byspotify.com/e/pscrb.fm/rss/p/mgln.ai/e/31/afp-9384.calisto.simplecastaudio.com/dbf86dbd-6a9d-4db2-a354-45de08471376/episodes/3cb26e9c-5ad4-4f0b-b897-def859bd3934/audio/128/default.mp3?aid=rss_feed&awCollectionId=dbf86dbd-6a9d-4db2-a354-45de08471376&awEpisodeId=3cb26e9c-5ad4-4f0b-b897-def859bd3934&feed=wjQvYtdl,40772192,9ee0be1cf611571b8dbd52084272091a
MBMBaM 326: Open-Source Burger King,2016-10-24,3703,https://claritaspod.com/measure/prfx.byspotify.com/e/pscrb.fm/rss/p/mgln.ai/e/31/afp-9384.calisto.simplecastaudio.com/dbf86dbd-6a9d-4db2-a354-45de08471376/episodes/257ae1f5-6e96-472d-8e3d-c32af15da820/audio/128/default.mp3?aid=rss_feed&awCollectionId=dbf86dbd-6a9d-4db2-a354-45de08471376&awEpisodeId=257ae1f5-6e96-472d-8e3d-c32af15da820&feed=wjQvYtdl,59580600,2e2359928c0d4965927d793db43dace5
"MBMBaM 327: Bro's Better, Bro's Best Ch. 92 - 111",2016-10-31,4664,https://claritaspod.com/measure/prfx.byspotify.com/e/pscrb.fm/rss/p/mgln.ai/e/31/afp-9384.calisto.simplecastaudio.com/dbf86dbd-6a9d-4db2-a354-45de08471376/episodes/079f9392-02ad-42cb-b048-325618cc7c04/audio/128/default.mp3?aid=rss_feed&awCollectionId=dbf86dbd-6a9d-4db2-a354-45de08471376&awEpisodeId=079f9392-02ad-42cb-b048-325618cc7c04&feed=wjQvYtdl,74956340,693039e74f71109ac15c8d759639cbbf
MBMBaM 328: The Anxiety-Free Cruise,2016-11-07,3843,https://claritaspod.com/measure/prfx.byspotify.com/e/pscrb.fm/rss/p/mgln.ai/e/31/afp-9384.calisto.simplecastaudio.com/dbf86dbd-6a9d-4db2-a354-45de08471376/episodes/78f2c879-08ea-43b1-b8ec-4dc9f84a5fa8/audio/128/default.mp3?aid=rss_feed&awCollectionId=dbf86dbd-6a9d-4db2-a354-45de08471376&awEpisodeId=78f2c879-08ea-43b1-b8ec-4dc9f84a5fa8&feed=wjQvYtdl,61815480,62c930fe28d336bd49fa2949a4a17981
MBMBaM 329: The Laser Tag Embassy,2016-11-14,3834,https://claritaspod.com/measure/prfx.byspotify.com/e/pscrb.fm/rss/p/mgln.ai/e/31/afp-9384.calisto.simplecastaudio.com/dbf86dbd-6a9d-4db2-a354-45de08471376/episodes/f8970d13-4901-4160-b0e4-f150220e524b/audio/128/default.mp3?aid=rss_feed&awCollectionId=dbf86dbd-6a9d-4db2-a354-45de08471376&awEpisodeId=f8970d13-4901-4160-b0e4-f150220e524b&feed=wjQvYtdl,46331511,c9db7181ea69af3cae79e4e756f74aa3
MBMBaM 330: President Shaq Neal,2016-11-22,3645,https://claritaspod.com/measure/prfx.byspotify.com/e/pscrb.fm/rss/p/mgln.ai/e/31/afp-9384.calisto.simplecastaudio.com/dbf86dbd-6a9d-4db2-a354-45de08471376/episodes/dde9b7c6-8fd3-4a64-8582-52e7c2a6ef33/audio/128/default.mp3?aid=rss_feed&awCollectionId=dbf86dbd-6a9d-4db2-a354-45de08471376&awEpisodeId=dde9b7c6-8fd3-4a64-8582-52e7c2a6ef33&feed=wjQvYtdl,58657080,0e023f76b8a42f74208755e13071fef4
"MBMBaM 331: Bro's Better, Bro's Best Ch. 112-121",2016-11-28,4553,https://claritaspod.com/measure/prfx.byspotify.com/e/pscrb.fm/rss/p/mgln.ai/e/31/afp-9384.calisto.simplecastaudio.com/dbf86dbd-6a9d-4db2-a354-45de08471376/episodes/9fc0aa26-7394-49c9-ada9-a62aaa37140d/audio/128/default.mp3?aid=rss_feed&awCollectionId=dbf86dbd-6a9d-4db2-a354-45de08471376&awEpisodeId=9fc0aa26-7394-49c9-ada9-a62aaa37140d&feed=wjQvYtdl,72901126,cae05142b9d644f2eb2b0a065a726187
MBMBaM 332: TV Toilet Tourist,2016-12-05,3891,https://claritaspod.com/measure/prfx.byspotify.com/e/pscrb.fm/rss/p/mgln.ai/e/31/afp-9384.calisto.simplecastaudio.com/dbf86dbd-6a9d-4db2-a354-45de08471376/episodes/8e550fca-344a-46ea-91b7-68f21b5d6bd8/audio/128/default.mp3?aid=rss_feed&awCollectionId=dbf86dbd-6a9d-4db2-a354-45de08471376&awEpisodeId=8e550fca-344a-46ea-91b7-68f21b5d6bd8&feed=wjQvYtdl,62583096,def9970df2ba71147c8013ae22419edb
The MBMBaM Guided Sleep Experience for Spiritual Harmony,2016-12-07,2958,https://claritaspod.com/measure/prfx.byspotify.com/e/pscrb.fm/rss/p/mgln.ai/e/31/afp-9384.calisto.simplecastaudio.com/dbf86dbd-6a9d-4db2-a354-45de08471376/episodes/3d8350cc-64d3-4dc7-8d71-922bcd007a33/audio/128/default.mp3?aid=rss_feed&awCollectionId=dbf86dbd-6a9d-4db2-a354-45de08471376&awEpisodeId=3d8350cc-64d3-4dc7-8d71-922bcd007a33&feed=wjQvYtdl,47622725,8b510bba78585e859869cebf8d460c8d
MBMBaM 333: The Full Randall,2016-12-12,3970,https://claritaspod.com/measure/prfx.byspotify.com/e/pscrb.fm/rss/p/mgln.ai/e/31/afp-9384.calisto.simplecastaudio.com/dbf86dbd-6a9d-4db2-a354-45de08471376/episodes/403195b5-2b43-461c-a380-c771bdb431fa/audio/128/default.mp3?aid=rss_feed&awCollectionId=dbf86dbd-6a9d-4db2-a354-45de08471376&awEpisodeId=403195b5-2b43-461c-a380-c771bdb431fa&feed=wjQvYtdl,47960960,5d0845dec1517f4c6f8e83f63e7ebcf6
MBMBaM 334: BYOBurger,2016-12-19,3778,https://claritaspod.com/measure/prfx.byspotify.com/e/pscrb.fm/rss/p/mgln.ai/e/31/afp-9384.calisto.simplecastaudio.com/dbf86dbd-6a9d-4db2-a354-45de08471376/episodes/4d089935-4c7a-4d7a-ab6a-2d721b2af538/audio/128/default.mp3?aid=rss_feed&awCollectionId=dbf86dbd-6a9d-4db2-a354-45de08471376&awEpisodeId=4d089935-4c7a-4d7a-ab6a-2d721b2af538&feed=wjQvYtdl,60462019,bf7adca551dfb3c43f1fc997cb16307b
MBMBaM 335: Rise of the Star King,2016-12-26,3391,https://claritaspod.com/measure/prfx.byspotify.com/e/pscrb.fm/rss/p/mgln.ai/e/31/afp-9384.calisto.simplecastaudio.com/dbf86dbd-6a9d-4db2-a354-45de08471376/episodes/6c86f5aa-c57e-4625-bed5-989366531cd7/audio/128/default.mp3?aid=rss_feed&awCollectionId=dbf86dbd-6a9d-4db2-a354-45de08471376&awEpisodeId=6c86f5aa-c57e-4625-bed5-989366531cd7&feed=wjQvYtdl,54580920,c8294f857d8d8c6ce3112e15a29ecccd
MBMBaM 336: Twenty-Something-Teen,2017-01-03,3783,https://claritaspod.com/measure/prfx.byspotify.com/e/pscrb.fm/rss/p/mgln.ai/e/31/afp-9384.calisto.simplecastaudio.com/dbf86dbd-6a9d-4db2-a354-45de08471376/episodes/af033772-d34d-412a-abae-459500885e06/audio/128/default.mp3?aid=rss_feed&awCollectionId=dbf86dbd-6a9d-4db2-a354-45de08471376&awEpisodeId=af033772-d34d-412a-abae-459500885e06&feed=wjQvYtdl,60856632,326bd56560a1983a26b4658f7493d8e1
MBMBaM 337: Seaburglars of the Archipelago,2017-01-10,3826,https://claritaspod.com/measure/prfx.byspotify.com/e/pscrb.fm/rss/p/mgln.ai/e/31/afp-9384.calisto.simplecastaudio.com/dbf86dbd-6a9d-4db2-a354-45de08471376/episodes/b14c4394-baa2-433e-b608-4bceb6dd826c/audio/128/default.mp3?aid=rss_feed&awCollectionId=dbf86dbd-6a9d-4db2-a354-45de08471376&awEpisodeId=b14c4394-baa2-433e-b608-4bceb6dd826c&feed=wjQvYtdl,62696145,2aafa82bdf7ba70184fdf662084eed5f
MBMBaM 338: Thunderwall,2017-01-17,3980,https://claritaspod.com/measure/prfx.byspotify.com/e/pscrb.fm/rss/p/mgln.ai/e/31/afp-9384.calisto.simplecastaudio.com/dbf86dbd-6a9d-4db2-a354-45de08471376/episodes/a11cbd74-f679-4ae6-894b-a0f4fb8f3a98/audio/128/default.mp3?aid=rss_feed&awCollectionId=dbf86dbd-6a9d-4db2-a354-45de08471376&awEpisodeId=a11cbd74-f679-4ae6-894b-a0f4fb8f3a98&feed=wjQvYtdl,64010808,273157b9d230fa1aa68d14bb9bbebdf2
MBMBaM 339: Scatman Zozo,2017-01-23,3766,https://claritaspod.com/measure/prfx.byspotify.com/e/pscrb.fm/rss/p/mgln.ai/e/31/afp-9384.calisto.simplecastaudio.com/dbf86dbd-6a9d-4db2-a354-45de08471376/episodes/d6ee30dc-a886-420e-85d2-8c333a5eb7e5/audio/128/default.mp3?aid=rss_feed&awCollectionId=dbf86dbd-6a9d-4db2-a354-45de08471376&awEpisodeId=d6ee30dc-a886-420e-85d2-8c333a5eb7e5&feed=wjQvYtdl,60584760,9d5d32651f00b30c38e02603965bc536
MBMBaM 340: Doritos-Blasted Crow,2017-01-30,3836,https://claritaspod.com/measure/prfx.byspotify.com/e/pscrb.fm/rss/p/mgln.ai/e/31/afp-9384.calisto.simplecastaudio.com/dbf86dbd-6a9d-4db2-a354-45de08471376/episodes/ffba2160-7c6a-4d61-8ba7-630e3a49d1b8/audio/128/default.mp3?aid=rss_feed&awCollectionId=dbf86dbd-6a9d-4db2-a354-45de08471376&awEpisodeId=ffba2160-7c6a-4d61-8ba7-630e3a49d1b8&feed=wjQvYtdl,61704526,40234171a1d05fe22d97b4d00065cc61
MBMBaM 341: An Erotic Balloon Puzzle,2017-02-06,3748,https://claritaspod.com/measure/prfx.byspotify.com/e/pscrb.fm/rss/p/mgln.ai/e/31/afp-9384.calisto.simplecastaudio.com/dbf86dbd-6a9d-4db2-a354-45de08471376/episodes/ec50eed2-833f-401a-b2bd-bc011966775a/audio/128/default.mp3?aid=rss_feed&awCollectionId=dbf86dbd-6a9d-4db2-a354-45de08471376&awEpisodeId=ec50eed2-833f-401a-b2bd-bc011966775a&feed=wjQvYtdl,60297258,fd164dbbae64e80206f9b190b08e9c14
MBMBaM 342: Pigeons in the Strike Zone,2017-02-13,3943,https://claritaspod.com/measure/prfx.byspotify.com/e/pscrb.fm/rss/p/mgln.ai/e/31/afp-9384.calisto.simplecastaudio.com/dbf86dbd-6a9d-4db2-a354-45de08471376/episodes/01b25463-e156-457a-95d8-ce5e99be43d1/audio/128/default.mp3?aid=rss_feed&awCollectionId=dbf86dbd-6a9d-4db2-a354-45de08471376&awEpisodeId=01b25463-e156-457a-95d8-ce5e99be43d1&feed=wjQvYtdl,63411889,d114993f11d54e676b4e52389e6480e8
MBMBaM 343: The Sauce Doctor's Blessing,2017-02-20,3666,https://claritaspod.com/measure/prfx.byspotify.com/e/pscrb.fm/rss/p/mgln.ai/e/31/afp-9384.calisto.simplecastaudio.com/dbf86dbd-6a9d-4db2-a354-45de08471376/episodes/690337dc-2905-4dbc-b7ff-4a2985cf45bb/audio/128/default.mp3?aid=rss_feed&awCollectionId=dbf86dbd-6a9d-4db2-a354-45de08471376&awEpisodeId=690337dc-2905-4dbc-b7ff-4a2985cf45bb&feed=wjQvYtdl,58979850,57198f513b426aad701cc01c8e9737dc
MBMBaM 344: The Cream Beams to the Tower of Flavortown,2017-02-27,3686,https://claritaspod.com/measure/prfx.byspotify.com/e/pscrb.fm/rss/p/mgln.ai/e/31/afp-9384.calisto.simplecastaudio.com/dbf86dbd-6a9d-4db2-a354-45de08471376/episodes/990eee25-4a3c-468b-b99d-11cebefbb5b3/audio/128/default.mp3?aid=rss_feed&awCollectionId=dbf86dbd-6a9d-4db2-a354-45de08471376&awEpisodeId=990eee25-4a3c-468b-b99d-11cebefbb5b3&feed=wjQvYtdl,59300007,3bb8edc5dc7c2aa4043b91d57a11245c
MBMBaM 345: Face 2 Face: Candlenights in September,2017-03-06,4495,https://claritaspod.com/measure/prfx.byspotify.com/e/pscrb.fm/rss/p/mgln.ai/e/31/afp-9384.calisto.simplecastaudio.com/dbf86dbd-6a9d-4db2-a354-45de08471376/episodes/cbd5938c-50b2-47d3-8dc6-28500d030649/audio/128/default.mp3?aid=rss_feed&awCollectionId=dbf86dbd-6a9d-4db2-a354-45de08471376&awEpisodeId=cbd5938c-50b2-47d3-8dc6-28500d030649&feed=wjQvYtdl,72255906,63b7d98bb73817de176585ea4e1786e3
"MBMBaM 346: Blue Eyes, White Dragon, Can't Lose",2017-03-13,4121,https://claritaspod.com/measure/prfx.byspotify.com/e/pscrb.fm/rss/p/mgln.ai/e/31/afp-9384.calisto.simplecastaudio.com/dbf86dbd-6a9d-4db2-a354-45de08471376/episodes/948300f1-ac9c-4b94-8fdb-147dabe7a1e9/audio/128/default.mp3?aid=rss_feed&awCollectionId=dbf86dbd-6a9d-4db2-a354-45de08471376&awEpisodeId=948300f1-ac9c-4b94-8fdb-147dabe7a1e9&feed=wjQvYtdl,66263625,5546821629a65a596154278d96eb0983
MBMBaM 347: Donut Miss This Episode!,2017-03-20,4233,https://claritaspod.com/measure/prfx.byspotify.com/e/pscrb.fm/rss/p/mgln.ai/e/31/afp-9384.calisto.simplecastaudio.com/dbf86dbd-6a9d-4db2-a354-45de08471376/episodes/16934e9b-7cf4-4bae-9c9f-bb5c2d6c26b1/audio/128/default.mp3?aid=rss_feed&awCollectionId=dbf86dbd-6a9d-4db2-a354-45de08471376&awEpisodeId=16934e9b-7cf4-4bae-9c9f-bb5c2d6c26b1&feed=wjQvYtdl,68064193,238a83c8927a5254718047e979acc045
"PILOT: The McElroy Brothers Will Be In Trolls 2, Chapter 1",2017-03-23,1361,https://claritaspod.com/measure/prfx.byspotify.com/e/pscrb.fm/rss/p/mgln.ai/e/31/afp-9384.calisto.simplecastaudio.com/dbf86dbd-6a9d-4db2-a354-45de08471376/episodes/b02b76d4-c91c-42b8-a0ed-181eec738fd0/audio/128/default.mp3?aid=rss_feed&awCollectionId=dbf86dbd-6a9d-4db2-a354-45de08471376&awEpisodeId=b02b76d4-c91c-42b8-a0ed-181eec738fd0&feed=wjQvYtdl,22868210,fcb07831390654a3d2b23f9408e49bce
MBMBaM 348: Stardust and Dino Piss,2017-03-27,4515,https://claritaspod.com/measure/prfx.byspotify.com/e/pscrb.fm/rss/p/mgln.ai/e/31/afp-9384.calisto.simplecastaudio.com/dbf86dbd-6a9d-4db2-a354-45de08471376/episodes/52153c44-b8cf-4be4-9f0c-22bd24d28397/audio/128/default.mp3?aid=rss_feed&awCollectionId=dbf86dbd-6a9d-4db2-a354-45de08471376&awEpisodeId=52153c44-b8cf-4be4-9f0c-22bd24d28397&feed=wjQvYtdl,72562270,064e6f99c4f1c4ea81c400e3d33cdfec
MBMBaM 349: Face 2 Face: Remembering How to Do Live Shows in Portland,2017-04-03,6644,https://claritaspod.com/measure/prfx.byspotify.com/e/pscrb.fm/rss/p/mgln.ai/e/31/afp-9384.calisto.simplecastaudio.com/dbf86dbd-6a9d-4db2-a354-45de08471376/episodes/ed87326c-51f0-4b0d-b431-887bc630e67b/audio/128/default.mp3?aid=rss_feed&awCollectionId=dbf86dbd-6a9d-4db2-a354-45de08471376&awEpisodeId=ed87326c-51f0-4b0d-b431-887bc630e67b&feed=wjQvYtdl,106636728,016011e67185525d9746dfac7e43b04f
MBMBaM 350: The 2018 Olympic Laser Tag Team,2017-04-10,3858,https://claritaspod.com/measure/prfx.byspotify.com/e/pscrb.fm/rss/p/mgln.ai/e/31/afp-9384.calisto.simplecastaudio.com/dbf86dbd-6a9d-4db2-a354-45de08471376/episodes/b9cf1267-6f1a-4270-9031-d73dc3af990c/audio/128/default.mp3?aid=rss_feed&awCollectionId=dbf86dbd-6a9d-4db2-a354-45de08471376&awEpisodeId=b9cf1267-6f1a-4270-9031-d73dc3af990c&feed=wjQvYtdl,62058120,4a0af0d7e72ee63b29be819a357182c2
MBMBaM 351: Omnidirectional Scampi Blast,2017-04-17,4003,https://claritaspod.com/measure/prfx.byspotify.com/e/pscrb.fm/rss/p/mgln.ai/e/31/afp-9384.calisto.simplecastaudio.com/dbf86dbd-6a9d-4db2-a354-45de08471376/episodes/718d9495-b8c8-413b-98bb-fb6777220ac5/audio/128/default.mp3?aid=rss_feed&awCollectionId=dbf86dbd-6a9d-4db2-a354-45de08471376&awEpisodeId=718d9495-b8c8-413b-98bb-fb6777220ac5&feed=wjQvYtdl,64382391,06f2a993e720a06300ca0fa4f3896c9e
MBMBaM 352: Three Deep On the Window,2017-04-24,3694,https://claritaspod.com/measure/prfx.byspotify.com/e/pscrb.fm/rss/p/mgln.ai/e/31/afp-9384.calisto.simplecastaudio.com/dbf86dbd-6a9d-4db2-a354-45de08471376/episodes/b38147ed-66d0-4fc3-9cfe-9d92f8a62fd9/audio/128/default.mp3?aid=rss_feed&awCollectionId=dbf86dbd-6a9d-4db2-a354-45de08471376&awEpisodeId=b38147ed-66d0-4fc3-9cfe-9d92f8a62fd9&feed=wjQvYtdl,59433754,7841832434934d65ff52d6f52faebfdb
MBMBaM 353: The Feenysnatcher,2017-05-01,4531,https://claritaspod.com/measure/prfx.byspotify.com/e/pscrb.fm/rss/p/mgln.ai/e/31/afp-9384.calisto.simplecastaudio.com/dbf86dbd-6a9d-4db2-a354-45de08471376/episodes/f6478eab-1e09-4932-9aea-9f3c23ed7a71/audio/128/default.mp3?aid=rss_feed&awCollectionId=dbf86dbd-6a9d-4db2-a354-45de08471376&awEpisodeId=f6478eab-1e09-4932-9aea-9f3c23ed7a71&feed=wjQvYtdl,72830600,64fec20dcd7742772fc01188cb0848b0
MBMBaM 354: Beanfreak,2017-05-08,3901,https://claritaspod.com/measure/prfx.byspotify.com/e/pscrb.fm/rss/p/mgln.ai/e/31/afp-9384.calisto.simplecastaudio.com/dbf86dbd-6a9d-4db2-a354-45de08471376/episodes/37a5b2f8-a200-4c4f-95a0-1f4b3e8e965d/audio/128/default.mp3?aid=rss_feed&awCollectionId=dbf86dbd-6a9d-4db2-a354-45de08471376&awEpisodeId=37a5b2f8-a200-4c4f-95a0-1f4b3e8e965d&feed=wjQvYtdl,62741901,8cb11755eb787776f30f4861a912260e
MBMBaM 355: The Playbloom,2017-05-15,3973,https://claritaspod.com/measure/prfx.byspotify.com/e/pscrb.fm/rss/p/mgln.ai/e/31/afp-9384.calisto.simplecastaudio.com/dbf86dbd-6a9d-4db2-a354-45de08471376/episodes/58d75ba1-6a90-48f1-b466-4f94c744f3e2/audio/128/default.mp3?aid=rss_feed&awCollectionId=dbf86dbd-6a9d-4db2-a354-45de08471376&awEpisodeId=58d75ba1-6a90-48f1-b466-4f94c744f3e2&feed=wjQvYtdl,63894632,813badbbf6475955f233b76ece0f1e47
MBMBaM 356: Face 2 Face: My Donut-Loving Boys,2017-05-23,3679,https://claritaspod.com/measure/prfx.byspotify.com/e/pscrb.fm/rss/p/mgln.ai/e/31/afp-9384.calisto.simplecastaudio.com/dbf86dbd-6a9d-4db2-a354-45de08471376/episodes/7907f272-630d-4380-9551-427d871e383d/audio/128/default.mp3?aid=rss_feed&awCollectionId=dbf86dbd-6a9d-4db2-a354-45de08471376&awEpisodeId=7907f272-630d-4380-9551-427d871e383d&feed=wjQvYtdl,59188830,9593ee5b508cbb2c64b12ea003c28ea3
BONUS: Dorms and Ghoulsmashing Commentary,2017-05-24,1822,https://claritaspod.com/measure/prfx.byspotify.com/e/pscrb.fm/rss/p/mgln.ai/e/31/afp-9384.calisto.simplecastaudio.com/dbf86dbd-6a9d-4db2-a354-45de08471376/episodes/b2252f40-61d9-4d04-9990-958057fc1636/audio/128/default.mp3?aid=rss_feed&awCollectionId=dbf86dbd-6a9d-4db2-a354-45de08471376&awEpisodeId=b2252f40-61d9-4d04-9990-958057fc1636&feed=wjQvYtdl,31686702,da3b2cda92c227f7aafe8876083640e5
MBMBaM 357: A Wonderful Hug From Goro,2017-05-30,3515,https://claritaspod.com/measure/prfx.byspotify.com/e/pscrb.fm/rss/p/mgln.ai/e/31/afp-9384.calisto.simplecastaudio.com/dbf86dbd-6a9d-4db2-a354-45de08471376/episodes/e9e3d370-656e-4754-b6dc-836d9965ed6f/audio/128/default.mp3?aid=rss_feed&awCollectionId=dbf86dbd-6a9d-4db2-a354-45de08471376&awEpisodeId=e9e3d370-656e-4754-b6dc-836d9965ed6f&feed=wjQvYtdl,56247831,80406e794d7405aac994b62a24d24c88
"MBMBaM 358: Detective Jigsaw, My Very Best Friend",2017-06-05,3671,https://claritaspod.com/measure/prfx.byspotify.com/e/pscrb.fm/rss/p/mgln.ai/e/31/afp-9384.calisto.simplecastaudio.com/dbf86dbd-6a9d-4db2-a354-45de08471376/episodes/faff9ddc-aa2e-473e-bcbd-192dd88462dc/audio/128/default.mp3?aid=rss_feed&awCollectionId=dbf86dbd-6a9d-4db2-a354-45de08471376&awEpisodeId=faff9ddc-aa2e-473e-bcbd-192dd88462dc&feed=wjQvYtdl,59058426,347d5225026716e71515af06a3e4712e
MBMBaM 359: Tumnus Opportunities,2017-06-12,3727,https://claritaspod.com/measure/prfx.byspotify.com/e/pscrb.fm/rss/p/mgln.ai/e/31/afp-9384.calisto.simplecastaudio.com/dbf86dbd-6a9d-4db2-a354-45de08471376/episodes/a96a0bb5-b202-47e7-a471-defe476971e2/audio/128/default.mp3?aid=rss_feed&awCollectionId=dbf86dbd-6a9d-4db2-a354-45de08471376&awEpisodeId=a96a0bb5-b202-47e7-a471-defe476971e2&feed=wjQvYtdl,59646163,622737f66d304a1541b588c092206786
MBMBaM 360: Gatorade Weak,2017-06-19,3349,https://claritaspod.com/measure/prfx.byspotify.com/e/pscrb.fm/rss/p/mgln.ai/e/31/afp-9384.calisto.simplecastaudio.com/dbf86dbd-6a9d-4db2-a354-45de08471376/episodes/507b5d03-96a6-41d6-b36e-d2f19e7cb8d4/audio/128/default.mp3?aid=rss_feed&awCollectionId=dbf86dbd-6a9d-4db2-a354-45de08471376&awEpisodeId=507b5d03-96a6-41d6-b36e-d2f19e7cb8d4&feed=wjQvYtdl,53911677,5311f0f4ea5d7fa8f76f67efdd840ad9
MBMBaM 361: Gelsey Krammer,2017-06-26,3645,https://claritaspod.com/measure/prfx.byspotify.com/e/pscrb.fm/rss/p/mgln.ai/e/31/afp-9384.calisto.simplecastaudio.com/dbf86dbd-6a9d-4db2-a354-45de08471376/episodes/571aa26d-b665-43a9-9fa4-bc1d245307ce/audio/128/default.mp3?aid=rss_feed&awCollectionId=dbf86dbd-6a9d-4db2-a354-45de08471376&awEpisodeId=571aa26d-b665-43a9-9fa4-bc1d245307ce&feed=wjQvYtdl,58652588,4419bde36b8d21af7750d975616848bd
MBMBaM 362: Travis McElroy Presents: Waffle Friend,2017-07-10,3380,https://claritaspod.com/measure/prfx.byspotify.com/e/pscrb.fm/rss/p/mgln.ai/e/31/afp-9384.calisto.simplecastaudio.com/dbf86dbd-6a9d-4db2-a354-45de08471376/episodes/eb586f6d-7b8c-4ac1-9d04-1de93123818e/audio/128/default.mp3?aid=rss_feed&awCollectionId=dbf86dbd-6a9d-4db2-a354-45de08471376&awEpisodeId=eb586f6d-7b8c-4ac1-9d04-1de93123818e&feed=wjQvYtdl,54415318,9efc1f60706f94b61a0a7d505c660467
MBMBaM 363: Breathing in Space,2017-07-18,3345,https://claritaspod.com/measure/prfx.byspotify.com/e/pscrb.fm/rss/p/mgln.ai/e/31/afp-9384.calisto.simplecastaudio.com/dbf86dbd-6a9d-4db2-a354-45de08471376/episodes/14aee850-85f1-4f55-9a8f-afc0ac6da338/audio/128/default.mp3?aid=rss_feed&awCollectionId=dbf86dbd-6a9d-4db2-a354-45de08471376&awEpisodeId=14aee850-85f1-4f55-9a8f-afc0ac6da338&feed=wjQvYtdl,53843256,ac571cb637937b504d4b8b0e4dab142e
MBMBaM 364: Face 2 Face: Dumbledore’s Magic Buffalo Wings,2017-07-25,5424,https://claritaspod.com/measure/prfx.byspotify.com/e/pscrb.fm/rss/p/mgln.ai/e/31/afp-9384.calisto.simplecastaudio.com/dbf86dbd-6a9d-4db2-a354-45de08471376/episodes/5c34c46a-9084-460d-98a4-e6144da7b954/audio/128/default.mp3?aid=rss_feed&awCollectionId=dbf86dbd-6a9d-4db2-a354-45de08471376&awEpisodeId=5c34c46a-9084-460d-98a4-e6144da7b954&feed=wjQvYtdl,87108366,7c0e5831ae685c5cddd4f07bc89def91
"One Guy, One Guy, and a Chicken Place",2017-07-31,3879,https://claritaspod.com/measure/prfx.byspotify.com/e/pscrb.fm/rss/p/mgln.ai/e/31/afp-9384.calisto.simplecastaudio.com/dbf86dbd-6a9d-4db2-a354-45de08471376/episodes/6ec9cc88-ea57-4a25-aba3-642c133ae782/audio/128/default.mp3?aid=rss_feed&awCollectionId=dbf86dbd-6a9d-4db2-a354-45de08471376&awEpisodeId=6ec9cc88-ea57-4a25-aba3-642c133ae782&feed=wjQvYtdl,62067400,32a006fc8c8efc630080fe87d605ff41
"MBMBaM 366: Sorry, Todd",2017-08-07,3528,https://claritaspod.com/measure/prfx.byspotify.com/e/pscrb.fm/rss/p/mgln.ai/e/31/afp-9384.calisto.simplecastaudio.com/dbf86dbd-6a9d-4db2-a354-45de08471376/episodes/78f9eb76-9ccd-4b86-b9a1-3f15701e1ebd/audio/128/default.mp3?aid=rss_feed&awCollectionId=dbf86dbd-6a9d-4db2-a354-45de08471376&awEpisodeId=78f9eb76-9ccd-4b86-b9a1-3f15701e1ebd&feed=wjQvYtdl,56784696,385259d4fef9099ef67303a3e67fb6bc
MBMBaM 367: Shrimp! Heaven! Now!,2017-08-14,3566,https://claritaspod.com/measure/prfx.byspotify.com/e/pscrb.fm/rss/p/mgln.ai/e/31/afp-9384.calisto.simplecastaudio.com/dbf86dbd-6a9d-4db2-a354-45de08471376/episodes/5e696ba8-1de4-4b10-bba0-0c435aa2e592/audio/128/default.mp3?aid=rss_feed&awCollectionId=dbf86dbd-6a9d-4db2-a354-45de08471376&awEpisodeId=5e696ba8-1de4-4b10-bba0-0c435aa2e592&feed=wjQvYtdl,57392184,fcc709298302ada3657b40fb9ff8c810
MBMBaM 368: The Sun Shines On Our Dark Planet!,2017-08-21,3397,https://claritaspod.com/measure/prfx.byspotify.com/e/pscrb.fm/rss/p/mgln.ai/e/31/afp-9384.calisto.simplecastaudio.com/dbf86dbd-6a9d-4db2-a354-45de08471376/episodes/80c485a4-e91c-41e9-8081-745f308108e9/audio/128/default.mp3?aid=rss_feed&awCollectionId=dbf86dbd-6a9d-4db2-a354-45de08471376&awEpisodeId=80c485a4-e91c-41e9-8081-745f308108e9&feed=wjQvYtdl,54687827,4542a02b952ed289973bf834db96d9cf
"MBMBaM 369: Bro's Better, Bro's Best Ch. 122 - 133",2017-08-28,4024,https://claritaspod.com/measure/prfx.byspotify.com/e/pscrb.fm/rss/p/mgln.ai/e/31/afp-9384.calisto.simplecastaudio.com/dbf86dbd-6a9d-4db2-a354-45de08471376/episodes/28c330dc-fdf4-41a8-bb6f-4f70bf6dcd37/audio/128/default.mp3?aid=rss_feed&awCollectionId=dbf86dbd-6a9d-4db2-a354-45de08471376&awEpisodeId=28c330dc-fdf4-41a8-bb6f-4f70bf6dcd37&feed=wjQvYtdl,64718848,02bd20c6ded5e926a9a6c6216fbc4c6d
MBMBaM 370: Dax Don't Care,2017-09-04,3964,https://claritaspod.com/measure/prfx.byspotify.com/e/pscrb.fm/rss/p/mgln.ai/e/31/afp-9384.calisto.simplecastaudio.com/dbf86dbd-6a9d-4db2-a354-45de08471376/episodes/cd3c6187-66ad-4df9-99cf-b6b334d4904a/audio/128/default.mp3?aid=rss_feed&awCollectionId=dbf86dbd-6a9d-4db2-a354-45de08471376&awEpisodeId=cd3c6187-66ad-4df9-99cf-b6b334d4904a&feed=wjQvYtdl,63751608,f08473359f89062925910cc9628e56c9
EMERGENCY LIVE SHOW MESSAGE!,2017-09-07,98,https://claritaspod.com/measure/prfx.byspotify.com/e/pscrb.fm/rss/p/mgln.ai/e/31/afp-9384.calisto.simplecastaudio.com/dbf86dbd-6a9d-4db2-a354-45de08471376/episodes/f4ce0ee4-0dad-4752-a4b4-838a3c3418a5/audio/128/default.mp3?aid=rss_feed&awCollectionId=dbf86dbd-6a9d-4db2-a354-45de08471376&awEpisodeId=f4ce0ee4-0dad-4752-a4b4-838a3c3418a5&feed=wjQvYtdl,1583273,aa9081b12716cf0abf179b76a887adf2
MBMBaM 371: Face 2 Face: A Lot About Horniness,2017-09-11,4767,https://claritaspod.com/measure/prfx.byspotify.com/e/pscrb.fm/rss/p/mgln.ai/e/31/afp-9384.calisto.simplecastaudio.com/dbf86dbd-6a9d-4db2-a354-45de08471376/episodes/b2db513e-97a3-49da-b51c-a4628d76ac4c/audio/128/default.mp3?aid=rss_feed&awCollectionId=dbf86dbd-6a9d-4db2-a354-45de08471376&awEpisodeId=b2db513e-97a3-49da-b51c-a4628d76ac4c&feed=wjQvYtdl,76275087,a006860868815f614763c8107a4c2052
MBMBaM 372: Face 2 Face: Sock-Based Target Crimes,2017-09-18,5144,https://claritaspod.com/measure/prfx.byspotify.com/e/pscrb.fm/rss/p/mgln.ai/e/31/afp-9384.calisto.simplecastaudio.com/dbf86dbd-6a9d-4db2-a354-45de08471376/episodes/757ec0ad-ae27-4e51-aefb-3088544df014/audio/128/default.mp3?aid=rss_feed&awCollectionId=dbf86dbd-6a9d-4db2-a354-45de08471376&awEpisodeId=757ec0ad-ae27-4e51-aefb-3088544df014&feed=wjQvYtdl,82639266,e320d67382d6ab6dcc9d18819074b055
MBMBaM 373: Face 2 Face: Bonefolders,2017-09-26,5316,https://claritaspod.com/measure/prfx.byspotify.com/e/pscrb.fm/rss/p/mgln.ai/e/31/afp-9384.calisto.simplecastaudio.com/dbf86dbd-6a9d-4db2-a354-45de08471376/episodes/b058ff9b-327d-4713-b9d2-d044abf29412/audio/128/default.mp3?aid=rss_feed&awCollectionId=dbf86dbd-6a9d-4db2-a354-45de08471376&awEpisodeId=b058ff9b-327d-4713-b9d2-d044abf29412&feed=wjQvYtdl,85377734,5d4cc987bd54d3948f5d16bf1ffecb69
MBMBaM 374: Respect the Journey,2017-10-02,3551,https://claritaspod.com/measure/prfx.byspotify.com/e/pscrb.fm/rss/p/mgln.ai/e/31/afp-9384.calisto.simplecastaudio.com/dbf86dbd-6a9d-4db2-a354-45de08471376/episodes/c74ae310-4dbc-4351-af95-4acffb0ae704/audio/128/default.mp3?aid=rss_feed&awCollectionId=dbf86dbd-6a9d-4db2-a354-45de08471376&awEpisodeId=c74ae310-4dbc-4351-af95-4acffb0ae704&feed=wjQvYtdl,57139128,c4a440174dc0a89369e2ab04969f1530
MBMBaM 375: Massage Drone Switcheroo,2017-10-09,3878,https://claritaspod.com/measure/prfx.byspotify.com/e/pscrb.fm/rss/p/mgln.ai/e/31/afp-9384.calisto.simplecastaudio.com/dbf86dbd-6a9d-4db2-a354-45de08471376/episodes/9dc9eccc-481e-4bef-8916-c4b58ecef98f/audio/128/default.mp3?aid=rss_feed&awCollectionId=dbf86dbd-6a9d-4db2-a354-45de08471376&awEpisodeId=9dc9eccc-481e-4bef-8916-c4b58ecef98f&feed=wjQvYtdl,62370360,fd0269400584c0bee9784be5ab9e0791
"MBMBaM 376: Face 2 Face: Shrimp, Heaven, Live!",2017-10-16,4664,https://claritaspod.com/measure/prfx.byspotify.com/e/pscrb.fm/rss/p/mgln.ai/e/31/afp-9384.calisto.simplecastaudio.com/dbf86dbd-6a9d-4db2-a354-45de08471376/episodes/9813e0e7-8ec4-410b-9a59-4f62c1e10a87/audio/128/default.mp3?aid=rss_feed&awCollectionId=dbf86dbd-6a9d-4db2-a354-45de08471376&awEpisodeId=9813e0e7-8ec4-410b-9a59-4f62c1e10a87&feed=wjQvYtdl,74958430,944a6139e9ee6248d84761e5f80122aa
MBMBaM 377: Face 2 Face: One Great Potato!,2017-10-24,4454,https://claritaspod.com/measure/prfx.byspotify.com/e/pscrb.fm/rss/p/mgln.ai/e/31/afp-9384.calisto.simplecastaudio.com/dbf86dbd-6a9d-4db2-a354-45de08471376/episodes/4951108c-9e77-40e2-9818-87b05e298279/audio/128/default.mp3?aid=rss_feed&awCollectionId=dbf86dbd-6a9d-4db2-a354-45de08471376&awEpisodeId=4951108c-9e77-40e2-9818-87b05e298279&feed=wjQvYtdl,71590933,ea528163f692b8e8261b91214f80ae12
MBMBaM 378: Pumpkindaze 2017,2017-10-30,3556,https://claritaspod.com/measure/prfx.byspotify.com/e/pscrb.fm/rss/p/mgln.ai/e/31/afp-9384.calisto.simplecastaudio.com/dbf86dbd-6a9d-4db2-a354-45de08471376/episodes/bc6ec2a7-33ba-42fd-88a5-e8253727de6e/audio/128/default.mp3?aid=rss_feed&awCollectionId=dbf86dbd-6a9d-4db2-a354-45de08471376&awEpisodeId=bc6ec2a7-33ba-42fd-88a5-e8253727de6e&feed=wjQvYtdl,57217734,83f2984fb96ac94578a1804293ebaafe
MBMBaM 379: 6969 Cool Street,2017-11-06,3494,https://claritaspod.com/measure/prfx.byspotify.com/e/pscrb.fm/rss/p/mgln.ai/e/31/afp-9384.calisto.simplecastaudio.com/dbf86dbd-6a9d-4db2-a354-45de08471376/episodes/4ae38153-71b7-45c3-9a80-48c128ce91e0/audio/128/default.mp3?aid=rss_feed&awCollectionId=dbf86dbd-6a9d-4db2-a354-45de08471376&awEpisodeId=4ae38153-71b7-45c3-9a80-48c128ce91e0&feed=wjQvYtdl,56229048,25ab7d1a6f1b5439f00635371c22cfa6
MBMBaM 380: Nuthead,2017-11-13,3846,https://claritaspod.com/measure/prfx.byspotify.com/e/pscrb.fm/rss/p/mgln.ai/e/31/afp-9384.calisto.simplecastaudio.com/dbf86dbd-6a9d-4db2-a354-45de08471376/episodes/eb1ca629-4c7a-41b6-a28b-756fefcc246d/audio/128/default.mp3?aid=rss_feed&awCollectionId=dbf86dbd-6a9d-4db2-a354-45de08471376&awEpisodeId=eb1ca629-4c7a-41b6-a28b-756fefcc246d&feed=wjQvYtdl,61864248,530c12b28f689eb0595f09da7f655674
"MBMBaM 381: Face 2 Face: Griffin's Big, Brave Stunt",2017-11-21,4336,https://claritaspod.com/measure/prfx.byspotify.com/e/pscrb.fm/rss/p/mgln.ai/e/31/afp-9384.calisto.simplecastaudio.com/dbf86dbd-6a9d-4db2-a354-45de08471376/episodes/a1d89825-7e66-4d15-965c-ebd3d92f9bfd/audio/128/default.mp3?aid=rss_feed&awCollectionId=dbf86dbd-6a9d-4db2-a354-45de08471376&awEpisodeId=a1d89825-7e66-4d15-965c-ebd3d92f9bfd&feed=wjQvYtdl,69706355,a13f9d8c76ed956fa9eeaffaec6a750b
MBMBaM 382: The Craw Daddy,2017-11-27,3882,https://claritaspod.com/measure/prfx.byspotify.com/e/pscrb.fm/rss/p/mgln.ai/e/31/afp-9384.calisto.simplecastaudio.com/dbf86dbd-6a9d-4db2-a354-45de08471376/episodes/5c032156-31c8-4b99-9625-274011d4fb02/audio/128/default.mp3?aid=rss_feed&awCollectionId=dbf86dbd-6a9d-4db2-a354-45de08471376&awEpisodeId=5c032156-31c8-4b99-9625-274011d4fb02&feed=wjQvYtdl,62441016,fd320d7af8f9a756175a878276e1d7df
MBMBaM 383: Fins Up,2017-12-04,4593,https://claritaspod.com/measure/prfx.byspotify.com/e/pscrb.fm/rss/p/mgln.ai/e/31/afp-9384.calisto.simplecastaudio.com/dbf86dbd-6a9d-4db2-a354-45de08471376/episodes/43cf3cad-bd35-42ef-a002-b0f003274936/audio/128/default.mp3?aid=rss_feed&awCollectionId=dbf86dbd-6a9d-4db2-a354-45de08471376&awEpisodeId=43cf3cad-bd35-42ef-a002-b0f003274936&feed=wjQvYtdl,73811550,8813613b69a9c27eb41d63a58a523a86
MBMBaM 384: Face 2 Face: TORONTO! LISTEN!,2017-12-12,4316,https://claritaspod.com/measure/prfx.byspotify.com/e/pscrb.fm/rss/p/mgln.ai/e/31/afp-9384.calisto.simplecastaudio.com/dbf86dbd-6a9d-4db2-a354-45de08471376/episodes/7c3cc137-8141-42e3-81a4-e18da02704fb/audio/128/default.mp3?aid=rss_feed&awCollectionId=dbf86dbd-6a9d-4db2-a354-45de08471376&awEpisodeId=7c3cc137-8141-42e3-81a4-e18da02704fb&feed=wjQvYtdl,69380664,bad85bf78caa581174212a8938faa234
MBMBaM 385: Horses in the Drift,2017-12-18,4250,https://claritaspod.com/measure/prfx.byspotify.com/e/pscrb.fm/rss/p/mgln.ai/e/31/afp-9384.calisto.simplecastaudio.com/dbf86dbd-6a9d-4db2-a354-45de08471376/episodes/1b149465-2b41-4989-a0bb-a4e4222ed387/audio/128/default.mp3?aid=rss_feed&awCollectionId=dbf86dbd-6a9d-4db2-a354-45de08471376&awEpisodeId=1b149465-2b41-4989-a0bb-a4e4222ed387&feed=wjQvYtdl,68003851,e65318c7fa0ce3bb4d4ea2065f9e29fd
Candlenights 2017,2017-12-26,4175,https://claritaspod.com/measure/prfx.byspotify.com/e/pscrb.fm/rss/p/mgln.ai/e/31/afp-9384.calisto.simplecastaudio.com/dbf86dbd-6a9d-4db2-a354-45de08471376/episodes/5fc327c9-5a50-4d69-a0b5-5e94cdc266ed/audio/128/default.mp3?aid=rss_feed&awCollectionId=dbf86dbd-6a9d-4db2-a354-45de08471376&awEpisodeId=5fc327c9-5a50-4d69-a0b5-5e94cdc266ed&feed=wjQvYtdl,67095404,9801a719c4d28de9cb7316308c333889
MBMBaM 387: TWO THOUSAND AND LATE-TEEN,2018-01-02,4098,https://claritaspod.com/measure/prfx.byspotify.com/e/pscrb.fm/rss/p/mgln.ai/e/31/afp-9384.calisto.simplecastaudio.com/dbf86dbd-6a9d-4db2-a354-45de08471376/episodes/6a968257-31bd-44de-87ad-09b0247e8208/audio/128/default.mp3?aid=rss_feed&awCollectionId=dbf86dbd-6a9d-4db2-a354-45de08471376&awEpisodeId=6a968257-31bd-44de-87ad-09b0247e8208&feed=wjQvYtdl,65900856,d0de625f44e6caed06f503adf12afd3a
MBMBaM 388: Face 2 Face: The Mystery of the Seven Parrots,2018-01-10,4277,https://claritaspod.com/measure/prfx.byspotify.com/e/pscrb.fm/rss/p/mgln.ai/e/31/afp-9384.calisto.simplecastaudio.com/dbf86dbd-6a9d-4db2-a354-45de08471376/episodes/b4fb30c3-6605-4d54-b4ee-ba1788c928db/audio/128/default.mp3?aid=rss_feed&awCollectionId=dbf86dbd-6a9d-4db2-a354-45de08471376&awEpisodeId=b4fb30c3-6605-4d54-b4ee-ba1788c928db&feed=wjQvYtdl,68754244,1a46e02e69f7e384d76d0b427f3d2b38
MBMBaM 389: Horsebonology,2018-01-16,3240,https://claritaspod.com/measure/prfx.byspotify.com/e/pscrb.fm/rss/p/mgln.ai/e/31/afp-9384.calisto.simplecastaudio.com/dbf86dbd-6a9d-4db2-a354-45de08471376/episodes/313c60c9-1746-4bea-a6f0-3015e4f21072/audio/128/default.mp3?aid=rss_feed&awCollectionId=dbf86dbd-6a9d-4db2-a354-45de08471376&awEpisodeId=313c60c9-1746-4bea-a6f0-3015e4f21072&feed=wjQvYtdl,52164024,1615de3889339eec80b43794d78b66b6
MBMBaM 390: Singing to the Bean Box,2018-01-22,3773,https://claritaspod.com/measure/prfx.byspotify.com/e/pscrb.fm/rss/p/mgln.ai/e/31/afp-9384.calisto.simplecastaudio.com/dbf86dbd-6a9d-4db2-a354-45de08471376/episodes/f019dfe9-cda8-4c8f-8941-31b79fe6c3fc/audio/128/default.mp3?aid=rss_feed&awCollectionId=dbf86dbd-6a9d-4db2-a354-45de08471376&awEpisodeId=f019dfe9-cda8-4c8f-8941-31b79fe6c3fc&feed=wjQvYtdl,60692280,6c13f8f8e0c8750a6407fbd80e74df20
MBMBaM 391: Jeff Wolfworthy,2018-01-29,3713,https://claritaspod.com/measure/prfx.byspotify.com/e/pscrb.fm/rss/p/mgln.ai/e/31/afp-9384.calisto.simplecastaudio.com/dbf86dbd-6a9d-4db2-a354-45de08471376/episodes/297b782e-232f-4a0c-b7ba-12e5f424da87/audio/128/default.mp3?aid=rss_feed&awCollectionId=dbf86dbd-6a9d-4db2-a354-45de08471376&awEpisodeId=297b782e-232f-4a0c-b7ba-12e5f424da87&feed=wjQvYtdl,59736888,83ec7fbc80f5c83fb37c66f32d0dc452
MBMBaM: The TV Show: The Commentary Track: The Second Episode,2018-01-29,2218,https://claritaspod.com/measure/prfx.byspotify.com/e/pscrb.fm/rss/p/mgln.ai/e/31/afp-9384.calisto.simplecastaudio.com/dbf86dbd-6a9d-4db2-a354-45de08471376/episodes/2df19203-8138-4145-bb8c-c42e30e4e6e8/audio/128/default.mp3?aid=rss_feed&awCollectionId=dbf86dbd-6a9d-4db2-a354-45de08471376&awEpisodeId=2df19203-8138-4145-bb8c-c42e30e4e6e8&feed=wjQvYtdl,35903996,f512e326ed1ba116281f914a6c9d46b7
MBMBaM 392: Big Game Tony Sunday,2018-02-05,4067,https://claritaspod.com/measure/prfx.byspotify.com/e/pscrb.fm/rss/p/mgln.ai/e/31/afp-9384.calisto.simplecastaudio.com/dbf86dbd-6a9d-4db2-a354-45de08471376/episodes/3127418c-8b2b-419a-8693-25a9d31d1bef/audio/128/default.mp3?aid=rss_feed&awCollectionId=dbf86dbd-6a9d-4db2-a354-45de08471376&awEpisodeId=3127418c-8b2b-419a-8693-25a9d31d1bef&feed=wjQvYtdl,65398031,ab236ef38fd8497e392a28168f63a094
MBMBaM 393: Bungrob Squareman,2018-02-12,3369,https://claritaspod.com/measure/prfx.byspotify.com/e/pscrb.fm/rss/p/mgln.ai/e/31/afp-9384.calisto.simplecastaudio.com/dbf86dbd-6a9d-4db2-a354-45de08471376/episodes/2af7cdd6-292a-4bff-9a80-d557a139e96c/audio/128/default.mp3?aid=rss_feed&awCollectionId=dbf86dbd-6a9d-4db2-a354-45de08471376&awEpisodeId=2af7cdd6-292a-4bff-9a80-d557a139e96c&feed=wjQvYtdl,54226488,76eb9b97cbb1d72577e86faef6bd7e76
MBMBaM 394: Face 2 Face: I Fritos Hard,2018-02-19,4526,https://claritaspod.com/measure/prfx.byspotify.com/e/pscrb.fm/rss/p/mgln.ai/e/31/afp-9384.calisto.simplecastaudio.com/dbf86dbd-6a9d-4db2-a354-45de08471376/episodes/35f1fb5c-6c77-4d44-a2ce-098981f5205a/audio/128/default.mp3?aid=rss_feed&awCollectionId=dbf86dbd-6a9d-4db2-a354-45de08471376&awEpisodeId=35f1fb5c-6c77-4d44-a2ce-098981f5205a&feed=wjQvYtdl,72752441,47cfbf3a54ffb53b7d2ac420451a95dd
MBMBaM 395: Diagnosis: Onions,2018-02-27,3364,https://claritaspod.com/measure/prfx.byspotify.com/e/pscrb.fm/rss/p/mgln.ai/e/31/afp-9384.calisto.simplecastaudio.com/dbf86dbd-6a9d-4db2-a354-45de08471376/episodes/3dd57076-afa2-4e19-9063-34f9cf910f39/audio/128/default.mp3?aid=rss_feed&awCollectionId=dbf86dbd-6a9d-4db2-a354-45de08471376&awEpisodeId=3dd57076-afa2-4e19-9063-34f9cf910f39&feed=wjQvYtdl,54158691,ae865ced9719d66f554967fabb49075c
MBMBaM 396: Independence Jumanji 3,2018-03-05,3412,https://claritaspod.com/measure/prfx.byspotify.com/e/pscrb.fm/rss/p/mgln.ai/e/31/afp-9384.calisto.simplecastaudio.com/dbf86dbd-6a9d-4db2-a354-45de08471376/episodes/dcddadc1-9190-493b-bc0d-2066abe7e527/audio/128/default.mp3?aid=rss_feed&awCollectionId=dbf86dbd-6a9d-4db2-a354-45de08471376&awEpisodeId=dcddadc1-9190-493b-bc0d-2066abe7e527&feed=wjQvYtdl,54917688,fb74306b93edd4c450b3296b04914ce9
MBMBaM 397: Burnt Reynolds,2018-03-12,3799,https://claritaspod.com/measure/prfx.byspotify.com/e/pscrb.fm/rss/p/mgln.ai/e/31/afp-9384.calisto.simplecastaudio.com/dbf86dbd-6a9d-4db2-a354-45de08471376/episodes/01f08e1b-e710-41dc-b18d-0a300c3e7c17/audio/128/default.mp3?aid=rss_feed&awCollectionId=dbf86dbd-6a9d-4db2-a354-45de08471376&awEpisodeId=01f08e1b-e710-41dc-b18d-0a300c3e7c17&feed=wjQvYtdl,61109304,837cb4db6bb1db24762cb56d9dad169b
MBMBaM 398: Rest in Reese's Pieces,2018-03-19,3545,https://claritaspod.com/measure/prfx.byspotify.com/e/pscrb.fm/rss/p/mgln.ai/e/31/afp-9384.calisto.simplecastaudio.com/dbf86dbd-6a9d-4db2-a354-45de08471376/episodes/b01644a2-02fb-4072-b623-64fb55c5f21f/audio/128/default.mp3?aid=rss_feed&awCollectionId=dbf86dbd-6a9d-4db2-a354-45de08471376&awEpisodeId=b01644a2-02fb-4072-b623-64fb55c5f21f&feed=wjQvYtdl,57046584,29fe944ab12b3f016af977319cd340b6
MBMBaM 399: Stink Bar,2018-03-26,3805,https://claritaspod.com/measure/prfx.byspotify.com/e/pscrb.fm/rss/p/mgln.ai/e/31/afp-9384.calisto.simplecastaudio.com/dbf86dbd-6a9d-4db2-a354-45de08471376/episodes/ce595e5a-7a54-4588-92f1-7ae559c92c58/audio/128/default.mp3?aid=rss_feed&awCollectionId=dbf86dbd-6a9d-4db2-a354-45de08471376&awEpisodeId=ce595e5a-7a54-4588-92f1-7ae559c92c58&feed=wjQvYtdl,61205304,27cf9257904b74e949e2fe434cf30900
MBMBaM 400: The Escape to Margaritaville Red Carpet Extravaganza,2018-04-02,5128,https://claritaspod.com/measure/prfx.byspotify.com/e/pscrb.fm/rss/p/mgln.ai/e/31/afp-9384.calisto.simplecastaudio.com/dbf86dbd-6a9d-4db2-a354-45de08471376/episodes/2348ab7e-3ee8-4735-8a41-10455d0aa4c4/audio/128/default.mp3?aid=rss_feed&awCollectionId=dbf86dbd-6a9d-4db2-a354-45de08471376&awEpisodeId=2348ab7e-3ee8-4735-8a41-10455d0aa4c4&feed=wjQvYtdl,82380131,6049685e48bca7088af3685d91dc40ce
MBMBaM 401: Max Cooljazz,2018-04-09,4102,https://claritaspod.com/measure/prfx.byspotify.com/e/pscrb.fm/rss/p/mgln.ai/e/31/afp-9384.calisto.simplecastaudio.com/dbf86dbd-6a9d-4db2-a354-45de08471376/episodes/968729c5-04a7-48d4-a1c8-0a2f6e662efa/audio/128/default.mp3?aid=rss_feed&awCollectionId=dbf86dbd-6a9d-4db2-a354-45de08471376&awEpisodeId=968729c5-04a7-48d4-a1c8-0a2f6e662efa&feed=wjQvYtdl,65969208,da7b1023409dfe99450789bbf40b2bd4
MBMBaM 402: Face 2 Face: That Good Hot Dog Syrup,2018-04-17,4526,https://claritaspod.com/measure/prfx.byspotify.com/e/pscrb.fm/rss/p/mgln.ai/e/31/afp-9384.calisto.simplecastaudio.com/dbf86dbd-6a9d-4db2-a354-45de08471376/episodes/c7e126de-6a56-4b5b-afd8-9c5b35a6224f/audio/128/default.mp3?aid=rss_feed&awCollectionId=dbf86dbd-6a9d-4db2-a354-45de08471376&awEpisodeId=c7e126de-6a56-4b5b-afd8-9c5b35a6224f&feed=wjQvYtdl,72737813,edf090aeb986d9bdca05007854b4c0c7
MBMBaM 403: Hot Dog Wine,2018-04-23,3861,https://claritaspod.com/measure/prfx.byspotify.com/e/pscrb.fm/rss/p/mgln.ai/e/31/afp-9384.calisto.simplecastaudio.com/dbf86dbd-6a9d-4db2-a354-45de08471376/episodes/48d20d46-935d-4271-998b-7b2628bfa5d2/audio/128/default.mp3?aid=rss_feed&awCollectionId=dbf86dbd-6a9d-4db2-a354-45de08471376&awEpisodeId=48d20d46-935d-4271-998b-7b2628bfa5d2&feed=wjQvYtdl,62106168,e25a2d82703515f2f32b5891de47ce42
MBMBaM 404: Michelangelo's Special Week,2018-04-30,3782,https://claritaspod.com/measure/prfx.byspotify.com/e/pscrb.fm/rss/p/mgln.ai/e/31/afp-9384.calisto.simplecastaudio.com/dbf86dbd-6a9d-4db2-a354-45de08471376/episodes/e9fd9b41-5d10-4e91-ad7f-e498bc26d6bc/audio/128/default.mp3?aid=rss_feed&awCollectionId=dbf86dbd-6a9d-4db2-a354-45de08471376&awEpisodeId=e9fd9b41-5d10-4e91-ad7f-e498bc26d6bc&feed=wjQvYtdl,60840120,b2127f4d27ecccd2cb45da2320f10cae
"MBMBaM 405: Gumpy, Hey!",2018-05-07,3406,https://claritaspod.com/measure/prfx.byspotify.com/e/pscrb.fm/rss/p/mgln.ai/e/31/afp-9384.calisto.simplecastaudio.com/dbf86dbd-6a9d-4db2-a354-45de08471376/episodes/2304be89-d3bc-40e7-b78f-66b2eefa7db4/audio/128/default.mp3?aid=rss_feed&awCollectionId=dbf86dbd-6a9d-4db2-a354-45de08471376&awEpisodeId=2304be89-d3bc-40e7-b78f-66b2eefa7db4&feed=wjQvYtdl,54830520,0acf79be0b9e4c1f9a427db728987737
"MBMBaM 406: Face 2 Face: Sweet Dreams, Timothy",2018-05-15,4597,https://claritaspod.com/measure/prfx.byspotify.com/e/pscrb.fm/rss/p/mgln.ai/e/31/afp-9384.calisto.simplecastaudio.com/dbf86dbd-6a9d-4db2-a354-45de08471376/episodes/adb19768-0d85-489b-9bd4-0aaef7be4df8/audio/128/default.mp3?aid=rss_feed&awCollectionId=dbf86dbd-6a9d-4db2-a354-45de08471376&awEpisodeId=adb19768-0d85-489b-9bd4-0aaef7be4df8&feed=wjQvYtdl,73875080,2cd339ca8668f6899697e08640b3286e
MBMBaM 407 : Morton Shart's Joke School,2018-05-21,3533,https://claritaspod.com/measure/prfx.byspotify.com/e/pscrb.fm/rss/p/mgln.ai/e/31/afp-9384.calisto.simplecastaudio.com/dbf86dbd-6a9d-4db2-a354-45de08471376/episodes/69b3e9c8-349d-4085-9519-416fdc593290/audio/128/default.mp3?aid=rss_feed&awCollectionId=dbf86dbd-6a9d-4db2-a354-45de08471376&awEpisodeId=69b3e9c8-349d-4085-9519-416fdc593290&feed=wjQvYtdl,56853048,9c25f5abfd6d429e805066daffa56f31
MBMBaM 408: Come and Get It!,2018-05-29,3667,https://claritaspod.com/measure/prfx.byspotify.com/e/pscrb.fm/rss/p/mgln.ai/e/31/afp-9384.calisto.simplecastaudio.com/dbf86dbd-6a9d-4db2-a354-45de08471376/episodes/b77082d3-e8b3-4a59-a3e0-e69b96dd8bef/audio/128/default.mp3?aid=rss_feed&awCollectionId=dbf86dbd-6a9d-4db2-a354-45de08471376&awEpisodeId=b77082d3-e8b3-4a59-a3e0-e69b96dd8bef&feed=wjQvYtdl,59004216,518f45178b44434db5e7c1a32c170441
MBMBaM 409: Limp Bizkit Skank Boy,2018-06-04,3383,https://claritaspod.com/measure/prfx.byspotify.com/e/pscrb.fm/rss/p/mgln.ai/e/31/afp-9384.calisto.simplecastaudio.com/dbf86dbd-6a9d-4db2-a354-45de08471376/episodes/ba471579-19fe-4bdf-8547-e4c849a442a0/audio/128/default.mp3?aid=rss_feed&awCollectionId=dbf86dbd-6a9d-4db2-a354-45de08471376&awEpisodeId=ba471579-19fe-4bdf-8547-e4c849a442a0&feed=wjQvYtdl,54451128,feccf50c252d4f259cbbe09d89c13a96
MBMBaM 410: Game Man,2018-06-11,3386,https://claritaspod.com/measure/prfx.byspotify.com/e/pscrb.fm/rss/p/mgln.ai/e/31/afp-9384.calisto.simplecastaudio.com/dbf86dbd-6a9d-4db2-a354-45de08471376/episodes/f199af0b-2d26-4891-a914-6458041170e2/audio/128/default.mp3?aid=rss_feed&awCollectionId=dbf86dbd-6a9d-4db2-a354-45de08471376&awEpisodeId=f199af0b-2d26-4891-a914-6458041170e2&feed=wjQvYtdl,54497976,e4d4407011b44280b90807a90d5c53f4
MBMBaM 411: Face 2 Face: Bon Voyage!,2018-06-19,4408,https://claritaspod.com/measure/prfx.byspotify.com/e/pscrb.fm/rss/p/mgln.ai/e/31/afp-9384.calisto.simplecastaudio.com/dbf86dbd-6a9d-4db2-a354-45de08471376/episodes/dd0a416e-32a1-4c6f-bab4-9b763663e1ed/audio/128/default.mp3?aid=rss_feed&awCollectionId=dbf86dbd-6a9d-4db2-a354-45de08471376&awEpisodeId=dd0a416e-32a1-4c6f-bab4-9b763663e1ed&feed=wjQvYtdl,70859922,bc59d4f120dc4d2b9e8f1ff7ceaff2ce
MBMBaM 412: Robocup,2018-06-25,3527,https://claritaspod.com/measure/prfx.byspotify.com/e/pscrb.fm/rss/p/mgln.ai/e/31/afp-9384.calisto.simplecastaudio.com/dbf86dbd-6a9d-4db2-a354-45de08471376/episodes/d35b606a-7ef3-4542-a3b6-1b2de66a18e7/audio/128/default.mp3?aid=rss_feed&awCollectionId=dbf86dbd-6a9d-4db2-a354-45de08471376&awEpisodeId=d35b606a-7ef3-4542-a3b6-1b2de66a18e7&feed=wjQvYtdl,56757816,53383cbae6194a03b49c836b131aa2d2
MBMBaM 413: Faster Car,2018-07-02,3516,https://claritaspod.com/measure/prfx.byspotify.com/e/pscrb.fm/rss/p/mgln.ai/e/31/afp-9384.calisto.simplecastaudio.com/dbf86dbd-6a9d-4db2-a354-45de08471376/episodes/acfbc5c9-f249-406d-af49-3d964042667c/audio/128/default.mp3?aid=rss_feed&awCollectionId=dbf86dbd-6a9d-4db2-a354-45de08471376&awEpisodeId=acfbc5c9-f249-406d-af49-3d964042667c&feed=wjQvYtdl,56578872,13add16ce98d4027b22dbf2dbb4f4578
MBMBaM 414: Hogsplash,2018-07-10,4175,https://claritaspod.com/measure/prfx.byspotify.com/e/pscrb.fm/rss/p/mgln.ai/e/31/afp-9384.calisto.simplecastaudio.com/dbf86dbd-6a9d-4db2-a354-45de08471376/episodes/d1bc4580-5476-4cb2-8454-fa1e01db00ff/audio/128/default.mp3?aid=rss_feed&awCollectionId=dbf86dbd-6a9d-4db2-a354-45de08471376&awEpisodeId=d1bc4580-5476-4cb2-8454-fa1e01db00ff&feed=wjQvYtdl,67136568,176d40d2408940498497c82a73517220
MBMBaM 415: My Very Cool Telescope!,2018-07-16,3501,https://claritaspod.com/measure/prfx.byspotify.com/e/pscrb.fm/rss/p/mgln.ai/e/31/afp-9384.calisto.simplecastaudio.com/dbf86dbd-6a9d-4db2-a354-45de08471376/episodes/bbef6085-f215-4faf-9a92-f7dc4c9cf76a/audio/128/default.mp3?aid=rss_feed&awCollectionId=dbf86dbd-6a9d-4db2-a354-45de08471376&awEpisodeId=bbef6085-f215-4faf-9a92-f7dc4c9cf76a&feed=wjQvYtdl,56337720,f67f7c1d699641d2bd9143d8f1e96c70
MBMBaM 416: Face 2 Face: Haunted Doll Cinematic Universe,2018-07-24,4441,https://claritaspod.com/measure/prfx.byspotify.com/e/pscrb.fm/rss/p/mgln.ai/e/31/afp-9384.calisto.simplecastaudio.com/dbf86dbd-6a9d-4db2-a354-45de08471376/episodes/22658fb7-cc45-4835-8c30-4b15316c9a9b/audio/128/default.mp3?aid=rss_feed&awCollectionId=dbf86dbd-6a9d-4db2-a354-45de08471376&awEpisodeId=22658fb7-cc45-4835-8c30-4b15316c9a9b&feed=wjQvYtdl,71385715,e6231c49a4534a099a08bc9f6c3c3bb1
MBMBaM 417: DVDs For The People,2018-07-31,3513,https://claritaspod.com/measure/prfx.byspotify.com/e/pscrb.fm/rss/p/mgln.ai/e/31/afp-9384.calisto.simplecastaudio.com/dbf86dbd-6a9d-4db2-a354-45de08471376/episodes/251f6854-cb09-4c22-8d13-9ab2be8db2f7/audio/128/default.mp3?aid=rss_feed&awCollectionId=dbf86dbd-6a9d-4db2-a354-45de08471376&awEpisodeId=251f6854-cb09-4c22-8d13-9ab2be8db2f7&feed=wjQvYtdl,56545080,3352c9e921c34f62bd308cca6935381d
MBMBaM 418: Trial of the Riddlemancers,2018-08-06,3229,https://claritaspod.com/measure/prfx.byspotify.com/e/pscrb.fm/rss/p/mgln.ai/e/31/afp-9384.calisto.simplecastaudio.com/dbf86dbd-6a9d-4db2-a354-45de08471376/episodes/d48788b5-5eeb-45f1-9628-c66dabdfb4c8/audio/128/default.mp3?aid=rss_feed&awCollectionId=dbf86dbd-6a9d-4db2-a354-45de08471376&awEpisodeId=d48788b5-5eeb-45f1-9628-c66dabdfb4c8&feed=wjQvYtdl,51988920,0a23851b7d324f6899300cf2422da27b
MBMBaM 419: Some Good JPEGs of My Favorite Matrix Characters,2018-08-13,3727,https://claritaspod.com/measure/prfx.byspotify.com/e/pscrb.fm/rss/p/mgln.ai/e/31/afp-9384.calisto.simplecastaudio.com/dbf86dbd-6a9d-4db2-a354-45de08471376/episodes/d0098b2b-ef7d-4f11-abb2-e88b1031991c/audio/128/default.mp3?aid=rss_feed&awCollectionId=dbf86dbd-6a9d-4db2-a354-45de08471376&awEpisodeId=d0098b2b-ef7d-4f11-abb2-e88b1031991c&feed=wjQvYtdl,59961144,6129fe2f90df480ab7dfc6cee96835de
MBMBaM 421: Spoonhog,2018-08-20,3373,https://claritaspod.com/measure/prfx.byspotify.com/e/pscrb.fm/rss/p/mgln.ai/e/31/afp-9384.calisto.simplecastaudio.com/dbf86dbd-6a9d-4db2-a354-45de08471376/episodes/c87e0fdc-5260-4a8a-a5b4-7b8f7736faaf/audio/128/default.mp3?aid=rss_feed&awCollectionId=dbf86dbd-6a9d-4db2-a354-45de08471376&awEpisodeId=c87e0fdc-5260-4a8a-a5b4-7b8f7736faaf&feed=wjQvYtdl,54304440,3ba3619846304a3ba60be8a3ce1166c3
MBMBaM 422: The Very Best Stains,2018-08-27,3501,https://claritaspod.com/measure/prfx.byspotify.com/e/pscrb.fm/rss/p/mgln.ai/e/31/afp-9384.calisto.simplecastaudio.com/dbf86dbd-6a9d-4db2-a354-45de08471376/episodes/747ae87f-1bc3-4f42-865c-75e7541636a4/audio/128/default.mp3?aid=rss_feed&awCollectionId=dbf86dbd-6a9d-4db2-a354-45de08471376&awEpisodeId=747ae87f-1bc3-4f42-865c-75e7541636a4&feed=wjQvYtdl,56351160,50210702d61f4ed5988f73f3dd1e2b41
MBMBaM 423: Face 2 Face: The Bigfoot Whistle,2018-09-04,4139,https://claritaspod.com/measure/prfx.byspotify.com/e/pscrb.fm/rss/p/mgln.ai/e/31/afp-9384.calisto.simplecastaudio.com/dbf86dbd-6a9d-4db2-a354-45de08471376/episodes/107d1153-f0a7-42cf-96c5-288e2797c544/audio/128/default.mp3?aid=rss_feed&awCollectionId=dbf86dbd-6a9d-4db2-a354-45de08471376&awEpisodeId=107d1153-f0a7-42cf-96c5-288e2797c544&feed=wjQvYtdl,66547419,152b3b6bb6f8493190859aac2b311b32
MBMBaM 424: The Fly-Swallow YouTube Challenge,2018-09-10,3581,https://claritaspod.com/measure/prfx.byspotify.com/e/pscrb.fm/rss/p/mgln.ai/e/31/afp-9384.calisto.simplecastaudio.com/dbf86dbd-6a9d-4db2-a354-45de08471376/episodes/3240b548-5f80-4f0e-9143-fb9f11a04230/audio/128/default.mp3?aid=rss_feed&awCollectionId=dbf86dbd-6a9d-4db2-a354-45de08471376&awEpisodeId=3240b548-5f80-4f0e-9143-fb9f11a04230&feed=wjQvYtdl,57619896,8a6f174d4e174caeb1af3965a7ef6762
MBMBaM 425: Bigfoot Meat,2018-09-18,3101,https://claritaspod.com/measure/prfx.byspotify.com/e/pscrb.fm/rss/p/mgln.ai/e/31/afp-9384.calisto.simplecastaudio.com/dbf86dbd-6a9d-4db2-a354-45de08471376/episodes/9d32f787-cbaa-42a2-9357-ac2073f1b161/audio/128/default.mp3?aid=rss_feed&awCollectionId=dbf86dbd-6a9d-4db2-a354-45de08471376&awEpisodeId=9d32f787-cbaa-42a2-9357-ac2073f1b161&feed=wjQvYtdl,51089835,d6b98fe5ae164af3a20cd5c501dd8b93
MBMBaM 426: The Home of Smooth Daddy,2018-09-24,3239,https://claritaspod.com/measure/prfx.byspotify.com/e/pscrb.fm/rss/p/mgln.ai/e/31/afp-9384.calisto.simplecastaudio.com/dbf86dbd-6a9d-4db2-a354-45de08471376/episodes/480e7950-cdd5-4eb6-ada3-e12f27758c46/audio/128/default.mp3?aid=rss_feed&awCollectionId=dbf86dbd-6a9d-4db2-a354-45de08471376&awEpisodeId=480e7950-cdd5-4eb6-ada3-e12f27758c46&feed=wjQvYtdl,53303765,29cdd9fb2b814310a7b115aab4c31715
MBMBaM 427: Face 2 Face: Adult Big Green Reptiles,2018-10-01,4523,https://claritaspod.com/measure/prfx.byspotify.com/e/pscrb.fm/rss/p/mgln.ai/e/31/afp-9384.calisto.simplecastaudio.com/dbf86dbd-6a9d-4db2-a354-45de08471376/episodes/6a3616f7-07f4-4c1f-a558-02969efc0145/audio/128/default.mp3?aid=rss_feed&awCollectionId=dbf86dbd-6a9d-4db2-a354-45de08471376&awEpisodeId=6a3616f7-07f4-4c1f-a558-02969efc0145&feed=wjQvYtdl,73848549,3bea5ad0eff44a248a0b73e53ce61b98
MBMBaM 428: Big Debbie,2018-10-08,3502,https://claritaspod.com/measure/prfx.byspotify.com/e/pscrb.fm/rss/p/mgln.ai/e/31/afp-9384.calisto.simplecastaudio.com/dbf86dbd-6a9d-4db2-a354-45de08471376/episodes/9fd45aed-de42-4453-8950-7d247a33873f/audio/128/default.mp3?aid=rss_feed&awCollectionId=dbf86dbd-6a9d-4db2-a354-45de08471376&awEpisodeId=9fd45aed-de42-4453-8950-7d247a33873f&feed=wjQvYtdl,52501134,e412773f7f844437885b42db82f59bf6
MBMBaM 429: Lactating Las Vegas,2018-10-15,3411,https://claritaspod.com/measure/prfx.byspotify.com/e/pscrb.fm/rss/p/mgln.ai/e/31/afp-9384.calisto.simplecastaudio.com/dbf86dbd-6a9d-4db2-a354-45de08471376/episodes/f23974b8-e865-401b-bc71-6d0c5df4de6f/audio/128/default.mp3?aid=rss_feed&awCollectionId=dbf86dbd-6a9d-4db2-a354-45de08471376&awEpisodeId=f23974b8-e865-401b-bc71-6d0c5df4de6f&feed=wjQvYtdl,51683912,77aa533677b5463a9e617f336e06affa
MBMBaM 430: Scare's Swamp Thing A-boo-t Scary,2018-10-24,3604,https://claritaspod.com/measure/prfx.byspotify.com/e/pscrb.fm/rss/p/mgln.ai/e/31/afp-9384.calisto.simplecastaudio.com/dbf86dbd-6a9d-4db2-a354-45de08471376/episodes/9578e29b-e205-4144-ac48-293f0af705c9/audio/128/default.mp3?aid=rss_feed&awCollectionId=dbf86dbd-6a9d-4db2-a354-45de08471376&awEpisodeId=9578e29b-e205-4144-ac48-293f0af705c9&feed=wjQvYtdl,59140196,3615d3a4c1f24ba2a964cdad0d93f4be
MBMBaM 431: A Very Spooky Burger,2018-10-29,3706,https://claritaspod.com/measure/prfx.byspotify.com/e/pscrb.fm/rss/p/mgln.ai/e/31/afp-9384.calisto.simplecastaudio.com/dbf86dbd-6a9d-4db2-a354-45de08471376/episodes/b9a08e42-a62d-42a9-9574-e9fb1b6e86af/audio/128/default.mp3?aid=rss_feed&awCollectionId=dbf86dbd-6a9d-4db2-a354-45de08471376&awEpisodeId=b9a08e42-a62d-42a9-9574-e9fb1b6e86af&feed=wjQvYtdl,59299424,b5ee4f0529254a28b50312663cc684b2
MBMBaM 432: Hand Dog and Face Cat,2018-11-05,3297,https://claritaspod.com/measure/prfx.byspotify.com/e/pscrb.fm/rss/p/mgln.ai/e/31/afp-9384.calisto.simplecastaudio.com/dbf86dbd-6a9d-4db2-a354-45de08471376/episodes/6d009771-48b6-49b1-b00d-d77d32a84b8e/audio/128/default.mp3?aid=rss_feed&awCollectionId=dbf86dbd-6a9d-4db2-a354-45de08471376&awEpisodeId=6d009771-48b6-49b1-b00d-d77d32a84b8e&feed=wjQvYtdl,54239625,8bf2c551e0b54440a6b6a632c4f42328
"MBMBaM 433: Fred Savage, Piss Warrior",2018-11-12,3303,https://claritaspod.com/measure/prfx.byspotify.com/e/pscrb.fm/rss/p/mgln.ai/e/31/afp-9384.calisto.simplecastaudio.com/dbf86dbd-6a9d-4db2-a354-45de08471376/episodes/903824e6-d5d2-43f4-95d8-90165fb86b96/audio/128/default.mp3?aid=rss_feed&awCollectionId=dbf86dbd-6a9d-4db2-a354-45de08471376&awEpisodeId=903824e6-d5d2-43f4-95d8-90165fb86b96&feed=wjQvYtdl,54336173,7254d508bebd472f987a43e7b68ddd84
MBMBaM 434: The Crimes of Grundlewad,2018-11-19,3260,https://claritaspod.com/measure/prfx.byspotify.com/e/pscrb.fm/rss/p/mgln.ai/e/31/afp-9384.calisto.simplecastaudio.com/dbf86dbd-6a9d-4db2-a354-45de08471376/episodes/23941062-3760-4305-b5b5-38b06f3fd0c4/audio/128/default.mp3?aid=rss_feed&awCollectionId=dbf86dbd-6a9d-4db2-a354-45de08471376&awEpisodeId=23941062-3760-4305-b5b5-38b06f3fd0c4&feed=wjQvYtdl,53646122,763d04c48b984495bdeb13953afa0d48
MBMBaM 435: The Pasta Poem,2018-11-26,3630,https://claritaspod.com/measure/prfx.byspotify.com/e/pscrb.fm/rss/p/mgln.ai/e/31/afp-9384.calisto.simplecastaudio.com/dbf86dbd-6a9d-4db2-a354-45de08471376/episodes/0a5f4ce5-fc96-487a-ab8c-3720b1bc8fc2/audio/128/default.mp3?aid=rss_feed&awCollectionId=dbf86dbd-6a9d-4db2-a354-45de08471376&awEpisodeId=0a5f4ce5-fc96-487a-ab8c-3720b1bc8fc2&feed=wjQvYtdl,59560245,8ce1abf02ee64becb86b87f5eb5ce901
MBMBaM 436: Face 2 Face: I Had Charcuterie Today!,2018-12-03,4571,https://claritaspod.com/measure/prfx.byspotify.com/e/pscrb.fm/rss/p/mgln.ai/e/31/afp-9384.calisto.simplecastaudio.com/dbf86dbd-6a9d-4db2-a354-45de08471376/episodes/f5697b19-4c96-4c49-885e-e47707c1a239/audio/128/default.mp3?aid=rss_feed&awCollectionId=dbf86dbd-6a9d-4db2-a354-45de08471376&awEpisodeId=f5697b19-4c96-4c49-885e-e47707c1a239&feed=wjQvYtdl,74615553,8a7e1b5db24846879a9b49ee21fed8d8
MBMBaM 437: A Silent Chug,2018-12-10,3839,https://claritaspod.com/measure/prfx.byspotify.com/e/pscrb.fm/rss/p/mgln.ai/e/31/afp-9384.calisto.simplecastaudio.com/dbf86dbd-6a9d-4db2-a354-45de08471376/episodes/72fbe2ff-f57e-4089-ae54-944936fc3f07/audio/128/default.mp3?aid=rss_feed&awCollectionId=dbf86dbd-6a9d-4db2-a354-45de08471376&awEpisodeId=72fbe2ff-f57e-4089-ae54-944936fc3f07&feed=wjQvYtdl,62899739,f997779e8fc74a6180b42dd465b2d8fe
MBMBaM 438: Face 2 Face: The Ham Up There,2018-12-17,4818,https://claritaspod.com/measure/prfx.byspotify.com/e/pscrb.fm/rss/p/mgln.ai/e/31/afp-9384.calisto.simplecastaudio.com/dbf86dbd-6a9d-4db2-a354-45de08471376/episodes/82b83a3c-0df3-4a3c-8d3f-1588a3ecae70/audio/128/default.mp3?aid=rss_feed&awCollectionId=dbf86dbd-6a9d-4db2-a354-45de08471376&awEpisodeId=82b83a3c-0df3-4a3c-8d3f-1588a3ecae70&feed=wjQvYtdl,78570700,62a7c4610b88429d9f18d3db34e72d7c
MBMBaM 439: Face 2 Face: Candlenights 2018,2018-12-27,3991,https://claritaspod.com/measure/prfx.byspotify.com/e/pscrb.fm/rss/p/mgln.ai/e/31/afp-9384.calisto.simplecastaudio.com/dbf86dbd-6a9d-4db2-a354-45de08471376/episodes/597dabad-9f5d-45f0-b63f-3185d8cd8b3d/audio/128/default.mp3?aid=rss_feed&awCollectionId=dbf86dbd-6a9d-4db2-a354-45de08471376&awEpisodeId=597dabad-9f5d-45f0-b63f-3185d8cd8b3d&feed=wjQvYtdl,65336441,1e12df449f01457eb78c6cc631a325df
MBMBaM 440: The Naming of 2019,2018-12-31,3544,https://claritaspod.com/measure/prfx.byspotify.com/e/pscrb.fm/rss/p/mgln.ai/e/31/afp-9384.calisto.simplecastaudio.com/dbf86dbd-6a9d-4db2-a354-45de08471376/episodes/64f53c4b-81f9-483b-bc64-7576385beae8/audio/128/default.mp3?aid=rss_feed&awCollectionId=dbf86dbd-6a9d-4db2-a354-45de08471376&awEpisodeId=64f53c4b-81f9-483b-bc64-7576385beae8&feed=wjQvYtdl,58184323,3f2e468b00794f468af9daaed6620546
MBMBaM 441: In a New York Whoopsie,2019-01-07,3737,https://claritaspod.com/measure/prfx.byspotify.com/e/pscrb.fm/rss/p/mgln.ai/e/31/afp-9384.calisto.simplecastaudio.com/dbf86dbd-6a9d-4db2-a354-45de08471376/episodes/a4791f96-a83a-4752-85d3-46ee60fd400c/audio/128/default.mp3?aid=rss_feed&awCollectionId=dbf86dbd-6a9d-4db2-a354-45de08471376&awEpisodeId=a4791f96-a83a-4752-85d3-46ee60fd400c&feed=wjQvYtdl,61276803,ccec55f703d94d65b424202ecb65c7f9
MBMBaM 442: Justin’s Special Shower Sauce,2019-01-14,3838,https://claritaspod.com/measure/prfx.byspotify.com/e/pscrb.fm/rss/p/mgln.ai/e/31/afp-9384.calisto.simplecastaudio.com/dbf86dbd-6a9d-4db2-a354-45de08471376/episodes/dd591303-9697-45d3-bc61-185b4992cf12/audio/128/default.mp3?aid=rss_feed&awCollectionId=dbf86dbd-6a9d-4db2-a354-45de08471376&awEpisodeId=dd591303-9697-45d3-bc61-185b4992cf12&feed=wjQvYtdl,62893469,34126c981dbb44ffada5052978ac5faf
MBMBaM 443: Face 2 Face: Apple Time!,2019-01-22,3668,https://claritaspod.com/measure/prfx.byspotify.com/e/pscrb.fm/rss/p/mgln.ai/e/31/afp-9384.calisto.simplecastaudio.com/dbf86dbd-6a9d-4db2-a354-45de08471376/episodes/4ef5dc9c-bd49-4d24-bed8-a504ffc1df13/audio/128/default.mp3?aid=rss_feed&awCollectionId=dbf86dbd-6a9d-4db2-a354-45de08471376&awEpisodeId=4ef5dc9c-bd49-4d24-bed8-a504ffc1df13&feed=wjQvYtdl,60165032,e82fbc60b8ec46f284eba0818ab70217
MBMBaM 444: The 100 Wishes of the Pandemonium Cube,2019-01-28,3342,https://claritaspod.com/measure/prfx.byspotify.com/e/pscrb.fm/rss/p/mgln.ai/e/31/afp-9384.calisto.simplecastaudio.com/dbf86dbd-6a9d-4db2-a354-45de08471376/episodes/d54e92f9-408e-438a-bbe2-7a2bcc972d7d/audio/128/default.mp3?aid=rss_feed&awCollectionId=dbf86dbd-6a9d-4db2-a354-45de08471376&awEpisodeId=d54e92f9-408e-438a-bbe2-7a2bcc972d7d&feed=wjQvYtdl,54948901,8ab93801c7c84582a7d7e06cded31819
MBMBaM 445: Pizzalicious Turbo-Moths,2019-02-04,3447,https://claritaspod.com/measure/prfx.byspotify.com/e/pscrb.fm/rss/p/mgln.ai/e/31/afp-9384.calisto.simplecastaudio.com/dbf86dbd-6a9d-4db2-a354-45de08471376/episodes/07710679-3a6e-4ed4-8e8c-238cb8075858/audio/128/default.mp3?aid=rss_feed&awCollectionId=dbf86dbd-6a9d-4db2-a354-45de08471376&awEpisodeId=07710679-3a6e-4ed4-8e8c-238cb8075858&feed=wjQvYtdl,56634531,ef9170ef189b42df927311236944da54
MBMBaM 446: Face 2 Face: The Cupture,2019-02-12,3760,https://claritaspod.com/measure/prfx.byspotify.com/e/pscrb.fm/rss/p/mgln.ai/e/31/afp-9384.calisto.simplecastaudio.com/dbf86dbd-6a9d-4db2-a354-45de08471376/episodes/feb7fbc7-d06c-47ac-841d-04f16c8e5a44/audio/128/default.mp3?aid=rss_feed&awCollectionId=dbf86dbd-6a9d-4db2-a354-45de08471376&awEpisodeId=feb7fbc7-d06c-47ac-841d-04f16c8e5a44&feed=wjQvYtdl,61647115,9a7af39e58a1420bb6987609d4c77bae
MBMBaM 447: Valentine’s Escape Room,2019-02-18,3450,https://claritaspod.com/measure/prfx.byspotify.com/e/pscrb.fm/rss/p/mgln.ai/e/31/afp-9384.calisto.simplecastaudio.com/dbf86dbd-6a9d-4db2-a354-45de08471376/episodes/8c4842d0-cfeb-4371-81ea-446802711e3e/audio/128/default.mp3?aid=rss_feed&awCollectionId=dbf86dbd-6a9d-4db2-a354-45de08471376&awEpisodeId=8c4842d0-cfeb-4371-81ea-446802711e3e&feed=wjQvYtdl,56688447,52b014e04c2946fe9f7d7e00f4161a75
MBMBaM 448: Bird Words,2019-02-25,3712,https://claritaspod.com/measure/prfx.byspotify.com/e/pscrb.fm/rss/p/mgln.ai/e/31/afp-9384.calisto.simplecastaudio.com/dbf86dbd-6a9d-4db2-a354-45de08471376/episodes/4299c6c0-5038-4cb7-9c6e-834697c7d4d1/audio/128/default.mp3?aid=rss_feed&awCollectionId=dbf86dbd-6a9d-4db2-a354-45de08471376&awEpisodeId=4299c6c0-5038-4cb7-9c6e-834697c7d4d1&feed=wjQvYtdl,60873473,80eeab828945433a98295791e5839a39
MBMBaM 449: The Cable Pie,2019-03-04,3481,https://claritaspod.com/measure/prfx.byspotify.com/e/pscrb.fm/rss/p/mgln.ai/e/31/afp-9384.calisto.simplecastaudio.com/dbf86dbd-6a9d-4db2-a354-45de08471376/episodes/8a87a58c-363f-45e3-a970-a16afdd0ca3e/audio/128/default.mp3?aid=rss_feed&awCollectionId=dbf86dbd-6a9d-4db2-a354-45de08471376&awEpisodeId=8a87a58c-363f-45e3-a970-a16afdd0ca3e&feed=wjQvYtdl,57184147,1c1c3685f94145d1a4be959d0b784924
MBMBaM 450: Face 2 Face: The Emoji Contract,2019-03-11,4298,https://claritaspod.com/measure/prfx.byspotify.com/e/pscrb.fm/rss/p/mgln.ai/e/31/afp-9384.calisto.simplecastaudio.com/dbf86dbd-6a9d-4db2-a354-45de08471376/episodes/b2e11320-feab-430e-9cdf-3f8bcf43c0ca/audio/128/default.mp3?aid=rss_feed&awCollectionId=dbf86dbd-6a9d-4db2-a354-45de08471376&awEpisodeId=b2e11320-feab-430e-9cdf-3f8bcf43c0ca&feed=wjQvYtdl,70241610,885d123d01164fcc853a4bb8f5f1decf
MBMBaM 451: Spider-Man’s Magic Potion,2019-03-18,3624,https://claritaspod.com/measure/prfx.byspotify.com/e/pscrb.fm/rss/p/mgln.ai/e/31/afp-9384.calisto.simplecastaudio.com/dbf86dbd-6a9d-4db2-a354-45de08471376/episodes/3c71c5ee-3204-4ee9-ad3c-7ddde1907517/audio/128/default.mp3?aid=rss_feed&awCollectionId=dbf86dbd-6a9d-4db2-a354-45de08471376&awEpisodeId=3c71c5ee-3204-4ee9-ad3c-7ddde1907517&feed=wjQvYtdl,59461607,50ad32aca99f481297d9566b0f2650f3
MBMBaM 452: The Cornbread Heist of the Century,2019-03-25,3763,https://claritaspod.com/measure/prfx.byspotify.com/e/pscrb.fm/rss/p/mgln.ai/e/31/afp-9384.calisto.simplecastaudio.com/dbf86dbd-6a9d-4db2-a354-45de08471376/episodes/3a8d3570-62e4-44a5-971f-f3925b595023/audio/128/default.mp3?aid=rss_feed&awCollectionId=dbf86dbd-6a9d-4db2-a354-45de08471376&awEpisodeId=3a8d3570-62e4-44a5-971f-f3925b595023&feed=wjQvYtdl,61694762,eae8599447f541c5bede81dc5e95f8c5
MBMBaM 453: The Grotto of Gains,2019-04-01,3806,https://claritaspod.com/measure/prfx.byspotify.com/e/pscrb.fm/rss/p/mgln.ai/e/31/afp-9384.calisto.simplecastaudio.com/dbf86dbd-6a9d-4db2-a354-45de08471376/episodes/f10116c9-6b91-4a4b-be36-26f25c8fa0bd/audio/128/default.mp3?aid=rss_feed&awCollectionId=dbf86dbd-6a9d-4db2-a354-45de08471376&awEpisodeId=f10116c9-6b91-4a4b-be36-26f25c8fa0bd&feed=wjQvYtdl,62374364,49f0236c487c4f7bb54810b5eb31ba7d
MBMBaM 454: Face 2 Face: April Foods’ Day,2019-04-08,4529,https://claritaspod.com/measure/prfx.byspotify.com/e/pscrb.fm/rss/p/mgln.ai/e/31/afp-9384.calisto.simplecastaudio.com/dbf86dbd-6a9d-4db2-a354-45de08471376/episodes/3a2900bd-8ea3-43b9-9be6-2dc56589f988/audio/128/default.mp3?aid=rss_feed&awCollectionId=dbf86dbd-6a9d-4db2-a354-45de08471376&awEpisodeId=3a2900bd-8ea3-43b9-9be6-2dc56589f988&feed=wjQvYtdl,73937623,834b4ce886e44dbbb0f017f52bd3be3b
MBMBaM 455: Fear Sponging Material,2019-04-15,3184,https://claritaspod.com/measure/prfx.byspotify.com/e/pscrb.fm/rss/p/mgln.ai/e/31/afp-9384.calisto.simplecastaudio.com/dbf86dbd-6a9d-4db2-a354-45de08471376/episodes/ee023a9c-5318-4834-8fdd-5de4b850c51f/audio/128/default.mp3?aid=rss_feed&awCollectionId=dbf86dbd-6a9d-4db2-a354-45de08471376&awEpisodeId=ee023a9c-5318-4834-8fdd-5de4b850c51f&feed=wjQvYtdl,52426100,695124d8e4b84f2690494a81f393f90c
MBMBaM 456: Good Happy Taste!!!,2019-04-22,3544,https://claritaspod.com/measure/prfx.byspotify.com/e/pscrb.fm/rss/p/mgln.ai/e/31/afp-9384.calisto.simplecastaudio.com/dbf86dbd-6a9d-4db2-a354-45de08471376/episodes/0d9ae1d4-571f-4926-a5bb-b8a4b34b4e7d/audio/128/default.mp3?aid=rss_feed&awCollectionId=dbf86dbd-6a9d-4db2-a354-45de08471376&awEpisodeId=0d9ae1d4-571f-4926-a5bb-b8a4b34b4e7d&feed=wjQvYtdl,58179308,deb55714856e48a0854c39d2e0db2ac2
"MBMBaM 457: Wake Up and Smell The Future, It’s Time For Beanjuice",2019-04-29,3354,https://claritaspod.com/measure/prfx.byspotify.com/e/pscrb.fm/rss/p/mgln.ai/e/31/afp-9384.calisto.simplecastaudio.com/dbf86dbd-6a9d-4db2-a354-45de08471376/episodes/637e2159-69e0-487b-a763-67ca7b343ec0/audio/128/default.mp3?aid=rss_feed&awCollectionId=dbf86dbd-6a9d-4db2-a354-45de08471376&awEpisodeId=637e2159-69e0-487b-a763-67ca7b343ec0&feed=wjQvYtdl,55143252,9869483e11e0407c9106325bc7b17f14
MBMBaM 458: Race Island: A Horse Show,2019-05-06,3661,https://claritaspod.com/measure/prfx.byspotify.com/e/pscrb.fm/rss/p/mgln.ai/e/31/afp-9384.calisto.simplecastaudio.com/dbf86dbd-6a9d-4db2-a354-45de08471376/episodes/a029397d-7637-4e32-b01d-a4e241781fe1/audio/128/default.mp3?aid=rss_feed&awCollectionId=dbf86dbd-6a9d-4db2-a354-45de08471376&awEpisodeId=a029397d-7637-4e32-b01d-a4e241781fe1&feed=wjQvYtdl,60060124,66ed2f4cb8054ca4a28c9de824f41db2
"MBMBaM 459: Face 2 Face: You Know, Like Eggs?",2019-05-13,4259,https://claritaspod.com/measure/prfx.byspotify.com/e/pscrb.fm/rss/p/mgln.ai/e/31/afp-9384.calisto.simplecastaudio.com/dbf86dbd-6a9d-4db2-a354-45de08471376/episodes/03d35b2f-9bb4-4f1e-bf73-97d1ba32440b/audio/128/default.mp3?aid=rss_feed&awCollectionId=dbf86dbd-6a9d-4db2-a354-45de08471376&awEpisodeId=03d35b2f-9bb4-4f1e-bf73-97d1ba32440b&feed=wjQvYtdl,69628882,4493b6d062bb405e8c7cf70c1a9e357c
MBMBaM 460: Dr. Praetorium’s Fudge-a-matorium,2019-05-21,3273,https://claritaspod.com/measure/prfx.byspotify.com/e/pscrb.fm/rss/p/mgln.ai/e/31/afp-9384.calisto.simplecastaudio.com/dbf86dbd-6a9d-4db2-a354-45de08471376/episodes/676fb91c-93c2-42fe-89d8-f7074395c117/audio/128/default.mp3?aid=rss_feed&awCollectionId=dbf86dbd-6a9d-4db2-a354-45de08471376&awEpisodeId=676fb91c-93c2-42fe-89d8-f7074395c117&feed=wjQvYtdl,53851340,fa3b6fa5e15a4e2ab83ee4927289b855
MBMBaM 461: All Rise!,2019-05-28,3477,https://claritaspod.com/measure/prfx.byspotify.com/e/pscrb.fm/rss/p/mgln.ai/e/31/afp-9384.calisto.simplecastaudio.com/dbf86dbd-6a9d-4db2-a354-45de08471376/episodes/0a1542ae-b8ea-48be-83f7-d1d1d4c61112/audio/128/default.mp3?aid=rss_feed&awCollectionId=dbf86dbd-6a9d-4db2-a354-45de08471376&awEpisodeId=0a1542ae-b8ea-48be-83f7-d1d1d4c61112&feed=wjQvYtdl,57107660,c8f15dfda6f143d19f8487c5bf2d584a
MBMBaM 462: The Pork Doctor,2019-06-03,3693,https://claritaspod.com/measure/prfx.byspotify.com/e/pscrb.fm/rss/p/mgln.ai/e/31/afp-9384.calisto.simplecastaudio.com/dbf86dbd-6a9d-4db2-a354-45de08471376/episodes/4789f417-b937-40d0-bedf-4c1d2e8baa69/audio/128/default.mp3?aid=rss_feed&awCollectionId=dbf86dbd-6a9d-4db2-a354-45de08471376&awEpisodeId=4789f417-b937-40d0-bedf-4c1d2e8baa69&feed=wjQvYtdl,60573378,7fd352c508654fdaba7c77acd8737c3d
MBMBaM 463: Stranger Creams,2019-06-10,3494,https://claritaspod.com/measure/prfx.byspotify.com/e/pscrb.fm/rss/p/mgln.ai/e/31/afp-9384.calisto.simplecastaudio.com/dbf86dbd-6a9d-4db2-a354-45de08471376/episodes/2c368dd5-d9d8-453d-b4d9-29894bc2c096/audio/128/default.mp3?aid=rss_feed&awCollectionId=dbf86dbd-6a9d-4db2-a354-45de08471376&awEpisodeId=2c368dd5-d9d8-453d-b4d9-29894bc2c096&feed=wjQvYtdl,57378916,f5132e42d30247bc8c686dc4bf234c07
MBMBaM 464: Face 2 Face: Peace with the Ground-Children,2019-06-18,4122,https://claritaspod.com/measure/prfx.byspotify.com/e/pscrb.fm/rss/p/mgln.ai/e/31/afp-9384.calisto.simplecastaudio.com/dbf86dbd-6a9d-4db2-a354-45de08471376/episodes/e6b8ea8c-a0f2-433f-8ffe-639ee44d8282/audio/128/default.mp3?aid=rss_feed&awCollectionId=dbf86dbd-6a9d-4db2-a354-45de08471376&awEpisodeId=e6b8ea8c-a0f2-433f-8ffe-639ee44d8282&feed=wjQvYtdl,67424983,3489dfc469cf48d3bbaecfb328cb8a38
MBMBaM 465: It’s Definitely Chodezilla,2019-06-24,3564,https://claritaspod.com/measure/prfx.byspotify.com/e/pscrb.fm/rss/p/mgln.ai/e/31/afp-9384.calisto.simplecastaudio.com/dbf86dbd-6a9d-4db2-a354-45de08471376/episodes/b2b93abc-33b8-4e8c-9820-1e41b7cb2f88/audio/128/default.mp3?aid=rss_feed&awCollectionId=dbf86dbd-6a9d-4db2-a354-45de08471376&awEpisodeId=b2b93abc-33b8-4e8c-9820-1e41b7cb2f88&feed=wjQvYtdl,58509913,bfb49352eba1463fbdebbdd5fc32ce6b
MBMBaM 466: Food Train,2019-07-01,3721,https://claritaspod.com/measure/prfx.byspotify.com/e/pscrb.fm/rss/p/mgln.ai/e/31/afp-9384.calisto.simplecastaudio.com/dbf86dbd-6a9d-4db2-a354-45de08471376/episodes/feafd356-bfe8-462e-a511-ddeab35e2249/audio/128/default.mp3?aid=rss_feed&awCollectionId=dbf86dbd-6a9d-4db2-a354-45de08471376&awEpisodeId=feafd356-bfe8-462e-a511-ddeab35e2249&feed=wjQvYtdl,61011817,c3365da8e3c645d48e75a5a3518b37cc
MBMBaM 467: Leonardo Di-Zap!-rio,2019-07-08,3489,https://claritaspod.com/measure/prfx.byspotify.com/e/pscrb.fm/rss/p/mgln.ai/e/31/afp-9384.calisto.simplecastaudio.com/dbf86dbd-6a9d-4db2-a354-45de08471376/episodes/a8abf0d2-00eb-4b91-9a38-d877bdb8e009/audio/128/default.mp3?aid=rss_feed&awCollectionId=dbf86dbd-6a9d-4db2-a354-45de08471376&awEpisodeId=a8abf0d2-00eb-4b91-9a38-d877bdb8e009&feed=wjQvYtdl,57307445,a77425110e934ce3aec19a0d094451aa
MBMBaM 468: Down the Soda Hole,2019-07-15,3281,https://claritaspod.com/measure/prfx.byspotify.com/e/pscrb.fm/rss/p/mgln.ai/e/31/afp-9384.calisto.simplecastaudio.com/dbf86dbd-6a9d-4db2-a354-45de08471376/episodes/58c498cb-7724-4f57-a325-e8028f7ca2b3/audio/128/default.mp3?aid=rss_feed&awCollectionId=dbf86dbd-6a9d-4db2-a354-45de08471376&awEpisodeId=58c498cb-7724-4f57-a325-e8028f7ca2b3&feed=wjQvYtdl,53972131,bc40c861f34546e1b7edacc033e18b93
MBMBaM 469: Face 2 Face: The DEEP Pepperoni,2019-07-22,4341,https://claritaspod.com/measure/prfx.byspotify.com/e/pscrb.fm/rss/p/mgln.ai/e/31/afp-9384.calisto.simplecastaudio.com/dbf86dbd-6a9d-4db2-a354-45de08471376/episodes/802f1ba8-7f89-4a0d-b5a3-be612febf5e1/audio/128/default.mp3?aid=rss_feed&awCollectionId=dbf86dbd-6a9d-4db2-a354-45de08471376&awEpisodeId=802f1ba8-7f89-4a0d-b5a3-be612febf5e1&feed=wjQvYtdl,70935422,5b340cb81ed1444ebfa3c6837384600b
MBMBaM 470: Mama Freddy’s Turbo Spaghetti,2019-07-29,3692,https://claritaspod.com/measure/prfx.byspotify.com/e/pscrb.fm/rss/p/mgln.ai/e/31/afp-9384.calisto.simplecastaudio.com/dbf86dbd-6a9d-4db2-a354-45de08471376/episodes/0413ce0d-a65e-40ca-83cf-4c3c1db474c3/audio/128/default.mp3?aid=rss_feed&awCollectionId=dbf86dbd-6a9d-4db2-a354-45de08471376&awEpisodeId=0413ce0d-a65e-40ca-83cf-4c3c1db474c3&feed=wjQvYtdl,60549972,9d86db40b1b9489ebef35f7e581a24f8
MBMBaM 471: Face 2 Face: The Fraternity of Bones,2019-08-05,3972,https://claritaspod.com/measure/prfx.byspotify.com/e/pscrb.fm/rss/p/mgln.ai/e/31/afp-9384.calisto.simplecastaudio.com/dbf86dbd-6a9d-4db2-a354-45de08471376/episodes/c6d4b09f-37ef-4b9e-bf86-047b62f1809f/audio/128/default.mp3?aid=rss_feed&awCollectionId=dbf86dbd-6a9d-4db2-a354-45de08471376&awEpisodeId=c6d4b09f-37ef-4b9e-bf86-047b62f1809f&feed=wjQvYtdl,65025897,d82d02cea9cb45229d8e675123bb1f9a
MBMBaM 472: Public Domain LASIK Voicemails,2019-08-12,3670,https://claritaspod.com/measure/prfx.byspotify.com/e/pscrb.fm/rss/p/mgln.ai/e/31/afp-9384.calisto.simplecastaudio.com/dbf86dbd-6a9d-4db2-a354-45de08471376/episodes/369a309e-2398-4077-96cc-3b03a4c76d9e/audio/128/default.mp3?aid=rss_feed&awCollectionId=dbf86dbd-6a9d-4db2-a354-45de08471376&awEpisodeId=369a309e-2398-4077-96cc-3b03a4c76d9e&feed=wjQvYtdl,60198051,7b6793f99b874dc8bf07f19e79e69797
MBMBaM 473: Spooketti,2019-08-19,3248,https://claritaspod.com/measure/prfx.byspotify.com/e/pscrb.fm/rss/p/mgln.ai/e/31/afp-9384.calisto.simplecastaudio.com/dbf86dbd-6a9d-4db2-a354-45de08471376/episodes/d390ebac-79b1-4301-b144-921f9a5366c9/audio/128/default.mp3?aid=rss_feed&awCollectionId=dbf86dbd-6a9d-4db2-a354-45de08471376&awEpisodeId=d390ebac-79b1-4301-b144-921f9a5366c9&feed=wjQvYtdl,53455951,63a27827755e4d9c80666d4b580aeb4f
MBMBaM 474: OutSTANDing Deals!,2019-08-26,3429,https://claritaspod.com/measure/prfx.byspotify.com/e/pscrb.fm/rss/p/mgln.ai/e/31/afp-9384.calisto.simplecastaudio.com/dbf86dbd-6a9d-4db2-a354-45de08471376/episodes/237252de-3ecb-4f25-a5b7-6602876dcc50/audio/128/default.mp3?aid=rss_feed&awCollectionId=dbf86dbd-6a9d-4db2-a354-45de08471376&awEpisodeId=237252de-3ecb-4f25-a5b7-6602876dcc50&feed=wjQvYtdl,56337362,3d98996c9a404e4e88d83f28bde316d3
MBMBaM 475: Edchup,2019-09-02,3563,https://claritaspod.com/measure/prfx.byspotify.com/e/pscrb.fm/rss/p/mgln.ai/e/31/afp-9384.calisto.simplecastaudio.com/dbf86dbd-6a9d-4db2-a354-45de08471376/episodes/54e0ef50-e601-43c1-b322-dc6cf1c32023/audio/128/default.mp3?aid=rss_feed&awCollectionId=dbf86dbd-6a9d-4db2-a354-45de08471376&awEpisodeId=54e0ef50-e601-43c1-b322-dc6cf1c32023&feed=wjQvYtdl,58496121,48187b4bd4e640668d7b234a5cb43375
MBMBaM 476: Face 2 Face: Super-Snake Begins,2019-09-09,4354,https://claritaspod.com/measure/prfx.byspotify.com/e/pscrb.fm/rss/p/mgln.ai/e/31/afp-9384.calisto.simplecastaudio.com/dbf86dbd-6a9d-4db2-a354-45de08471376/episodes/82e3f4f7-682d-4f07-ac9e-bf5964f58391/audio/128/default.mp3?aid=rss_feed&awCollectionId=dbf86dbd-6a9d-4db2-a354-45de08471376&awEpisodeId=82e3f4f7-682d-4f07-ac9e-bf5964f58391&feed=wjQvYtdl,71151089,53980d36553b4b518fdcc0121984fb2d
MBMBaM 477: Crash Bandicoot’s Wallet Chain,2019-09-17,3341,https://claritaspod.com/measure/prfx.byspotify.com/e/pscrb.fm/rss/p/mgln.ai/e/31/afp-9384.calisto.simplecastaudio.com/dbf86dbd-6a9d-4db2-a354-45de08471376/episodes/c85ab84e-d6a6-4229-b633-4332044f3281/audio/128/default.mp3?aid=rss_feed&awCollectionId=dbf86dbd-6a9d-4db2-a354-45de08471376&awEpisodeId=c85ab84e-d6a6-4229-b633-4332044f3281&feed=wjQvYtdl,54933855,a34e90906f784acc93d33fd0cbd0aa84
"MBMBaM 478: The Sprite Slide, A Sprite Experience",2019-09-23,3720,https://claritaspod.com/measure/prfx.byspotify.com/e/pscrb.fm/rss/p/mgln.ai/e/31/afp-9384.calisto.simplecastaudio.com/dbf86dbd-6a9d-4db2-a354-45de08471376/episodes/ec104907-e019-47ca-8643-769eb57994ba/audio/128/default.mp3?aid=rss_feed&awCollectionId=dbf86dbd-6a9d-4db2-a354-45de08471376&awEpisodeId=ec104907-e019-47ca-8643-769eb57994ba&feed=wjQvYtdl,61007220,6ecd370183384c749e641b4fa9f3ae2f
"MBMBaM 479: Face 2 Face: A Spectral, Horny Build-A-Bear",2019-09-30,4656,https://claritaspod.com/measure/prfx.byspotify.com/e/pscrb.fm/rss/p/mgln.ai/e/31/afp-9384.calisto.simplecastaudio.com/dbf86dbd-6a9d-4db2-a354-45de08471376/episodes/cc6cc5bf-e344-4f4f-ba13-ca789e5e25b5/audio/128/default.mp3?aid=rss_feed&awCollectionId=dbf86dbd-6a9d-4db2-a354-45de08471376&awEpisodeId=cc6cc5bf-e344-4f4f-ba13-ca789e5e25b5&feed=wjQvYtdl,75979353,b210da9db76447038a386c3b5b65b05e
MBMBaM 480: Everlasting Stringburger,2019-10-08,3760,https://claritaspod.com/measure/prfx.byspotify.com/e/pscrb.fm/rss/p/mgln.ai/e/31/afp-9384.calisto.simplecastaudio.com/dbf86dbd-6a9d-4db2-a354-45de08471376/episodes/ca7e2b45-7fa1-43db-9a38-b4644d27da3a/audio/128/default.mp3?aid=rss_feed&awCollectionId=dbf86dbd-6a9d-4db2-a354-45de08471376&awEpisodeId=ca7e2b45-7fa1-43db-9a38-b4644d27da3a&feed=wjQvYtdl,61639592,f2bd44746f434e249dd7c2507b4efd61
MBMBaM 481: I Have Seen Every Bird,2019-10-14,3574,https://claritaspod.com/measure/prfx.byspotify.com/e/pscrb.fm/rss/p/mgln.ai/e/31/afp-9384.calisto.simplecastaudio.com/dbf86dbd-6a9d-4db2-a354-45de08471376/episodes/98f21320-5768-4c3a-8482-c620497fe01c/audio/128/default.mp3?aid=rss_feed&awCollectionId=dbf86dbd-6a9d-4db2-a354-45de08471376&awEpisodeId=98f21320-5768-4c3a-8482-c620497fe01c&feed=wjQvYtdl,58659543,5c2380d223fb4b8c807f14fc06d3fc2b
MBMBaM 482: Face 2 Face: Big Stitch Energy,2019-10-21,4585,https://claritaspod.com/measure/prfx.byspotify.com/e/pscrb.fm/rss/p/mgln.ai/e/31/afp-9384.calisto.simplecastaudio.com/dbf86dbd-6a9d-4db2-a354-45de08471376/episodes/c839a509-23e7-4195-9c71-e633beb3a916/audio/128/default.mp3?aid=rss_feed&awCollectionId=dbf86dbd-6a9d-4db2-a354-45de08471376&awEpisodeId=c839a509-23e7-4195-9c71-e633beb3a916&feed=wjQvYtdl,74840833,e82d0ef999f44b44956ff9da3937b3c4
MBMBaM 483: Face 2 Face: Beemen,2019-10-28,4241,https://claritaspod.com/measure/prfx.byspotify.com/e/pscrb.fm/rss/p/mgln.ai/e/31/afp-9384.calisto.simplecastaudio.com/dbf86dbd-6a9d-4db2-a354-45de08471376/episodes/28434ecd-c6df-471a-86a6-ab4e1e690a85/audio/128/default.mp3?aid=rss_feed&awCollectionId=dbf86dbd-6a9d-4db2-a354-45de08471376&awEpisodeId=28434ecd-c6df-471a-86a6-ab4e1e690a85&feed=wjQvYtdl,69335892,76d98d366e9f4eb7ae4323711e052992
MBMBaM 484: Griffy Griffy Bang Bang,2019-11-04,3540,https://claritaspod.com/measure/prfx.byspotify.com/e/pscrb.fm/rss/p/mgln.ai/e/31/afp-9384.calisto.simplecastaudio.com/dbf86dbd-6a9d-4db2-a354-45de08471376/episodes/7d4e86fa-7911-40b9-b7f1-bac75cc1aba2/audio/128/default.mp3?aid=rss_feed&awCollectionId=dbf86dbd-6a9d-4db2-a354-45de08471376&awEpisodeId=7d4e86fa-7911-40b9-b7f1-bac75cc1aba2&feed=wjQvYtdl,58121629,2c5e032fdd2647228852194146ca6810
MBMBaM 485: Face 2 Face: Haunted Munch Squad,2019-11-12,4727,https://claritaspod.com/measure/prfx.byspotify.com/e/pscrb.fm/rss/p/mgln.ai/e/31/afp-9384.calisto.simplecastaudio.com/dbf86dbd-6a9d-4db2-a354-45de08471376/episodes/17fabaaf-1f90-417b-9512-afc3ca93616e/audio/128/default.mp3?aid=rss_feed&awCollectionId=dbf86dbd-6a9d-4db2-a354-45de08471376&awEpisodeId=17fabaaf-1f90-417b-9512-afc3ca93616e&feed=wjQvYtdl,77111605,37ff055f8e6748719d550e7584077540
MBMBaM 486: That’s So Hambone!,2019-11-19,3560,https://claritaspod.com/measure/prfx.byspotify.com/e/pscrb.fm/rss/p/mgln.ai/e/31/afp-9384.calisto.simplecastaudio.com/dbf86dbd-6a9d-4db2-a354-45de08471376/episodes/91d2d6f5-9b70-40d1-9011-9838cc70df0d/audio/128/default.mp3?aid=rss_feed&awCollectionId=dbf86dbd-6a9d-4db2-a354-45de08471376&awEpisodeId=91d2d6f5-9b70-40d1-9011-9838cc70df0d&feed=wjQvYtdl,58435099,6a932f38-c5ce-4e2f-bbbc-f3eb5ceeaece
MBMBaM 487: Frasier Crane’s Anime Dreamscape,2019-11-25,3717,https://claritaspod.com/measure/prfx.byspotify.com/e/pscrb.fm/rss/p/mgln.ai/e/31/afp-9384.calisto.simplecastaudio.com/dbf86dbd-6a9d-4db2-a354-45de08471376/episodes/6cb648f5-ba51-474a-bdc4-b63f4792dbff/audio/128/default.mp3?aid=rss_feed&awCollectionId=dbf86dbd-6a9d-4db2-a354-45de08471376&awEpisodeId=6cb648f5-ba51-474a-bdc4-b63f4792dbff&feed=wjQvYtdl,60951631,7e3646f8-9001-4919-ad7e-d32b7b155819
MBMBaM 488: Huff the Un-Foot,2019-12-02,3929,https://claritaspod.com/measure/prfx.byspotify.com/e/pscrb.fm/rss/p/mgln.ai/e/31/afp-9384.calisto.simplecastaudio.com/dbf86dbd-6a9d-4db2-a354-45de08471376/episodes/a55cd372-963c-4c4e-9a2b-5c7bb7471123/audio/128/default.mp3?aid=rss_feed&awCollectionId=dbf86dbd-6a9d-4db2-a354-45de08471376&awEpisodeId=a55cd372-963c-4c4e-9a2b-5c7bb7471123&feed=wjQvYtdl,64345460,188f3a0a-6a73-4b87-b9ab-a7245f28a903
MBMBaM 489: The Clean Saloon,2019-12-09,3375,https://claritaspod.com/measure/prfx.byspotify.com/e/pscrb.fm/rss/p/mgln.ai/e/31/afp-9384.calisto.simplecastaudio.com/dbf86dbd-6a9d-4db2-a354-45de08471376/episodes/e6065fe0-2e2e-4c3d-a99b-11da69f15777/audio/128/default.mp3?aid=rss_feed&awCollectionId=dbf86dbd-6a9d-4db2-a354-45de08471376&awEpisodeId=e6065fe0-2e2e-4c3d-a99b-11da69f15777&feed=wjQvYtdl,55483889,a8fe9681-774a-42db-a6d1-c6820968ca2b
MBMBaM 490: Ewdaddy,2019-12-16,3267,https://claritaspod.com/measure/prfx.byspotify.com/e/pscrb.fm/rss/p/mgln.ai/e/31/afp-9384.calisto.simplecastaudio.com/dbf86dbd-6a9d-4db2-a354-45de08471376/episodes/0f557a1e-85f5-465e-a828-ad7f69b1c528/audio/128/default.mp3?aid=rss_feed&awCollectionId=dbf86dbd-6a9d-4db2-a354-45de08471376&awEpisodeId=0f557a1e-85f5-465e-a828-ad7f69b1c528&feed=wjQvYtdl,53751448,a5d80c0e-b17f-4936-83f8-ef8222e2c8fe
MBMBaM 491: Face2Face; Candlenights 2019,2019-12-23,4067,https://claritaspod.com/measure/prfx.byspotify.com/e/pscrb.fm/rss/p/mgln.ai/e/31/afp-9384.calisto.simplecastaudio.com/dbf86dbd-6a9d-4db2-a354-45de08471376/episodes/88d7aaf9-ad05-4a3d-aeb2-2a04a1e76cd2/audio/128/default.mp3?aid=rss_feed&awCollectionId=dbf86dbd-6a9d-4db2-a354-45de08471376&awEpisodeId=88d7aaf9-ad05-4a3d-aeb2-2a04a1e76cd2&feed=wjQvYtdl,65081771,24a0c722-e870-4cb6-8871-6036d1ecae3e
MBMBaM 492: The Naming of 2020,2020-01-06,3167,https://claritaspod.com/measure/prfx.byspotify.com/e/pscrb.fm/rss/p/mgln.ai/e/31/afp-9384.calisto.simplecastaudio.com/dbf86dbd-6a9d-4db2-a354-45de08471376/episodes/7ee89652-ba93-42f2-b473-7ec014eaaef8/audio/128/default.mp3?aid=rss_feed&awCollectionId=dbf86dbd-6a9d-4db2-a354-45de08471376&awEpisodeId=7ee89652-ba93-42f2-b473-7ec014eaaef8&feed=wjQvYtdl,52153122,7480030d-3a26-45c0-bb15-78e61fd9f4bd
MBMBaM 493: Face 2 Face: U Up?,2020-01-13,4680,https://claritaspod.com/measure/prfx.byspotify.com/e/pscrb.fm/rss/p/mgln.ai/e/31/afp-9384.calisto.simplecastaudio.com/dbf86dbd-6a9d-4db2-a354-45de08471376/episodes/77611fdd-d86c-4b73-bc6f-c201f06b2611/audio/128/default.mp3?aid=rss_feed&awCollectionId=dbf86dbd-6a9d-4db2-a354-45de08471376&awEpisodeId=77611fdd-d86c-4b73-bc6f-c201f06b2611&feed=wjQvYtdl,76358860,d2ffc0e2-a6bf-48c7-b42d-2c65c2d6bebb
MBMBaM 494: Face 2 Face: Hoops Destruct Button,2020-01-20,4326,https://claritaspod.com/measure/prfx.byspotify.com/e/pscrb.fm/rss/p/mgln.ai/e/31/afp-9384.calisto.simplecastaudio.com/dbf86dbd-6a9d-4db2-a354-45de08471376/episodes/53735855-2e23-4990-a953-02ba784f7cd9/audio/128/default.mp3?aid=rss_feed&awCollectionId=dbf86dbd-6a9d-4db2-a354-45de08471376&awEpisodeId=53735855-2e23-4990-a953-02ba784f7cd9&feed=wjQvYtdl,70703037,22b26a7e-c81f-40eb-9b4a-9ac6a696b0c7
MBMBaM 495: Play Along at Home!,2020-01-27,3403,https://claritaspod.com/measure/prfx.byspotify.com/e/pscrb.fm/rss/p/mgln.ai/e/31/afp-9384.calisto.simplecastaudio.com/dbf86dbd-6a9d-4db2-a354-45de08471376/episodes/3c9465c6-242d-43bf-93cb-84b385f5d29a/audio/128/default.mp3?aid=rss_feed&awCollectionId=dbf86dbd-6a9d-4db2-a354-45de08471376&awEpisodeId=3c9465c6-242d-43bf-93cb-84b385f5d29a&feed=wjQvYtdl,55930269,3ea39de8-f831-437c-8a30-ddb7e13961c8
MBMBaM 496: The Hyena Hole,2020-02-03,3132,https://claritaspod.com/measure/prfx.byspotify.com/e/pscrb.fm/rss/p/mgln.ai/e/31/afp-9384.calisto.simplecastaudio.com/dbf86dbd-6a9d-4db2-a354-45de08471376/episodes/27ea7d13-fcb9-4f14-82c6-894ae4ecebe0/audio/128/default.mp3?aid=rss_feed&awCollectionId=dbf86dbd-6a9d-4db2-a354-45de08471376&awEpisodeId=27ea7d13-fcb9-4f14-82c6-894ae4ecebe0&feed=wjQvYtdl,51591853,950caddc-284b-4fa7-953f-be85b0638b39
MBMBaM 497: Bugatti Boys,2020-02-10,3539,https://claritaspod.com/measure/prfx.byspotify.com/e/pscrb.fm/rss/p/mgln.ai/e/31/afp-9384.calisto.simplecastaudio.com/dbf86dbd-6a9d-4db2-a354-45de08471376/episodes/0e3ca191-7dba-4f9b-b48a-8b7d59bb5073/audio/128/default.mp3?aid=rss_feed&awCollectionId=dbf86dbd-6a9d-4db2-a354-45de08471376&awEpisodeId=0e3ca191-7dba-4f9b-b48a-8b7d59bb5073&feed=wjQvYtdl,58111598,39d8bf34-3351-499a-b9ba-a6d12743c4b4
MBMBaM 498: Single Sleeved Sweater,2020-02-17,3342,https://claritaspod.com/measure/prfx.byspotify.com/e/pscrb.fm/rss/p/mgln.ai/e/31/afp-9384.calisto.simplecastaudio.com/dbf86dbd-6a9d-4db2-a354-45de08471376/episodes/494c9f9f-d475-47da-8056-46e1816811f9/audio/128/default.mp3?aid=rss_feed&awCollectionId=dbf86dbd-6a9d-4db2-a354-45de08471376&awEpisodeId=494c9f9f-d475-47da-8056-46e1816811f9&feed=wjQvYtdl,54957678,d5ef839c-53d1-4a0a-9763-91a799f34834
MBMBaM 499: Right Down the Middle,2020-02-24,3561,https://claritaspod.com/measure/prfx.byspotify.com/e/pscrb.fm/rss/p/mgln.ai/e/31/afp-9384.calisto.simplecastaudio.com/dbf86dbd-6a9d-4db2-a354-45de08471376/episodes/dfa1ac54-1720-408c-9ba1-5329ef6fd93f/audio/128/default.mp3?aid=rss_feed&awCollectionId=dbf86dbd-6a9d-4db2-a354-45de08471376&awEpisodeId=dfa1ac54-1720-408c-9ba1-5329ef6fd93f&feed=wjQvYtdl,58457251,5abd732b-1bab-4104-90a7-1c9264017e67
"MBMBaM 500: Spaghettageddon Two: 2 Saucy, 2 Carbious",2020-03-02,3640,https://claritaspod.com/measure/prfx.byspotify.com/e/pscrb.fm/rss/p/mgln.ai/e/31/afp-9384.calisto.simplecastaudio.com/dbf86dbd-6a9d-4db2-a354-45de08471376/episodes/070900dc-a204-4abf-868a-2b466a30d43c/audio/128/default.mp3?aid=rss_feed&awCollectionId=dbf86dbd-6a9d-4db2-a354-45de08471376&awEpisodeId=070900dc-a204-4abf-868a-2b466a30d43c&feed=wjQvYtdl,59719487,e2706cac-0b11-4ed7-bac0-9301e2a146f3
MBMBaM 501: Face 2 Face: Jeans-Washed Acid,2020-03-09,4587,https://claritaspod.com/measure/prfx.byspotify.com/e/pscrb.fm/rss/p/mgln.ai/e/31/afp-9384.calisto.simplecastaudio.com/dbf86dbd-6a9d-4db2-a354-45de08471376/episodes/d6864893-a845-4681-a375-a7079f201b6d/audio/128/default.mp3?aid=rss_feed&awCollectionId=dbf86dbd-6a9d-4db2-a354-45de08471376&awEpisodeId=d6864893-a845-4681-a375-a7079f201b6d&feed=wjQvYtdl,74867582,b1eb76fd-dd9e-4b4d-b89f-dc4bb63d0a0c
MBMBaM 502: American Psycho 2: The Squeakquel,2020-03-16,2764,https://claritaspod.com/measure/prfx.byspotify.com/e/pscrb.fm/rss/p/mgln.ai/e/31/afp-9384.calisto.simplecastaudio.com/dbf86dbd-6a9d-4db2-a354-45de08471376/episodes/627544fe-e070-4b9c-a3f6-37d088c900c3/audio/128/default.mp3?aid=rss_feed&awCollectionId=dbf86dbd-6a9d-4db2-a354-45de08471376&awEpisodeId=627544fe-e070-4b9c-a3f6-37d088c900c3&feed=wjQvYtdl,45698629,6b51fc1e-282e-4a2d-907b-e26f564567ff
MBMBaM 503: How to Get Away with Pinkbelly,2020-03-24,3193,https://claritaspod.com/measure/prfx.byspotify.com/e/pscrb.fm/rss/p/mgln.ai/e/31/afp-9384.calisto.simplecastaudio.com/dbf86dbd-6a9d-4db2-a354-45de08471376/episodes/e608090e-f921-4eb0-91d3-1107264b182d/audio/128/default.mp3?aid=rss_feed&awCollectionId=dbf86dbd-6a9d-4db2-a354-45de08471376&awEpisodeId=e608090e-f921-4eb0-91d3-1107264b182d&feed=wjQvYtdl,52562772,e11f2a9c-ee6b-4657-963f-694c32b55802
MBMBaM 504: The Nasty Buns,2020-03-30,3390,https://claritaspod.com/measure/prfx.byspotify.com/e/pscrb.fm/rss/p/mgln.ai/e/31/afp-9384.calisto.simplecastaudio.com/dbf86dbd-6a9d-4db2-a354-45de08471376/episodes/eed1acd7-0749-4d66-b437-926327bcf7b2/audio/128/default.mp3?aid=rss_feed&awCollectionId=dbf86dbd-6a9d-4db2-a354-45de08471376&awEpisodeId=eed1acd7-0749-4d66-b437-926327bcf7b2&feed=wjQvYtdl,55717528,8ec2cb71-9686-487f-bf5e-9fe19b91ae69
FEED DROP - The Besties Play Animal Crossing: New Horizons!,2020-04-01,2669,https://claritaspod.com/measure/prfx.byspotify.com/e/pscrb.fm/rss/p/mgln.ai/e/31/afp-9384.calisto.simplecastaudio.com/dbf86dbd-6a9d-4db2-a354-45de08471376/episodes/1ae90493-13b4-40cc-b9aa-b84681287bca/audio/128/default.mp3?aid=rss_feed&awCollectionId=dbf86dbd-6a9d-4db2-a354-45de08471376&awEpisodeId=1ae90493-13b4-40cc-b9aa-b84681287bca&feed=wjQvYtdl,40450868,a9dfff3a-7283-4c6e-93e7-ef78f4eeac49
MBMBaM 505: Slippery When Voltron,2020-04-06,3343,https://claritaspod.com/measure/prfx.byspotify.com/e/pscrb.fm/rss/p/mgln.ai/e/31/afp-9384.calisto.simplecastaudio.com/dbf86dbd-6a9d-4db2-a354-45de08471376/episodes/be97b100-23a2-436d-ba42-6d153f58a38a/audio/128/default.mp3?aid=rss_feed&awCollectionId=dbf86dbd-6a9d-4db2-a354-45de08471376&awEpisodeId=be97b100-23a2-436d-ba42-6d153f58a38a&feed=wjQvYtdl,54973979,e3cb85ac-85d0-410d-b70b-47e06171dd1e
MBMBaM 506: The Enchanted Horn of American Heroism,2020-04-13,3664,https://claritaspod.com/measure/prfx.byspotify.com/e/pscrb.fm/rss/p/mgln.ai/e/31/afp-9384.calisto.simplecastaudio.com/dbf86dbd-6a9d-4db2-a354-45de08471376/episodes/e6582132-5f18-4d18-8d68-048553e033e2/audio/128/default.mp3?aid=rss_feed&awCollectionId=dbf86dbd-6a9d-4db2-a354-45de08471376&awEpisodeId=e6582132-5f18-4d18-8d68-048553e033e2&feed=wjQvYtdl,60109861,00c90f28-fe28-4c7e-84d9-6410ae7eb7c4
MBMBaM 507: Dirtiest Dancing: Havana Nights,2020-04-20,3366,https://claritaspod.com/measure/prfx.byspotify.com/e/pscrb.fm/rss/p/mgln.ai/e/31/afp-9384.calisto.simplecastaudio.com/dbf86dbd-6a9d-4db2-a354-45de08471376/episodes/22653b66-7552-47d2-8113-15ab08ceec9c/audio/128/default.mp3?aid=rss_feed&awCollectionId=dbf86dbd-6a9d-4db2-a354-45de08471376&awEpisodeId=22653b66-7552-47d2-8113-15ab08ceec9c&feed=wjQvYtdl,55330498,0cfd1a7c-a13d-4e40-b17d-fbc730abc545
MBMBaM 508: Face 2 Face: The Pepsi Proposal,2020-04-27,3427,https://claritaspod.com/measure/prfx.byspotify.com/e/pscrb.fm/rss/p/mgln.ai/e/31/afp-9384.calisto.simplecastaudio.com/dbf86dbd-6a9d-4db2-a354-45de08471376/episodes/957ed9b1-fd62-4379-acce-c5ccd7d9862c/audio/128/default.mp3?aid=rss_feed&awCollectionId=dbf86dbd-6a9d-4db2-a354-45de08471376&awEpisodeId=957ed9b1-fd62-4379-acce-c5ccd7d9862c&feed=wjQvYtdl,61626254,746ae3b9-151e-42f8-9ed3-b83b2a2900d2
MBMBaM 509: The Grind Butler (Or: Grutler),2020-05-04,3202,https://claritaspod.com/measure/prfx.byspotify.com/e/pscrb.fm/rss/p/mgln.ai/e/31/afp-9384.calisto.simplecastaudio.com/dbf86dbd-6a9d-4db2-a354-45de08471376/episodes/18a371b9-b58c-4d58-a499-5358858ee202/audio/128/default.mp3?aid=rss_feed&awCollectionId=dbf86dbd-6a9d-4db2-a354-45de08471376&awEpisodeId=18a371b9-b58c-4d58-a499-5358858ee202&feed=wjQvYtdl,58029715,52e4dd44-f808-4169-87a8-974c106f01fe
MBMBaM 510: Killer Car Wash,2020-05-11,3406,https://claritaspod.com/measure/prfx.byspotify.com/e/pscrb.fm/rss/p/mgln.ai/e/31/afp-9384.calisto.simplecastaudio.com/dbf86dbd-6a9d-4db2-a354-45de08471376/episodes/df0d5849-3ceb-425a-b96c-b36f5b007227/audio/128/default.mp3?aid=rss_feed&awCollectionId=dbf86dbd-6a9d-4db2-a354-45de08471376&awEpisodeId=df0d5849-3ceb-425a-b96c-b36f5b007227&feed=wjQvYtdl,61296066,da1b79e2-5227-43fd-bf89-d68672358a46
"MBMBaM 511: A Big, Beautiful Buick Enclave",2020-05-18,3491,https://claritaspod.com/measure/prfx.byspotify.com/e/pscrb.fm/rss/p/mgln.ai/e/31/afp-9384.calisto.simplecastaudio.com/dbf86dbd-6a9d-4db2-a354-45de08471376/episodes/309671e4-39d3-4aee-b746-b3c53c011247/audio/128/default.mp3?aid=rss_feed&awCollectionId=dbf86dbd-6a9d-4db2-a354-45de08471376&awEpisodeId=309671e4-39d3-4aee-b746-b3c53c011247&feed=wjQvYtdl,62651926,8d927fc1-6ed6-4a31-979f-9fe5e77a3a05
MBMBaM 512: The Jabberjaw Affair,2020-05-25,3577,https://claritaspod.com/measure/prfx.byspotify.com/e/pscrb.fm/rss/p/mgln.ai/e/31/afp-9384.calisto.simplecastaudio.com/dbf86dbd-6a9d-4db2-a354-45de08471376/episodes/68b58d5d-a284-43bb-9994-d915e3743132/audio/128/default.mp3?aid=rss_feed&awCollectionId=dbf86dbd-6a9d-4db2-a354-45de08471376&awEpisodeId=68b58d5d-a284-43bb-9994-d915e3743132&feed=wjQvYtdl,64039550,3a4de382-643a-4f9c-b692-0bcd31544d04
Feed Drop: Minority Korner,2020-06-01,5113,https://claritaspod.com/measure/prfx.byspotify.com/e/pscrb.fm/rss/p/mgln.ai/e/31/afp-9384.calisto.simplecastaudio.com/dbf86dbd-6a9d-4db2-a354-45de08471376/episodes/ef300f62-2d9a-4ab2-8361-67388cd9634a/audio/128/default.mp3?aid=rss_feed&awCollectionId=dbf86dbd-6a9d-4db2-a354-45de08471376&awEpisodeId=ef300f62-2d9a-4ab2-8361-67388cd9634a&feed=wjQvYtdl,84719545,f81aba39-ac5f-40a7-be3f-8db80f572c5f
MBMBaM 513: Mother Cruncher,2020-06-08,3452,https://claritaspod.com/measure/prfx.byspotify.com/e/pscrb.fm/rss/p/mgln.ai/e/31/afp-9384.calisto.simplecastaudio.com/dbf86dbd-6a9d-4db2-a354-45de08471376/episodes/583b31bb-c3bc-403a-811e-ee850d11db5d/audio/128/default.mp3?aid=rss_feed&awCollectionId=dbf86dbd-6a9d-4db2-a354-45de08471376&awEpisodeId=583b31bb-c3bc-403a-811e-ee850d11db5d&feed=wjQvYtdl,62037943,90f749e5-e130-4362-ad44-48ac21b1c956
MBMBaM 514: Kickeo,2020-06-15,3665,https://claritaspod.com/measure/prfx.byspotify.com/e/pscrb.fm/rss/p/mgln.ai/e/31/afp-9384.calisto.simplecastaudio.com/dbf86dbd-6a9d-4db2-a354-45de08471376/episodes/df390d65-5157-40c7-b06c-4e9a7d1f07a7/audio/128/default.mp3?aid=rss_feed&awCollectionId=dbf86dbd-6a9d-4db2-a354-45de08471376&awEpisodeId=df390d65-5157-40c7-b06c-4e9a7d1f07a7&feed=wjQvYtdl,65435952,b8a489fd-b6ec-4458-8882-853bb8b8853b
MBMBaM 515: Viscous Bod,2020-06-22,3861,https://claritaspod.com/measure/prfx.byspotify.com/e/pscrb.fm/rss/p/mgln.ai/e/31/afp-9384.calisto.simplecastaudio.com/dbf86dbd-6a9d-4db2-a354-45de08471376/episodes/d6cf6131-6ab9-4389-a9cd-fd0ea8670094/audio/128/default.mp3?aid=rss_feed&awCollectionId=dbf86dbd-6a9d-4db2-a354-45de08471376&awEpisodeId=d6cf6131-6ab9-4389-a9cd-fd0ea8670094&feed=wjQvYtdl,68575243,b41bd6ed-3399-4a28-b47d-1054c5193d9b
MBMBaM 516: Radical Gamer Facts,2020-06-29,3855,https://claritaspod.com/measure/prfx.byspotify.com/e/pscrb.fm/rss/p/mgln.ai/e/31/afp-9384.calisto.simplecastaudio.com/dbf86dbd-6a9d-4db2-a354-45de08471376/episodes/1a3504fd-1435-472e-bd48-c329f0e75033/audio/128/default.mp3?aid=rss_feed&awCollectionId=dbf86dbd-6a9d-4db2-a354-45de08471376&awEpisodeId=1a3504fd-1435-472e-bd48-c329f0e75033&feed=wjQvYtdl,68486168,f2d5b545-4a29-4acd-a8c4-aafd7ea6f900
MBMBaM 517: Pepperoni Prescription,2020-07-06,3846,https://claritaspod.com/measure/prfx.byspotify.com/e/pscrb.fm/rss/p/mgln.ai/e/31/afp-9384.calisto.simplecastaudio.com/dbf86dbd-6a9d-4db2-a354-45de08471376/episodes/038cbeee-6634-4360-b86a-abcfdc2e7dda/audio/128/default.mp3?aid=rss_feed&awCollectionId=dbf86dbd-6a9d-4db2-a354-45de08471376&awEpisodeId=038cbeee-6634-4360-b86a-abcfdc2e7dda&feed=wjQvYtdl,60820024,510496a7-49b9-431b-881e-8f0a90e3d1dd
MBMBaM 518: Pepperoni and Vicki,2020-07-13,3280,https://claritaspod.com/measure/prfx.byspotify.com/e/pscrb.fm/rss/p/mgln.ai/e/31/afp-9384.calisto.simplecastaudio.com/dbf86dbd-6a9d-4db2-a354-45de08471376/episodes/400d082c-aef6-45bb-b656-fdade2379dc6/audio/128/default.mp3?aid=rss_feed&awCollectionId=dbf86dbd-6a9d-4db2-a354-45de08471376&awEpisodeId=400d082c-aef6-45bb-b656-fdade2379dc6&feed=wjQvYtdl,59284379,8ac724ae-03ce-4d82-a74c-2bb4970dc7ea
MBMBaM 519: The Grandma Tesseract,2020-07-20,3932,https://claritaspod.com/measure/prfx.byspotify.com/e/pscrb.fm/rss/p/mgln.ai/e/31/afp-9384.calisto.simplecastaudio.com/dbf86dbd-6a9d-4db2-a354-45de08471376/episodes/73e7b9b1-79ed-48c5-b46e-2bf3fc447682/audio/128/default.mp3?aid=rss_feed&awCollectionId=dbf86dbd-6a9d-4db2-a354-45de08471376&awEpisodeId=73e7b9b1-79ed-48c5-b46e-2bf3fc447682&feed=wjQvYtdl,62043953,838c2c1d-2ba2-48ef-a590-ba34ff430fdf
MBMBaM 520: Genuine Clean Fauciballs,2020-07-28,3526,https://claritaspod.com/measure/prfx.byspotify.com/e/pscrb.fm/rss/p/mgln.ai/e/31/afp-9384.calisto.simplecastaudio.com/dbf86dbd-6a9d-4db2-a354-45de08471376/episodes/99a9c942-cda8-4a78-acd9-e93705538608/audio/128/default.mp3?aid=rss_feed&awCollectionId=dbf86dbd-6a9d-4db2-a354-45de08471376&awEpisodeId=99a9c942-cda8-4a78-acd9-e93705538608&feed=wjQvYtdl,57361507,f6ebc4c7-52bb-4fa1-b316-70f14b901741
"MBMBaM 521: Ah, The Soup Mess",2020-08-03,3393,https://claritaspod.com/measure/prfx.byspotify.com/e/pscrb.fm/rss/p/mgln.ai/e/31/afp-9384.calisto.simplecastaudio.com/dbf86dbd-6a9d-4db2-a354-45de08471376/episodes/738d422a-04da-4598-87ad-7e17fd42b0be/audio/128/default.mp3?aid=rss_feed&awCollectionId=dbf86dbd-6a9d-4db2-a354-45de08471376&awEpisodeId=738d422a-04da-4598-87ad-7e17fd42b0be&feed=wjQvYtdl,53968590,9f04d1f1-de05-43fc-b190-c48b91f2736a
MBMBaM 522: The Open and Honest Heart of a Child’s Eyes,2020-08-11,3564,https://claritaspod.com/measure/prfx.byspotify.com/e/pscrb.fm/rss/p/mgln.ai/e/31/afp-9384.calisto.simplecastaudio.com/dbf86dbd-6a9d-4db2-a354-45de08471376/episodes/a7bd85ec-ded4-410b-a2c9-e67ff1737b1f/audio/128/default.mp3?aid=rss_feed&awCollectionId=dbf86dbd-6a9d-4db2-a354-45de08471376&awEpisodeId=a7bd85ec-ded4-410b-a2c9-e67ff1737b1f&feed=wjQvYtdl,63827596,3b03e8bf-cf69-4dfc-961f-0a2c27bee12d
MBMBaM 523: Dad’s Fat Trash Sack,2020-08-17,3417,https://claritaspod.com/measure/prfx.byspotify.com/e/pscrb.fm/rss/p/mgln.ai/e/31/afp-9384.calisto.simplecastaudio.com/dbf86dbd-6a9d-4db2-a354-45de08471376/episodes/976bc619-9173-4ec6-9885-6553698e2c05/audio/128/default.mp3?aid=rss_feed&awCollectionId=dbf86dbd-6a9d-4db2-a354-45de08471376&awEpisodeId=976bc619-9173-4ec6-9885-6553698e2c05&feed=wjQvYtdl,54637387,f53788f0-a2cc-4856-940c-a8423a9f4fd0
MBMBaM 524: Teen Beans,2020-08-25,3580,https://claritaspod.com/measure/prfx.byspotify.com/e/pscrb.fm/rss/p/mgln.ai/e/31/afp-9384.calisto.simplecastaudio.com/dbf86dbd-6a9d-4db2-a354-45de08471376/episodes/2f0488c4-bcdf-471b-8b1e-8cf141e7fc09/audio/128/default.mp3?aid=rss_feed&awCollectionId=dbf86dbd-6a9d-4db2-a354-45de08471376&awEpisodeId=2f0488c4-bcdf-471b-8b1e-8cf141e7fc09&feed=wjQvYtdl,64074192,bd5819c2-fb65-4f07-88a7-e71f0de3ccaf
MBMBaM 525: Problems Related to Me Falling Down the Stairs,2020-09-01,3486,https://claritaspod.com/measure/prfx.byspotify.com/e/pscrb.fm/rss/p/mgln.ai/e/31/afp-9384.calisto.simplecastaudio.com/dbf86dbd-6a9d-4db2-a354-45de08471376/episodes/42a89034-d535-495f-843b-d60e43e15f8f/audio/128/default.mp3?aid=rss_feed&awCollectionId=dbf86dbd-6a9d-4db2-a354-45de08471376&awEpisodeId=42a89034-d535-495f-843b-d60e43e15f8f&feed=wjQvYtdl,54093900,8033ea51-792a-43f6-a9f7-058ed8d7828c
MBMBaM 526: Why Not a Wizard?,2020-09-07,3689,https://claritaspod.com/measure/prfx.byspotify.com/e/pscrb.fm/rss/p/mgln.ai/e/31/afp-9384.calisto.simplecastaudio.com/dbf86dbd-6a9d-4db2-a354-45de08471376/episodes/123dc059-91f0-4dc4-985f-25dc3511355d/audio/128/default.mp3?aid=rss_feed&awCollectionId=dbf86dbd-6a9d-4db2-a354-45de08471376&awEpisodeId=123dc059-91f0-4dc4-985f-25dc3511355d&feed=wjQvYtdl,58316707,d097ca3e-232a-4145-a211-5bdf9e6855b3
MBMBaM 527: HORSEWAR,2020-09-14,3601,https://claritaspod.com/measure/prfx.byspotify.com/e/pscrb.fm/rss/p/mgln.ai/e/31/afp-9384.calisto.simplecastaudio.com/dbf86dbd-6a9d-4db2-a354-45de08471376/episodes/cfd37990-7698-44ab-adf1-f4403c6d902d/audio/128/default.mp3?aid=rss_feed&awCollectionId=dbf86dbd-6a9d-4db2-a354-45de08471376&awEpisodeId=cfd37990-7698-44ab-adf1-f4403c6d902d&feed=wjQvYtdl,64409813,40d6644d-2027-42e7-bfe9-3b8fc62f966a
MBMBaM 528: The War With Grandpa Watch,2020-09-21,3476,https://claritaspod.com/measure/prfx.byspotify.com/e/pscrb.fm/rss/p/mgln.ai/e/31/afp-9384.calisto.simplecastaudio.com/dbf86dbd-6a9d-4db2-a354-45de08471376/episodes/df278d3a-c4e7-4c04-9928-831bcbaab809/audio/128/default.mp3?aid=rss_feed&awCollectionId=dbf86dbd-6a9d-4db2-a354-45de08471376&awEpisodeId=df278d3a-c4e7-4c04-9928-831bcbaab809&feed=wjQvYtdl,62418655,abadff4e-929b-4a5b-b609-074e6538439c
MBMBaM 529: Throw Me In the Dumpster Behind the Applebees When I Die,2020-09-29,3754,https://claritaspod.com/measure/prfx.byspotify.com/e/pscrb.fm/rss/p/mgln.ai/e/31/afp-9384.calisto.simplecastaudio.com/dbf86dbd-6a9d-4db2-a354-45de08471376/episodes/a0e79c28-9a5d-4596-afda-dd8c3346b2db/audio/128/default.mp3?aid=rss_feed&awCollectionId=dbf86dbd-6a9d-4db2-a354-45de08471376&awEpisodeId=a0e79c28-9a5d-4596-afda-dd8c3346b2db&feed=wjQvYtdl,58894672,0c765cee-8b47-434e-a960-ce5c9fe9a867
MBMBaM 530: Boat Beauties,2020-10-05,3691,https://claritaspod.com/measure/prfx.byspotify.com/e/pscrb.fm/rss/p/mgln.ai/e/31/afp-9384.calisto.simplecastaudio.com/dbf86dbd-6a9d-4db2-a354-45de08471376/episodes/c49797be-6a5c-4d71-8317-dfda7fcd02be/audio/128/default.mp3?aid=rss_feed&awCollectionId=dbf86dbd-6a9d-4db2-a354-45de08471376&awEpisodeId=c49797be-6a5c-4d71-8317-dfda7fcd02be&feed=wjQvYtdl,57245492,d39a2740-9460-496d-b5ae-14942b1f5aee
MBMBaM 531: Mighty Morphin’ Grown-Up Power Rangers,2020-10-12,3883,https://claritaspod.com/measure/prfx.byspotify.com/e/pscrb.fm/rss/p/mgln.ai/e/31/afp-9384.calisto.simplecastaudio.com/dbf86dbd-6a9d-4db2-a354-45de08471376/episodes/962a3212-dbc3-4842-ad6b-01f15a9e0bf7/audio/128/default.mp3?aid=rss_feed&awCollectionId=dbf86dbd-6a9d-4db2-a354-45de08471376&awEpisodeId=962a3212-dbc3-4842-ad6b-01f15a9e0bf7&feed=wjQvYtdl,68920846,5feec1e0-ed33-42e7-b67e-2f84e8058a9b
MBMBaM 532: The Spooky Box,2020-10-19,3580,https://claritaspod.com/measure/prfx.byspotify.com/e/pscrb.fm/rss/p/mgln.ai/e/31/afp-9384.calisto.simplecastaudio.com/dbf86dbd-6a9d-4db2-a354-45de08471376/episodes/dc191705-d73f-47ab-a5f4-7623ac95847c/audio/128/default.mp3?aid=rss_feed&awCollectionId=dbf86dbd-6a9d-4db2-a354-45de08471376&awEpisodeId=dc191705-d73f-47ab-a5f4-7623ac95847c&feed=wjQvYtdl,64074192,0dceb4dc-9fed-4aa1-b103-68e127f6a357
MBMBaM 533: Butterbobs n’ Batteries,2020-10-27,3660,https://claritaspod.com/measure/prfx.byspotify.com/e/pscrb.fm/rss/p/mgln.ai/e/31/afp-9384.calisto.simplecastaudio.com/dbf86dbd-6a9d-4db2-a354-45de08471376/episodes/7448f41e-feb4-47a6-a5c8-44ed3a89d97c/audio/128/default.mp3?aid=rss_feed&awCollectionId=dbf86dbd-6a9d-4db2-a354-45de08471376&awEpisodeId=7448f41e-feb4-47a6-a5c8-44ed3a89d97c&feed=wjQvYtdl,65354401,2e7949da-3498-4b49-96ea-2a1b47214db9
MBMBaM 534: The Hang-in-There Burger,2020-11-09,3520,https://claritaspod.com/measure/prfx.byspotify.com/e/pscrb.fm/rss/p/mgln.ai/e/31/afp-9384.calisto.simplecastaudio.com/dbf86dbd-6a9d-4db2-a354-45de08471376/episodes/5b0bd4d5-4ba5-4ba6-ac93-ff7894a9ac64/audio/128/default.mp3?aid=rss_feed&awCollectionId=dbf86dbd-6a9d-4db2-a354-45de08471376&awEpisodeId=5b0bd4d5-4ba5-4ba6-ac93-ff7894a9ac64&feed=wjQvYtdl,54865592,b03f6f3b-83af-4312-84ad-d7dabdb23308
MBMBaM 535: Ethical Joker Termination,2020-11-16,3280,https://claritaspod.com/measure/prfx.byspotify.com/e/pscrb.fm/rss/p/mgln.ai/e/31/afp-9384.calisto.simplecastaudio.com/dbf86dbd-6a9d-4db2-a354-45de08471376/episodes/a5d3185f-34fa-4405-a735-0988898c2263/audio/128/default.mp3?aid=rss_feed&awCollectionId=dbf86dbd-6a9d-4db2-a354-45de08471376&awEpisodeId=a5d3185f-34fa-4405-a735-0988898c2263&feed=wjQvYtdl,52179824,272bfad1-c2d2-406d-bd80-912113505620
MBMBaM 536: Ratashootie,2020-11-24,3343,https://claritaspod.com/measure/prfx.byspotify.com/e/pscrb.fm/rss/p/mgln.ai/e/31/afp-9384.calisto.simplecastaudio.com/dbf86dbd-6a9d-4db2-a354-45de08471376/episodes/0dffa1f6-2d51-4022-87db-aac57478432d/audio/128/default.mp3?aid=rss_feed&awCollectionId=dbf86dbd-6a9d-4db2-a354-45de08471376&awEpisodeId=0dffa1f6-2d51-4022-87db-aac57478432d&feed=wjQvYtdl,52987616,4c9e5bc8-b65a-4a2a-8135-47ce007803eb
"MBMBaM 537: Bros Better, Bros Best, Ch. 134 - 152",2020-11-30,3378,https://claritaspod.com/measure/prfx.byspotify.com/e/pscrb.fm/rss/p/mgln.ai/e/31/afp-9384.calisto.simplecastaudio.com/dbf86dbd-6a9d-4db2-a354-45de08471376/episodes/c3ce4584-a473-465b-a002-c8d0419778d4/audio/128/default.mp3?aid=rss_feed&awCollectionId=dbf86dbd-6a9d-4db2-a354-45de08471376&awEpisodeId=c3ce4584-a473-465b-a002-c8d0419778d4&feed=wjQvYtdl,54385935,df62599b-403c-4ef9-9399-73d125e85af5
MBMBaM 538: Shoegaze Mopeytones,2020-12-08,3311,https://claritaspod.com/measure/prfx.byspotify.com/e/pscrb.fm/rss/p/mgln.ai/e/31/afp-9384.calisto.simplecastaudio.com/dbf86dbd-6a9d-4db2-a354-45de08471376/episodes/d6e826e5-3a7d-47d7-8c3e-91acd9a68ada/audio/128/default.mp3?aid=rss_feed&awCollectionId=dbf86dbd-6a9d-4db2-a354-45de08471376&awEpisodeId=d6e826e5-3a7d-47d7-8c3e-91acd9a68ada&feed=wjQvYtdl,59769630,0278c689-1e45-4b9b-9ad2-bf9b351556e3
MBMBaM 539: Quantum Beef,2020-12-14,3498,https://claritaspod.com/measure/prfx.byspotify.com/e/pscrb.fm/rss/p/mgln.ai/e/31/afp-9384.calisto.simplecastaudio.com/dbf86dbd-6a9d-4db2-a354-45de08471376/episodes/a258f12f-c2ce-421d-8760-374a792e2a4a/audio/128/default.mp3?aid=rss_feed&awCollectionId=dbf86dbd-6a9d-4db2-a354-45de08471376&awEpisodeId=a258f12f-c2ce-421d-8760-374a792e2a4a&feed=wjQvYtdl,62768905,f0b5c8be-07ea-45c5-a2c7-3ad249347d72
MBMBaM 540: Bubblestar Metallica,2020-12-21,3417,https://claritaspod.com/measure/prfx.byspotify.com/e/pscrb.fm/rss/p/mgln.ai/e/31/afp-9384.calisto.simplecastaudio.com/dbf86dbd-6a9d-4db2-a354-45de08471376/episodes/e7e9bc16-388a-4aed-af38-e92a61b40d25/audio/128/default.mp3?aid=rss_feed&awCollectionId=dbf86dbd-6a9d-4db2-a354-45de08471376&awEpisodeId=e7e9bc16-388a-4aed-af38-e92a61b40d25&feed=wjQvYtdl,54287792,5169c791-271f-485c-9373-083a1265f879
MBMBaM 541: Angels in the Ragnarok,2020-12-28,3359,https://claritaspod.com/measure/prfx.byspotify.com/e/pscrb.fm/rss/p/mgln.ai/e/31/afp-9384.calisto.simplecastaudio.com/dbf86dbd-6a9d-4db2-a354-45de08471376/episodes/ae45ab92-90b8-4e0f-b047-e76ee68acd79/audio/128/default.mp3?aid=rss_feed&awCollectionId=dbf86dbd-6a9d-4db2-a354-45de08471376&awEpisodeId=ae45ab92-90b8-4e0f-b047-e76ee68acd79&feed=wjQvYtdl,53772925,9b4fe78c-95af-46d9-927a-d09c8588c6f1
MBMBaM 542: The Naming of 2021,2021-01-04,3866,https://claritaspod.com/measure/prfx.byspotify.com/e/pscrb.fm/rss/p/mgln.ai/e/31/afp-9384.calisto.simplecastaudio.com/dbf86dbd-6a9d-4db2-a354-45de08471376/episodes/4e40d831-1379-4771-a1fc-32bce7922167/audio/128/default.mp3?aid=rss_feed&awCollectionId=dbf86dbd-6a9d-4db2-a354-45de08471376&awEpisodeId=4e40d831-1379-4771-a1fc-32bce7922167&feed=wjQvYtdl,61897726,1b944ea6-408a-4c90-8101-1ae756aa18ce
MBMBaM 543: Charles Equality Cheese,2021-01-13,3436,https://claritaspod.com/measure/prfx.byspotify.com/e/pscrb.fm/rss/p/mgln.ai/e/31/afp-9384.calisto.simplecastaudio.com/dbf86dbd-6a9d-4db2-a354-45de08471376/episodes/1b20835b-d2aa-4851-8ffc-d61461f7d317/audio/128/default.mp3?aid=rss_feed&awCollectionId=dbf86dbd-6a9d-4db2-a354-45de08471376&awEpisodeId=1b20835b-d2aa-4851-8ffc-d61461f7d317&feed=wjQvYtdl,61816313,84944716-120c-4d97-b543-1ce5afc7d53b
MBMBaM 544: Quantum Cheez-Its,2021-01-18,2915,https://claritaspod.com/measure/prfx.byspotify.com/e/pscrb.fm/rss/p/mgln.ai/e/31/afp-9384.calisto.simplecastaudio.com/dbf86dbd-6a9d-4db2-a354-45de08471376/episodes/06f63a2d-15c9-45fd-84ef-c7eb5593eb54/audio/128/default.mp3?aid=rss_feed&awCollectionId=dbf86dbd-6a9d-4db2-a354-45de08471376&awEpisodeId=06f63a2d-15c9-45fd-84ef-c7eb5593eb54&feed=wjQvYtdl,53476491,1a99ec9e-8d68-46b3-bee6-d61e544ca095
MBMBaM 545: Blood is Thicker than the Bun,2021-01-25,3638,https://claritaspod.com/measure/prfx.byspotify.com/e/pscrb.fm/rss/p/mgln.ai/e/31/afp-9384.calisto.simplecastaudio.com/dbf86dbd-6a9d-4db2-a354-45de08471376/episodes/7ad23a44-9c88-4e67-821a-ab01c6386610/audio/128/default.mp3?aid=rss_feed&awCollectionId=dbf86dbd-6a9d-4db2-a354-45de08471376&awEpisodeId=7ad23a44-9c88-4e67-821a-ab01c6386610&feed=wjQvYtdl,65046073,a2b3a08d-849d-4cd3-881a-545bff29a57e
MBMBaM 546: A Force Sandwich with Lightsaber Sauce,2021-02-01,3630,https://claritaspod.com/measure/prfx.byspotify.com/e/pscrb.fm/rss/p/mgln.ai/e/31/afp-9384.calisto.simplecastaudio.com/dbf86dbd-6a9d-4db2-a354-45de08471376/episodes/cf7473f9-9732-47fd-8dd3-e95c7b8e38b0/audio/128/default.mp3?aid=rss_feed&awCollectionId=dbf86dbd-6a9d-4db2-a354-45de08471376&awEpisodeId=cf7473f9-9732-47fd-8dd3-e95c7b8e38b0&feed=wjQvYtdl,64938507,d7b2f071-9c7d-45f6-a1b5-f3a6e7933993
MBMBaM 547: Chili Wonka,2021-02-08,3872,https://claritaspod.com/measure/prfx.byspotify.com/e/pscrb.fm/rss/p/mgln.ai/e/31/afp-9384.calisto.simplecastaudio.com/dbf86dbd-6a9d-4db2-a354-45de08471376/episodes/7d6be052-18d9-48af-a8c5-6cde50de6c47/audio/128/default.mp3?aid=rss_feed&awCollectionId=dbf86dbd-6a9d-4db2-a354-45de08471376&awEpisodeId=7d6be052-18d9-48af-a8c5-6cde50de6c47&feed=wjQvYtdl,68812577,31dd295f-021b-45e0-ac0b-2df1fc0e6691
MBMBaM 548: Jeans All The Way Down,2021-02-15,3574,https://claritaspod.com/measure/prfx.byspotify.com/e/pscrb.fm/rss/p/mgln.ai/e/31/afp-9384.calisto.simplecastaudio.com/dbf86dbd-6a9d-4db2-a354-45de08471376/episodes/2b69895b-77a5-4356-bcd7-a3b64f17d1f1/audio/128/default.mp3?aid=rss_feed&awCollectionId=dbf86dbd-6a9d-4db2-a354-45de08471376&awEpisodeId=2b69895b-77a5-4356-bcd7-a3b64f17d1f1&feed=wjQvYtdl,64041508,397e19eb-6227-472d-a26b-04de2848376e
"MBMBaM 549: Bros Better, Bros Best, Ch. 153-169",2021-02-22,3764,https://claritaspod.com/measure/prfx.byspotify.com/e/pscrb.fm/rss/p/mgln.ai/e/31/afp-9384.calisto.simplecastaudio.com/dbf86dbd-6a9d-4db2-a354-45de08471376/episodes/29bf08a9-5f0b-409d-afec-914c155821f8/audio/128/default.mp3?aid=rss_feed&awCollectionId=dbf86dbd-6a9d-4db2-a354-45de08471376&awEpisodeId=29bf08a9-5f0b-409d-afec-914c155821f8&feed=wjQvYtdl,60249060,373ffb77-62d4-49f8-8e85-18906860081c
MBMBaM 550: The Spider-Man Truth,2021-03-02,3533,https://claritaspod.com/measure/prfx.byspotify.com/e/pscrb.fm/rss/p/mgln.ai/e/31/afp-9384.calisto.simplecastaudio.com/dbf86dbd-6a9d-4db2-a354-45de08471376/episodes/456bd82c-e6e7-46df-b950-231da2e3c5c7/audio/128/default.mp3?aid=rss_feed&awCollectionId=dbf86dbd-6a9d-4db2-a354-45de08471376&awEpisodeId=456bd82c-e6e7-46df-b950-231da2e3c5c7&feed=wjQvYtdl,63388377,9f526afb-c087-4917-a53d-befff724ff4b
MBMBaM 551: Non-Euclidian Meat Cone,2021-03-08,3515,https://claritaspod.com/measure/prfx.byspotify.com/e/pscrb.fm/rss/p/mgln.ai/e/31/afp-9384.calisto.simplecastaudio.com/dbf86dbd-6a9d-4db2-a354-45de08471376/episodes/d9d2b313-3751-4b47-8d4d-f0afdcd45497/audio/128/default.mp3?aid=rss_feed&awCollectionId=dbf86dbd-6a9d-4db2-a354-45de08471376&awEpisodeId=d9d2b313-3751-4b47-8d4d-f0afdcd45497&feed=wjQvYtdl,63104775,9ab675c2-a7b6-4a8a-a82f-923842dedda4
MBMBaM 552: Introducing Fredo Cooljazz,2021-03-15,4092,https://claritaspod.com/measure/prfx.byspotify.com/e/pscrb.fm/rss/p/mgln.ai/e/31/afp-9384.calisto.simplecastaudio.com/dbf86dbd-6a9d-4db2-a354-45de08471376/episodes/52a17d6d-f643-439f-b92a-ac6f5a1e72ec/audio/128/default.mp3?aid=rss_feed&awCollectionId=dbf86dbd-6a9d-4db2-a354-45de08471376&awEpisodeId=52a17d6d-f643-439f-b92a-ac6f5a1e72ec&feed=wjQvYtdl,72353196,b7362982-63eb-4f71-9b18-c27dc58a1b9f
"MBMBaM 553: The Planet’s Dying, Pringles",2021-03-22,3326,https://claritaspod.com/measure/prfx.byspotify.com/e/pscrb.fm/rss/p/mgln.ai/e/31/afp-9384.calisto.simplecastaudio.com/dbf86dbd-6a9d-4db2-a354-45de08471376/episodes/9f8b84ec-0a11-4fb6-b484-02916ed94e1f/audio/128/default.mp3?aid=rss_feed&awCollectionId=dbf86dbd-6a9d-4db2-a354-45de08471376&awEpisodeId=9f8b84ec-0a11-4fb6-b484-02916ed94e1f&feed=wjQvYtdl,60093823,054d5b3c-8094-4476-9c66-d2fb39880fbb
MBMBaM 554: Tub Pumpkin,2021-03-29,3418,https://claritaspod.com/measure/prfx.byspotify.com/e/pscrb.fm/rss/p/mgln.ai/e/31/afp-9384.calisto.simplecastaudio.com/dbf86dbd-6a9d-4db2-a354-45de08471376/episodes/d269423d-26ea-43e8-81e8-57beedd1dbf5/audio/128/default.mp3?aid=rss_feed&awCollectionId=dbf86dbd-6a9d-4db2-a354-45de08471376&awEpisodeId=d269423d-26ea-43e8-81e8-57beedd1dbf5&feed=wjQvYtdl,61561769,36443968-a1cc-4581-96f0-3d441b22f145
MBMBaM Presents: The New Appalachian Workshop ft. the McElroy Brothers (but not Griffin),2021-04-05,2927,https://claritaspod.com/measure/prfx.byspotify.com/e/pscrb.fm/rss/p/mgln.ai/e/31/afp-9384.calisto.simplecastaudio.com/dbf86dbd-6a9d-4db2-a354-45de08471376/episodes/b951e5e2-646e-4442-84e5-6578b034152b/audio/128/default.mp3?aid=rss_feed&awCollectionId=dbf86dbd-6a9d-4db2-a354-45de08471376&awEpisodeId=b951e5e2-646e-4442-84e5-6578b034152b&feed=wjQvYtdl,68983024,d316a415-08f2-4838-b4b9-f8eaff5f608b
MBMBaM 555: Come Get a Sack,2021-04-12,3359,https://claritaspod.com/measure/prfx.byspotify.com/e/pscrb.fm/rss/p/mgln.ai/e/31/afp-9384.calisto.simplecastaudio.com/dbf86dbd-6a9d-4db2-a354-45de08471376/episodes/c4979a30-5b82-4612-9f5e-691c9d74d902/audio/128/default.mp3?aid=rss_feed&awCollectionId=dbf86dbd-6a9d-4db2-a354-45de08471376&awEpisodeId=c4979a30-5b82-4612-9f5e-691c9d74d902&feed=wjQvYtdl,60620757,ea1571e5-fc8e-40b2-a5a9-6616812a83dc
MBMBaM 556: New Virtual Wing Concept,2021-04-19,3783,https://claritaspod.com/measure/prfx.byspotify.com/e/pscrb.fm/rss/p/mgln.ai/e/31/afp-9384.calisto.simplecastaudio.com/dbf86dbd-6a9d-4db2-a354-45de08471376/episodes/a19c29f7-2b07-497d-b08a-a6fda9cc3e4b/audio/128/default.mp3?aid=rss_feed&awCollectionId=dbf86dbd-6a9d-4db2-a354-45de08471376&awEpisodeId=a19c29f7-2b07-497d-b08a-a6fda9cc3e4b&feed=wjQvYtdl,67419829,c84ec8b5-7a32-47e9-9be5-ffc4b12e9186
MBMBaM 420: Funeral For a Friend,2021-04-20,2163,https://claritaspod.com/measure/prfx.byspotify.com/e/pscrb.fm/rss/p/mgln.ai/e/31/afp-9384.calisto.simplecastaudio.com/dbf86dbd-6a9d-4db2-a354-45de08471376/episodes/c7d87feb-7179-4438-b60b-1c66aa56f289/audio/128/default.mp3?aid=rss_feed&awCollectionId=dbf86dbd-6a9d-4db2-a354-45de08471376&awEpisodeId=c7d87feb-7179-4438-b60b-1c66aa56f289&feed=wjQvYtdl,41489029,a6daa006-d598-49a7-9d77-f7da07bff37b
MBMBaM 557: Morgan Beeman Strikes Again,2021-04-27,3719,https://claritaspod.com/measure/prfx.byspotify.com/e/pscrb.fm/rss/p/mgln.ai/e/31/afp-9384.calisto.simplecastaudio.com/dbf86dbd-6a9d-4db2-a354-45de08471376/episodes/0af8dde5-dec4-40e6-88f4-d4eafb5cf2db/audio/128/default.mp3?aid=rss_feed&awCollectionId=dbf86dbd-6a9d-4db2-a354-45de08471376&awEpisodeId=0af8dde5-dec4-40e6-88f4-d4eafb5cf2db&feed=wjQvYtdl,66386309,e4139e52-e761-4a6f-973b-163cf08fa4ee
MBMBaM 558: The Star of the Sandwich Show,2021-05-03,3894,https://claritaspod.com/measure/prfx.byspotify.com/e/pscrb.fm/rss/p/mgln.ai/e/31/afp-9384.calisto.simplecastaudio.com/dbf86dbd-6a9d-4db2-a354-45de08471376/episodes/bb4dbe7a-8144-4301-9666-2fdc3bbe4ad9/audio/128/default.mp3?aid=rss_feed&awCollectionId=dbf86dbd-6a9d-4db2-a354-45de08471376&awEpisodeId=bb4dbe7a-8144-4301-9666-2fdc3bbe4ad9&feed=wjQvYtdl,69182406,bb41dbb0-04b7-4a84-83fc-a19111b1d626
MBMBaM 559: The Moon Sent Me,2021-05-10,3366,https://claritaspod.com/measure/prfx.byspotify.com/e/pscrb.fm/rss/p/mgln.ai/e/31/afp-9384.calisto.simplecastaudio.com/dbf86dbd-6a9d-4db2-a354-45de08471376/episodes/87573372-8a3d-4018-81b7-d1276e0a17c0/audio/128/default.mp3?aid=rss_feed&awCollectionId=dbf86dbd-6a9d-4db2-a354-45de08471376&awEpisodeId=87573372-8a3d-4018-81b7-d1276e0a17c0&feed=wjQvYtdl,60732813,db7551ca-5046-4b3a-b1e8-f453b357d77e
MBMBaM 560: Starter in the Jarter,2021-05-17,3515,https://claritaspod.com/measure/prfx.byspotify.com/e/pscrb.fm/rss/p/mgln.ai/e/31/afp-9384.calisto.simplecastaudio.com/dbf86dbd-6a9d-4db2-a354-45de08471376/episodes/61fbe246-1bfb-4872-93de-2f964d1add40/audio/128/default.mp3?aid=rss_feed&awCollectionId=dbf86dbd-6a9d-4db2-a354-45de08471376&awEpisodeId=61fbe246-1bfb-4872-93de-2f964d1add40&feed=wjQvYtdl,63128243,91871010-03b3-43d3-9fd9-910970e9ac5d
MBMBaM 561: Bless My Farts,2021-05-24,3384,https://claritaspod.com/measure/prfx.byspotify.com/e/pscrb.fm/rss/p/mgln.ai/e/31/afp-9384.calisto.simplecastaudio.com/dbf86dbd-6a9d-4db2-a354-45de08471376/episodes/8ce54cd4-4c6b-400e-9d79-9ecc68decbdf/audio/128/default.mp3?aid=rss_feed&awCollectionId=dbf86dbd-6a9d-4db2-a354-45de08471376&awEpisodeId=8ce54cd4-4c6b-400e-9d79-9ecc68decbdf&feed=wjQvYtdl,60955072,68fa6bd2-d528-4365-86d4-69d7467209a1
MBMBaM 562: It Helps to Have a Cube,2021-06-01,3402,https://claritaspod.com/measure/prfx.byspotify.com/e/pscrb.fm/rss/p/mgln.ai/e/31/afp-9384.calisto.simplecastaudio.com/dbf86dbd-6a9d-4db2-a354-45de08471376/episodes/7759eb5d-a707-4cce-b70f-2efd542223ec/audio/128/default.mp3?aid=rss_feed&awCollectionId=dbf86dbd-6a9d-4db2-a354-45de08471376&awEpisodeId=7759eb5d-a707-4cce-b70f-2efd542223ec&feed=wjQvYtdl,61321604,56ed8599-eb83-4dbf-a964-b3bec88effdc
MBMBaM 563: A Streetcar Named Deez Nuts,2021-06-07,3564,https://claritaspod.com/measure/prfx.byspotify.com/e/pscrb.fm/rss/p/mgln.ai/e/31/afp-9384.calisto.simplecastaudio.com/dbf86dbd-6a9d-4db2-a354-45de08471376/episodes/ce6497d6-0e31-49e4-ae9f-3224655d97a8/audio/128/default.mp3?aid=rss_feed&awCollectionId=dbf86dbd-6a9d-4db2-a354-45de08471376&awEpisodeId=ce6497d6-0e31-49e4-ae9f-3224655d97a8&feed=wjQvYtdl,63912951,12b1b15c-d793-4b3f-b14a-36014c23c9ad
MBMBaM 564: HANCH,2021-06-14,3535,https://claritaspod.com/measure/prfx.byspotify.com/e/pscrb.fm/rss/p/mgln.ai/e/31/afp-9384.calisto.simplecastaudio.com/dbf86dbd-6a9d-4db2-a354-45de08471376/episodes/c5d8097c-d849-4ab7-a917-cbd7aec1e09e/audio/128/default.mp3?aid=rss_feed&awCollectionId=dbf86dbd-6a9d-4db2-a354-45de08471376&awEpisodeId=c5d8097c-d849-4ab7-a917-cbd7aec1e09e&feed=wjQvYtdl,63444994,1c7c8c08-5f2d-40e9-b533-112b7529a463
MBMBaM 565: No Information Forthcoming,2021-06-21,3330,https://claritaspod.com/measure/prfx.byspotify.com/e/pscrb.fm/rss/p/mgln.ai/e/31/afp-9384.calisto.simplecastaudio.com/dbf86dbd-6a9d-4db2-a354-45de08471376/episodes/c12f2254-7d1d-4c73-a6f3-cf064caf4684/audio/128/default.mp3?aid=rss_feed&awCollectionId=dbf86dbd-6a9d-4db2-a354-45de08471376&awEpisodeId=c12f2254-7d1d-4c73-a6f3-cf064caf4684&feed=wjQvYtdl,60156230,10009d8e-642e-48d2-b5ae-7fc430bcd906
MBMBaM 566: This is My Juice Spot,2021-06-29,3519,https://claritaspod.com/measure/prfx.byspotify.com/e/pscrb.fm/rss/p/mgln.ai/e/31/afp-9384.calisto.simplecastaudio.com/dbf86dbd-6a9d-4db2-a354-45de08471376/episodes/af50d6ce-0e3c-44ed-9a13-20cb1eb97b92/audio/128/default.mp3?aid=rss_feed&awCollectionId=dbf86dbd-6a9d-4db2-a354-45de08471376&awEpisodeId=af50d6ce-0e3c-44ed-9a13-20cb1eb97b92&feed=wjQvYtdl,63190853,23de1e27-5053-4df4-a705-8d6ced3c21e2
MBMBaM 567: Triumvirate of Butt Problems,2021-07-06,3617,https://claritaspod.com/measure/prfx.byspotify.com/e/pscrb.fm/rss/p/mgln.ai/e/31/afp-9384.calisto.simplecastaudio.com/dbf86dbd-6a9d-4db2-a354-45de08471376/episodes/2f2400fd-7796-4e64-9bb0-04b8e9f200b1/audio/128/default.mp3?aid=rss_feed&awCollectionId=dbf86dbd-6a9d-4db2-a354-45de08471376&awEpisodeId=2f2400fd-7796-4e64-9bb0-04b8e9f200b1&feed=wjQvYtdl,64762218,2adbd866-bac8-45f1-8344-d282bdda36b8
MBMBaM 568: Will A Sign Help?,2021-07-12,3452,https://claritaspod.com/measure/prfx.byspotify.com/e/pscrb.fm/rss/p/mgln.ai/e/31/afp-9384.calisto.simplecastaudio.com/dbf86dbd-6a9d-4db2-a354-45de08471376/episodes/03ebd294-1460-4a15-97d1-ce53ad9330c2/audio/128/default.mp3?aid=rss_feed&awCollectionId=dbf86dbd-6a9d-4db2-a354-45de08471376&awEpisodeId=03ebd294-1460-4a15-97d1-ce53ad9330c2&feed=wjQvYtdl,62117621,cdb0f780-bd7c-473d-bb62-b342c274a5aa
MBMBaM 569: Planet of Valjeans,2021-07-19,3806,https://claritaspod.com/measure/prfx.byspotify.com/e/pscrb.fm/rss/p/mgln.ai/e/31/afp-9384.calisto.simplecastaudio.com/dbf86dbd-6a9d-4db2-a354-45de08471376/episodes/eee2ca24-76c6-430c-b202-8ec01ce2675d/audio/128/default.mp3?aid=rss_feed&awCollectionId=dbf86dbd-6a9d-4db2-a354-45de08471376&awEpisodeId=eee2ca24-76c6-430c-b202-8ec01ce2675d&feed=wjQvYtdl,67768993,8049e305-928f-454b-b742-887b7786c9be
MBMBaM 570: Cryptoast of the Town,2021-07-26,3567,https://claritaspod.com/measure/prfx.byspotify.com/e/pscrb.fm/rss/p/mgln.ai/e/31/afp-9384.calisto.simplecastaudio.com/dbf86dbd-6a9d-4db2-a354-45de08471376/episodes/2a9ac356-786b-4f1d-8aa8-515e11d2073a/audio/128/default.mp3?aid=rss_feed&awCollectionId=dbf86dbd-6a9d-4db2-a354-45de08471376&awEpisodeId=2a9ac356-786b-4f1d-8aa8-515e11d2073a&feed=wjQvYtdl,63876254,9a6c13ff-2960-4654-a6ad-6a1625e0845b
MBMBaM 571: The Gru of Popsicles,2021-08-02,3529,https://claritaspod.com/measure/prfx.byspotify.com/e/pscrb.fm/rss/p/mgln.ai/e/31/afp-9384.calisto.simplecastaudio.com/dbf86dbd-6a9d-4db2-a354-45de08471376/episodes/08f767ab-ae68-4a1f-a3c6-c17b0cfca24c/audio/128/default.mp3?aid=rss_feed&awCollectionId=dbf86dbd-6a9d-4db2-a354-45de08471376&awEpisodeId=08f767ab-ae68-4a1f-a3c6-c17b0cfca24c&feed=wjQvYtdl,63343298,b28c948f-ab3a-489c-8e5f-5097bb13d116
MBMBaM 572: Sky Captain and the World of Giamatti,2021-08-09,3579,https://claritaspod.com/measure/prfx.byspotify.com/e/pscrb.fm/rss/p/mgln.ai/e/31/afp-9384.calisto.simplecastaudio.com/dbf86dbd-6a9d-4db2-a354-45de08471376/episodes/90de4969-3a39-4795-a42e-0e708c402b49/audio/128/default.mp3?aid=rss_feed&awCollectionId=dbf86dbd-6a9d-4db2-a354-45de08471376&awEpisodeId=90de4969-3a39-4795-a42e-0e708c402b49&feed=wjQvYtdl,64067014,a3f5b674-4a15-485f-80d7-fc4574a2e867
"MBMBaM 573: Bro's Better, Bro's Best: Ch. 200 - 216",2021-08-16,3179,https://claritaspod.com/measure/prfx.byspotify.com/e/pscrb.fm/rss/p/mgln.ai/e/31/afp-9384.calisto.simplecastaudio.com/dbf86dbd-6a9d-4db2-a354-45de08471376/episodes/a9853351-9987-49a8-8a2f-45ae8338e40c/audio/128/default.mp3?aid=rss_feed&awCollectionId=dbf86dbd-6a9d-4db2-a354-45de08471376&awEpisodeId=a9853351-9987-49a8-8a2f-45ae8338e40c&feed=wjQvYtdl,57740748,1bf5fa93-c74a-4153-91e1-9f309b1f5b21
MBMBaM 574: My Burger My Burger and Me,2021-08-23,3737,https://claritaspod.com/measure/prfx.byspotify.com/e/pscrb.fm/rss/p/mgln.ai/e/31/afp-9384.calisto.simplecastaudio.com/dbf86dbd-6a9d-4db2-a354-45de08471376/episodes/057c1615-3682-44b5-8983-dcf9f0aa5b53/audio/128/default.mp3?aid=rss_feed&awCollectionId=dbf86dbd-6a9d-4db2-a354-45de08471376&awEpisodeId=057c1615-3682-44b5-8983-dcf9f0aa5b53&feed=wjQvYtdl,66678786,cb0e7c13-b5bb-48f7-80cf-6b89a1abe46a
"MBMBaM 575: Fluffy Like a Sandwich, Folded Like a Taco",2021-08-30,3778,https://claritaspod.com/measure/prfx.byspotify.com/e/pscrb.fm/rss/p/mgln.ai/e/31/afp-9384.calisto.simplecastaudio.com/dbf86dbd-6a9d-4db2-a354-45de08471376/episodes/b076ef2b-ade0-4d89-a4bb-0ed6511537e4/audio/128/default.mp3?aid=rss_feed&awCollectionId=dbf86dbd-6a9d-4db2-a354-45de08471376&awEpisodeId=b076ef2b-ade0-4d89-a4bb-0ed6511537e4&feed=wjQvYtdl,67333212,f276509e-3416-44c9-80b7-581c9c8b5d04
MBMBaM 576: Several Iguanadons,2021-09-06,3602,https://claritaspod.com/measure/prfx.byspotify.com/e/pscrb.fm/rss/p/mgln.ai/e/31/afp-9384.calisto.simplecastaudio.com/dbf86dbd-6a9d-4db2-a354-45de08471376/episodes/6ca28ce4-d4dc-4c60-9ab2-f1908a9a0f64/audio/128/default.mp3?aid=rss_feed&awCollectionId=dbf86dbd-6a9d-4db2-a354-45de08471376&awEpisodeId=6ca28ce4-d4dc-4c60-9ab2-f1908a9a0f64&feed=wjQvYtdl,64518872,71a1395e-3552-4746-b27f-7569a785f318
MBMBaM 577: Canonically Assassinated,2021-09-13,3690,https://claritaspod.com/measure/prfx.byspotify.com/e/pscrb.fm/rss/p/mgln.ai/e/31/afp-9384.calisto.simplecastaudio.com/dbf86dbd-6a9d-4db2-a354-45de08471376/episodes/90169de7-b9e5-47d4-bb3d-d5796f5c3176/audio/128/default.mp3?aid=rss_feed&awCollectionId=dbf86dbd-6a9d-4db2-a354-45de08471376&awEpisodeId=90169de7-b9e5-47d4-bb3d-d5796f5c3176&feed=wjQvYtdl,65923445,b716331e-0789-42c7-bcfa-77717f2ef46f
MBMBaM 578: Greg’s Upstairs High-Performance Tea Kettle,2021-09-21,3703,https://claritaspod.com/measure/prfx.byspotify.com/e/pscrb.fm/rss/p/mgln.ai/e/31/afp-9384.calisto.simplecastaudio.com/dbf86dbd-6a9d-4db2-a354-45de08471376/episodes/1f0c684b-912c-487f-81fb-c993384ec35a/audio/128/default.mp3?aid=rss_feed&awCollectionId=dbf86dbd-6a9d-4db2-a354-45de08471376&awEpisodeId=1f0c684b-912c-487f-81fb-c993384ec35a&feed=wjQvYtdl,66131730,dd61fd6a-d5b6-4e7b-a77e-d3d194dbbe95
MBMBaM 579: Twoklahoma,2021-09-27,3772,https://claritaspod.com/measure/prfx.byspotify.com/e/pscrb.fm/rss/p/mgln.ai/e/31/afp-9384.calisto.simplecastaudio.com/dbf86dbd-6a9d-4db2-a354-45de08471376/episodes/3e7cf891-d788-4374-bfd1-1adae6526c07/audio/128/default.mp3?aid=rss_feed&awCollectionId=dbf86dbd-6a9d-4db2-a354-45de08471376&awEpisodeId=3e7cf891-d788-4374-bfd1-1adae6526c07&feed=wjQvYtdl,67235084,3be73a45-dbcd-4ccc-8c96-15c1c008f2b7
MBMBaM 580: Density of Fifty Hard Boiled Eggs,2021-10-04,3725,https://claritaspod.com/measure/prfx.byspotify.com/e/pscrb.fm/rss/p/mgln.ai/e/31/afp-9384.calisto.simplecastaudio.com/dbf86dbd-6a9d-4db2-a354-45de08471376/episodes/ac0b4674-0f36-465a-81f1-d8c626d935a8/audio/128/default.mp3?aid=rss_feed&awCollectionId=dbf86dbd-6a9d-4db2-a354-45de08471376&awEpisodeId=ac0b4674-0f36-465a-81f1-d8c626d935a8&feed=wjQvYtdl,66486034,d3bbbd21-ec18-4be5-a5ea-ad3d8dfd65fa
MBMBaM 581: Boo-ty Ghoul-iani,2021-10-11,3922,https://claritaspod.com/measure/prfx.byspotify.com/e/pscrb.fm/rss/p/mgln.ai/e/31/afp-9384.calisto.simplecastaudio.com/dbf86dbd-6a9d-4db2-a354-45de08471376/episodes/ab4a67ce-36f3-414f-9d17-ffaec433aaba/audio/128/default.mp3?aid=rss_feed&awCollectionId=dbf86dbd-6a9d-4db2-a354-45de08471376&awEpisodeId=ab4a67ce-36f3-414f-9d17-ffaec433aaba&feed=wjQvYtdl,69630462,4ce84a90-eee9-4586-9fef-4da3282ebe4a
MBMBaM 582: Bony Butt Stabber in Coastal Maine,2021-10-18,3901,https://claritaspod.com/measure/prfx.byspotify.com/e/pscrb.fm/rss/p/mgln.ai/e/31/afp-9384.calisto.simplecastaudio.com/dbf86dbd-6a9d-4db2-a354-45de08471376/episodes/09f75d02-4e20-42ab-b91a-c85d2df71ae4/audio/128/default.mp3?aid=rss_feed&awCollectionId=dbf86dbd-6a9d-4db2-a354-45de08471376&awEpisodeId=09f75d02-4e20-42ab-b91a-c85d2df71ae4&feed=wjQvYtdl,69299069,23cf91a3-59bc-48fa-88b8-2e186bd56b83
MaxFun Block Party: Movie Advice with Maximum Film,2021-10-19,1836,https://claritaspod.com/measure/prfx.byspotify.com/e/pscrb.fm/rss/p/mgln.ai/e/31/afp-9384.calisto.simplecastaudio.com/dbf86dbd-6a9d-4db2-a354-45de08471376/episodes/70d2f914-d322-4e02-a7d2-62bf2cfd09e0/audio/128/default.mp3?aid=rss_feed&awCollectionId=dbf86dbd-6a9d-4db2-a354-45de08471376&awEpisodeId=70d2f914-d322-4e02-a7d2-62bf2cfd09e0&feed=wjQvYtdl,36252099,a047464f-c455-48a6-a930-c911f001b491
MBMBaM 583: Soccertes,2021-10-25,3930,https://claritaspod.com/measure/prfx.byspotify.com/e/pscrb.fm/rss/p/mgln.ai/e/31/afp-9384.calisto.simplecastaudio.com/dbf86dbd-6a9d-4db2-a354-45de08471376/episodes/ef71c765-7b66-45a2-9e64-2538e9769084/audio/128/default.mp3?aid=rss_feed&awCollectionId=dbf86dbd-6a9d-4db2-a354-45de08471376&awEpisodeId=ef71c765-7b66-45a2-9e64-2538e9769084&feed=wjQvYtdl,69774764,39da9385-be0b-4c02-b294-099d2dc9c015
MBMBaM 584: Three Hunky Guys Podcast,2021-11-01,3567,https://claritaspod.com/measure/prfx.byspotify.com/e/pscrb.fm/rss/p/mgln.ai/e/31/afp-9384.calisto.simplecastaudio.com/dbf86dbd-6a9d-4db2-a354-45de08471376/episodes/b159f986-ddc2-43db-a1e8-44cb0032c1f9/audio/128/default.mp3?aid=rss_feed&awCollectionId=dbf86dbd-6a9d-4db2-a354-45de08471376&awEpisodeId=b159f986-ddc2-43db-a1e8-44cb0032c1f9&feed=wjQvYtdl,63965699,dcd22f82-39b4-4daa-9b4e-87f1a342a9b3
MBMBaM 585: One Year Closer to Salsa,2021-11-08,3597,https://claritaspod.com/measure/prfx.byspotify.com/e/pscrb.fm/rss/p/mgln.ai/e/31/afp-9384.calisto.simplecastaudio.com/dbf86dbd-6a9d-4db2-a354-45de08471376/episodes/e7513f96-da9f-4aed-870c-749882955f5a/audio/128/default.mp3?aid=rss_feed&awCollectionId=dbf86dbd-6a9d-4db2-a354-45de08471376&awEpisodeId=e7513f96-da9f-4aed-870c-749882955f5a&feed=wjQvYtdl,64431870,b40594a2-64cd-49e5-a5e8-215a0d2307e9
MBMBaM 586: How was Hell this Time?,2021-11-15,3355,https://claritaspod.com/measure/prfx.byspotify.com/e/pscrb.fm/rss/p/mgln.ai/e/31/afp-9384.calisto.simplecastaudio.com/dbf86dbd-6a9d-4db2-a354-45de08471376/episodes/10be5657-b91d-4bf9-8553-d925fd3e1b45/audio/128/default.mp3?aid=rss_feed&awCollectionId=dbf86dbd-6a9d-4db2-a354-45de08471376&awEpisodeId=10be5657-b91d-4bf9-8553-d925fd3e1b45&feed=wjQvYtdl,60570295,9975dca3-c851-462a-9ddd-f1ed5051ff17
MBMBaM 587: How Travis Got His Woof Back,2021-11-22,3927,https://claritaspod.com/measure/prfx.byspotify.com/e/pscrb.fm/rss/p/mgln.ai/e/31/afp-9384.calisto.simplecastaudio.com/dbf86dbd-6a9d-4db2-a354-45de08471376/episodes/5e5bbd41-7816-4d73-b55b-0f118270b4fa/audio/128/default.mp3?aid=rss_feed&awCollectionId=dbf86dbd-6a9d-4db2-a354-45de08471376&awEpisodeId=5e5bbd41-7816-4d73-b55b-0f118270b4fa&feed=wjQvYtdl,69709593,602b63a1-380a-47f9-a621-0a14c9e17292
MBMBaM 588: Swamp Cats and Dorfs,2021-11-29,3675,https://claritaspod.com/measure/prfx.byspotify.com/e/pscrb.fm/rss/p/mgln.ai/e/31/afp-9384.calisto.simplecastaudio.com/dbf86dbd-6a9d-4db2-a354-45de08471376/episodes/7f462661-2a4d-4c21-9ccb-c98672153a3a/audio/128/default.mp3?aid=rss_feed&awCollectionId=dbf86dbd-6a9d-4db2-a354-45de08471376&awEpisodeId=7f462661-2a4d-4c21-9ccb-c98672153a3a&feed=wjQvYtdl,65680803,6e8c89ed-e1ee-4cb0-b21c-6deffd12cb32
MBMBaM 589: Face 2 Face: The World’s Richest Robot is Back,2021-12-13,4126,https://claritaspod.com/measure/prfx.byspotify.com/e/pscrb.fm/rss/p/mgln.ai/e/31/afp-9384.calisto.simplecastaudio.com/dbf86dbd-6a9d-4db2-a354-45de08471376/episodes/07cfbd7d-1df2-414d-81e4-388a2e19fa38/audio/128/default.mp3?aid=rss_feed&awCollectionId=dbf86dbd-6a9d-4db2-a354-45de08471376&awEpisodeId=07cfbd7d-1df2-414d-81e4-388a2e19fa38&feed=wjQvYtdl,72905116,68d17e8d-f377-466a-be56-de22f8f32e56
MBMBaM 590: Keep Your Grades Up,2021-12-21,3704,https://claritaspod.com/measure/prfx.byspotify.com/e/pscrb.fm/rss/p/mgln.ai/e/31/afp-9384.calisto.simplecastaudio.com/dbf86dbd-6a9d-4db2-a354-45de08471376/episodes/5634e2f7-7b41-4d1f-b900-f455bead1275/audio/128/default.mp3?aid=rss_feed&awCollectionId=dbf86dbd-6a9d-4db2-a354-45de08471376&awEpisodeId=5634e2f7-7b41-4d1f-b900-f455bead1275&feed=wjQvYtdl,66147668,41d2e852-65e7-4c2a-8cde-675ac94e984d
"MBMBaM 591: Bro's Better, Bro's Best: Ch. 217 - 230",2022-01-03,4073,https://claritaspod.com/measure/prfx.byspotify.com/e/pscrb.fm/rss/p/mgln.ai/e/31/afp-9384.calisto.simplecastaudio.com/dbf86dbd-6a9d-4db2-a354-45de08471376/episodes/77c25b50-f2ec-46da-b28f-6da8abf7631b/audio/128/default.mp3?aid=rss_feed&awCollectionId=dbf86dbd-6a9d-4db2-a354-45de08471376&awEpisodeId=77c25b50-f2ec-46da-b28f-6da8abf7631b&feed=wjQvYtdl,72049225,d1e9de3a-eecd-4602-a7b0-ae0d61eaed8e
MBMBaM 592: The Naming of 2022,2022-01-10,4406,https://claritaspod.com/measure/prfx.byspotify.com/e/pscrb.fm/rss/p/mgln.ai/e/31/afp-9384.calisto.simplecastaudio.com/dbf86dbd-6a9d-4db2-a354-45de08471376/episodes/7ec2dbcf-128d-45c3-972e-f8e6fc6d3266/audio/128/default.mp3?aid=rss_feed&awCollectionId=dbf86dbd-6a9d-4db2-a354-45de08471376&awEpisodeId=7ec2dbcf-128d-45c3-972e-f8e6fc6d3266&feed=wjQvYtdl,77375046,90b60d5f-a59e-4c45-95ee-6ff0b8a54657
MBMBaM 593: Foolish and Vacuous Perfume Oil,2022-01-17,4184,https://claritaspod.com/measure/prfx.byspotify.com/e/pscrb.fm/rss/p/mgln.ai/e/31/afp-9384.calisto.simplecastaudio.com/dbf86dbd-6a9d-4db2-a354-45de08471376/episodes/0326e767-e2af-4a30-a37d-ec3d4f21c652/audio/128/default.mp3?aid=rss_feed&awCollectionId=dbf86dbd-6a9d-4db2-a354-45de08471376&awEpisodeId=0326e767-e2af-4a30-a37d-ec3d4f21c652&feed=wjQvYtdl,73824188,c831c539-cd40-4dfc-a081-3b4259e16245
MBMBaM 594: The Trumpet,2022-01-24,3830,https://claritaspod.com/measure/prfx.byspotify.com/e/pscrb.fm/rss/p/mgln.ai/e/31/afp-9384.calisto.simplecastaudio.com/dbf86dbd-6a9d-4db2-a354-45de08471376/episodes/4628c760-79f0-4f44-92a2-ebdcd87877cb/audio/128/default.mp3?aid=rss_feed&awCollectionId=dbf86dbd-6a9d-4db2-a354-45de08471376&awEpisodeId=4628c760-79f0-4f44-92a2-ebdcd87877cb&feed=wjQvYtdl,68165512,9ca63000-3d90-4b47-9003-bd9d63606921
MBMBaM 595: Gasoline of the Body,2022-01-31,3885,https://claritaspod.com/measure/prfx.byspotify.com/e/pscrb.fm/rss/p/mgln.ai/e/31/afp-9384.calisto.simplecastaudio.com/dbf86dbd-6a9d-4db2-a354-45de08471376/episodes/1ca79c53-0821-4c4c-93e9-6db151bc79ec/audio/128/default.mp3?aid=rss_feed&awCollectionId=dbf86dbd-6a9d-4db2-a354-45de08471376&awEpisodeId=1ca79c53-0821-4c4c-93e9-6db151bc79ec&feed=wjQvYtdl,69046679,c1a1fa64-a866-4c1a-a958-34055e80cac5
MBMBaM 596: Smartles,2022-02-07,3776,https://claritaspod.com/measure/prfx.byspotify.com/e/pscrb.fm/rss/p/mgln.ai/e/31/afp-9384.calisto.simplecastaudio.com/dbf86dbd-6a9d-4db2-a354-45de08471376/episodes/21807e61-cca1-45cd-9557-ed14021354b8/audio/128/default.mp3?aid=rss_feed&awCollectionId=dbf86dbd-6a9d-4db2-a354-45de08471376&awEpisodeId=21807e61-cca1-45cd-9557-ed14021354b8&feed=wjQvYtdl,67293904,0c5c43aa-8412-400c-9180-d96281a439d5
MBMBaM 597: Foy’s Boys,2022-02-14,3609,https://claritaspod.com/measure/prfx.byspotify.com/e/pscrb.fm/rss/p/mgln.ai/e/31/afp-9384.calisto.simplecastaudio.com/dbf86dbd-6a9d-4db2-a354-45de08471376/episodes/f6aac73a-2ccb-447b-b48b-5fd6f9923bb7/audio/128/default.mp3?aid=rss_feed&awCollectionId=dbf86dbd-6a9d-4db2-a354-45de08471376&awEpisodeId=f6aac73a-2ccb-447b-b48b-5fd6f9923bb7&feed=wjQvYtdl,64628647,5a07122e-3d4b-4037-94f3-978aee292918
MBMBaM 598: Chocolate that Helps You Fudge,2022-02-21,3982,https://claritaspod.com/measure/prfx.byspotify.com/e/pscrb.fm/rss/p/mgln.ai/e/31/afp-9384.calisto.simplecastaudio.com/dbf86dbd-6a9d-4db2-a354-45de08471376/episodes/f75080fd-796f-4d3f-98ab-3c4231e6121f/audio/128/default.mp3?aid=rss_feed&awCollectionId=dbf86dbd-6a9d-4db2-a354-45de08471376&awEpisodeId=f75080fd-796f-4d3f-98ab-3c4231e6121f&feed=wjQvYtdl,70593988,c010eea8-5094-4df7-afd8-f7459bdf327a
MBMBaM 599: The Hand that Drinks You,2022-02-28,4044,https://claritaspod.com/measure/prfx.byspotify.com/e/pscrb.fm/rss/p/mgln.ai/e/31/afp-9384.calisto.simplecastaudio.com/dbf86dbd-6a9d-4db2-a354-45de08471376/episodes/c1efdc3b-2bfa-4c34-b42f-257c66163bc0/audio/128/default.mp3?aid=rss_feed&awCollectionId=dbf86dbd-6a9d-4db2-a354-45de08471376&awEpisodeId=c1efdc3b-2bfa-4c34-b42f-257c66163bc0&feed=wjQvYtdl,71598964,0ad53d7a-8b12-4b23-9261-fa608dc408c8
MBMBaM 600: Awesome Sanguine Meridian Response,2022-03-07,4063,https://claritaspod.com/measure/prfx.byspotify.com/e/pscrb.fm/rss/p/mgln.ai/e/31/afp-9384.calisto.simplecastaudio.com/dbf86dbd-6a9d-4db2-a354-45de08471376/episodes/39def767-5a0a-407a-918a-2407ba3369c8/audio/128/default.mp3?aid=rss_feed&awCollectionId=dbf86dbd-6a9d-4db2-a354-45de08471376&awEpisodeId=39def767-5a0a-407a-918a-2407ba3369c8&feed=wjQvYtdl,71900139,ff33945e-4aca-4760-9987-f76c16c3afd2
MBMBaM 601: Sherlock Holmes and the Mystery of the Perfect Beach Body,2022-03-14,3687,https://claritaspod.com/measure/prfx.byspotify.com/e/pscrb.fm/rss/p/mgln.ai/e/31/afp-9384.calisto.simplecastaudio.com/dbf86dbd-6a9d-4db2-a354-45de08471376/episodes/39b3fbb3-0729-4761-96dc-5751d70efb08/audio/128/default.mp3?aid=rss_feed&awCollectionId=dbf86dbd-6a9d-4db2-a354-45de08471376&awEpisodeId=39b3fbb3-0729-4761-96dc-5751d70efb08&feed=wjQvYtdl,65867937,cbd40a7a-64ac-424f-b783-0b75ab3ef1fd
MBMBaM 602: Eeyore Eeyore Eeyore,2022-03-21,3667,https://claritaspod.com/measure/prfx.byspotify.com/e/pscrb.fm/rss/p/mgln.ai/e/31/afp-9384.calisto.simplecastaudio.com/dbf86dbd-6a9d-4db2-a354-45de08471376/episodes/93a9733f-c02b-4fa8-a6de-e040033d050f/audio/128/default.mp3?aid=rss_feed&awCollectionId=dbf86dbd-6a9d-4db2-a354-45de08471376&awEpisodeId=93a9733f-c02b-4fa8-a6de-e040033d050f&feed=wjQvYtdl,65560658,d31190bc-b359-48c1-82c1-94c9aa95ce2c
MBMBaM 603: A Cold One Between the Shoulders,2022-03-28,4207,https://claritaspod.com/measure/prfx.byspotify.com/e/pscrb.fm/rss/p/mgln.ai/e/31/afp-9384.calisto.simplecastaudio.com/dbf86dbd-6a9d-4db2-a354-45de08471376/episodes/09bc20f4-a50f-4294-9152-bd60be7739ab/audio/128/default.mp3?aid=rss_feed&awCollectionId=dbf86dbd-6a9d-4db2-a354-45de08471376&awEpisodeId=09bc20f4-a50f-4294-9152-bd60be7739ab&feed=wjQvYtdl,74205480,b4b6b934-324e-4fcd-a892-a6aae34771a9
MBMBaM 604: Fluffybutt Acres,2022-04-04,4027,https://claritaspod.com/measure/prfx.byspotify.com/e/pscrb.fm/rss/p/mgln.ai/e/31/afp-9384.calisto.simplecastaudio.com/dbf86dbd-6a9d-4db2-a354-45de08471376/episodes/af38b8be-7a8e-44e9-be40-f2a5b58674f1/audio/128/default.mp3?aid=rss_feed&awCollectionId=dbf86dbd-6a9d-4db2-a354-45de08471376&awEpisodeId=af38b8be-7a8e-44e9-be40-f2a5b58674f1&feed=wjQvYtdl,71313659,77f0f96a-07b8-4e2d-8046-7ef3838ac5cf
MBMBaM 605: Could You Fight a Horse?,2022-04-11,3777,https://claritaspod.com/measure/prfx.byspotify.com/e/pscrb.fm/rss/p/mgln.ai/e/31/afp-9384.calisto.simplecastaudio.com/dbf86dbd-6a9d-4db2-a354-45de08471376/episodes/f5a71038-0f38-4a06-ad01-fc37cbe5b57b/audio/128/default.mp3?aid=rss_feed&awCollectionId=dbf86dbd-6a9d-4db2-a354-45de08471376&awEpisodeId=f5a71038-0f38-4a06-ad01-fc37cbe5b57b&feed=wjQvYtdl,67310524,38543326-8374-4c20-b33f-3ac8bb72397e
MBMBaM 606: Blazed and Glazed,2022-04-18,3930,https://claritaspod.com/measure/prfx.byspotify.com/e/pscrb.fm/rss/p/mgln.ai/e/31/afp-9384.calisto.simplecastaudio.com/dbf86dbd-6a9d-4db2-a354-45de08471376/episodes/96ee3d6e-2ade-47c2-bf23-975b0041ea5b/audio/128/default.mp3?aid=rss_feed&awCollectionId=dbf86dbd-6a9d-4db2-a354-45de08471376&awEpisodeId=96ee3d6e-2ade-47c2-bf23-975b0041ea5b&feed=wjQvYtdl,69759004,eebdeb73-7317-403a-ac80-451d1667ef12
MBMBaM 607: Are You Fleetwood Mac?,2022-04-25,4124,https://claritaspod.com/measure/prfx.byspotify.com/e/pscrb.fm/rss/p/mgln.ai/e/31/afp-9384.calisto.simplecastaudio.com/dbf86dbd-6a9d-4db2-a354-45de08471376/episodes/3f3dcf1e-bd41-4c0e-a5a5-4265477c10e8/audio/128/default.mp3?aid=rss_feed&awCollectionId=dbf86dbd-6a9d-4db2-a354-45de08471376&awEpisodeId=3f3dcf1e-bd41-4c0e-a5a5-4265477c10e8&feed=wjQvYtdl,72860870,4ccdb762-474b-4087-ac5f-96cd5ff67562
MBMBaM 608: Banished to the Space Jam Annex,2022-05-02,4069,https://claritaspod.com/measure/prfx.byspotify.com/e/pscrb.fm/rss/p/mgln.ai/e/31/afp-9384.calisto.simplecastaudio.com/dbf86dbd-6a9d-4db2-a354-45de08471376/episodes/47f7d44c-1f19-4182-ba43-a6782eb42eb7/audio/128/default.mp3?aid=rss_feed&awCollectionId=dbf86dbd-6a9d-4db2-a354-45de08471376&awEpisodeId=47f7d44c-1f19-4182-ba43-a6782eb42eb7&feed=wjQvYtdl,71974995,a370e5c3-a818-45f6-86e6-ad435ff3ae2e
MBMBaM 609: Face 2 Face: Thirty to Forty Ghosts,2022-05-09,4396,https://claritaspod.com/measure/prfx.byspotify.com/e/pscrb.fm/rss/p/mgln.ai/e/31/afp-9384.calisto.simplecastaudio.com/dbf86dbd-6a9d-4db2-a354-45de08471376/episodes/c8e12b50-a837-40c4-a402-c7c871decb6f/audio/128/default.mp3?aid=rss_feed&awCollectionId=dbf86dbd-6a9d-4db2-a354-45de08471376&awEpisodeId=c8e12b50-a837-40c4-a402-c7c871decb6f&feed=wjQvYtdl,77215611,ceed1437-cffa-43d7-80b5-c8c5b64369f1
"MBMBaM 610: I Don’t Know, My Glasses Were Off",2022-05-16,3462,https://claritaspod.com/measure/prfx.byspotify.com/e/pscrb.fm/rss/p/mgln.ai/e/31/afp-9384.calisto.simplecastaudio.com/dbf86dbd-6a9d-4db2-a354-45de08471376/episodes/6f45917f-7fb4-49fd-93d7-04c8dda0052e/audio/128/default.mp3?aid=rss_feed&awCollectionId=dbf86dbd-6a9d-4db2-a354-45de08471376&awEpisodeId=6f45917f-7fb4-49fd-93d7-04c8dda0052e&feed=wjQvYtdl,62281349,00aef70b-9f53-4269-9849-754598967fcf
MBMBaM 611: Re-Pumba’d,2022-05-23,3718,https://claritaspod.com/measure/prfx.byspotify.com/e/pscrb.fm/rss/p/mgln.ai/e/31/afp-9384.calisto.simplecastaudio.com/dbf86dbd-6a9d-4db2-a354-45de08471376/episodes/7b376ecd-d8df-46e8-a455-d4739aca498f/audio/128/default.mp3?aid=rss_feed&awCollectionId=dbf86dbd-6a9d-4db2-a354-45de08471376&awEpisodeId=7b376ecd-d8df-46e8-a455-d4739aca498f&feed=wjQvYtdl,66371248,878189d5-4345-437f-bd06-01e0f23f4e83
MBMBaM 612: Love is a Competition,2022-05-30,3858,https://claritaspod.com/measure/prfx.byspotify.com/e/pscrb.fm/rss/p/mgln.ai/e/31/afp-9384.calisto.simplecastaudio.com/dbf86dbd-6a9d-4db2-a354-45de08471376/episodes/7535de77-d320-4b80-b60c-f95462e9d29a/audio/128/default.mp3?aid=rss_feed&awCollectionId=dbf86dbd-6a9d-4db2-a354-45de08471376&awEpisodeId=7535de77-d320-4b80-b60c-f95462e9d29a&feed=wjQvYtdl,68602233,5e352e74-92c8-476b-939f-e03a7ed24fe7
"MBMBaM 613: My Bee, My Bee and Man",2022-06-06,3531,https://claritaspod.com/measure/prfx.byspotify.com/e/pscrb.fm/rss/p/mgln.ai/e/31/afp-9384.calisto.simplecastaudio.com/dbf86dbd-6a9d-4db2-a354-45de08471376/episodes/3182046d-6b95-496d-8a99-bda1677d527d/audio/128/default.mp3?aid=rss_feed&awCollectionId=dbf86dbd-6a9d-4db2-a354-45de08471376&awEpisodeId=3182046d-6b95-496d-8a99-bda1677d527d&feed=wjQvYtdl,63381019,8e07d694-a2fa-478c-8432-3b9bf696aac1
MBMBaM 614: Bigfoot Historical Site,2022-06-13,3855,https://claritaspod.com/measure/prfx.byspotify.com/e/pscrb.fm/rss/p/mgln.ai/e/31/afp-9384.calisto.simplecastaudio.com/dbf86dbd-6a9d-4db2-a354-45de08471376/episodes/bd47927c-5e21-4fb6-bcfd-e65104aa4c3e/audio/128/default.mp3?aid=rss_feed&awCollectionId=dbf86dbd-6a9d-4db2-a354-45de08471376&awEpisodeId=bd47927c-5e21-4fb6-bcfd-e65104aa4c3e&feed=wjQvYtdl,68557681,92f0a7dd-274c-4679-ba4e-08630933e506
MBMBaM 615: Face 2 Face: Zap Daddies,2022-06-20,3919,https://claritaspod.com/measure/prfx.byspotify.com/e/pscrb.fm/rss/p/mgln.ai/e/31/afp-9384.calisto.simplecastaudio.com/dbf86dbd-6a9d-4db2-a354-45de08471376/episodes/d9220340-5945-46f0-90b5-dec31d19a661/audio/128/default.mp3?aid=rss_feed&awCollectionId=dbf86dbd-6a9d-4db2-a354-45de08471376&awEpisodeId=d9220340-5945-46f0-90b5-dec31d19a661&feed=wjQvYtdl,69585766,98776cb3-c8df-499c-956d-9c496890907b
MBMBaM 616: Professor Honey and the Bone Drones,2022-06-27,3648,https://claritaspod.com/measure/prfx.byspotify.com/e/pscrb.fm/rss/p/mgln.ai/e/31/afp-9384.calisto.simplecastaudio.com/dbf86dbd-6a9d-4db2-a354-45de08471376/episodes/15f9f6a5-b4ec-4109-95fc-630e36aa26a2/audio/128/default.mp3?aid=rss_feed&awCollectionId=dbf86dbd-6a9d-4db2-a354-45de08471376&awEpisodeId=15f9f6a5-b4ec-4109-95fc-630e36aa26a2&feed=wjQvYtdl,65254705,248e3a1f-3c3c-4894-af52-9d87b1325509
MBMBaM 617: Platonic Neck Kisses,2022-07-04,3912,https://claritaspod.com/measure/prfx.byspotify.com/e/pscrb.fm/rss/p/mgln.ai/e/31/afp-9384.calisto.simplecastaudio.com/dbf86dbd-6a9d-4db2-a354-45de08471376/episodes/a1b30904-4805-4422-a487-50fcb116e992/audio/128/default.mp3?aid=rss_feed&awCollectionId=dbf86dbd-6a9d-4db2-a354-45de08471376&awEpisodeId=a1b30904-4805-4422-a487-50fcb116e992&feed=wjQvYtdl,69473354,f02a7953-f23f-47f5-9ad3-e5063a559562
MBMBaM 618: Face 2 Face: Lovely Feet,2022-07-11,4293,https://claritaspod.com/measure/prfx.byspotify.com/e/pscrb.fm/rss/p/mgln.ai/e/31/afp-9384.calisto.simplecastaudio.com/dbf86dbd-6a9d-4db2-a354-45de08471376/episodes/b2424d0d-9b2d-4dc4-9d7f-098bf2a804ae/audio/128/default.mp3?aid=rss_feed&awCollectionId=dbf86dbd-6a9d-4db2-a354-45de08471376&awEpisodeId=b2424d0d-9b2d-4dc4-9d7f-098bf2a804ae&feed=wjQvYtdl,75579739,c581655e-ff64-44c4-a28e-15eb85758eef
MBMBaM 619: Great Stuff You Can Do in the Bathroom,2022-07-18,3835,https://claritaspod.com/measure/prfx.byspotify.com/e/pscrb.fm/rss/p/mgln.ai/e/31/afp-9384.calisto.simplecastaudio.com/dbf86dbd-6a9d-4db2-a354-45de08471376/episodes/978426ce-3255-4fc8-a54f-ae0bff3df5f3/audio/128/default.mp3?aid=rss_feed&awCollectionId=dbf86dbd-6a9d-4db2-a354-45de08471376&awEpisodeId=978426ce-3255-4fc8-a54f-ae0bff3df5f3&feed=wjQvYtdl,68250694,29cbffc6-0636-4647-9f36-b41bd20ec08f
MBMBaM 620: Face 2 Face: Djinnergy,2022-07-25,3909,https://claritaspod.com/measure/prfx.byspotify.com/e/pscrb.fm/rss/p/mgln.ai/e/31/afp-9384.calisto.simplecastaudio.com/dbf86dbd-6a9d-4db2-a354-45de08471376/episodes/8b1e3f07-0752-4918-9994-e7aa5e386e57/audio/128/default.mp3?aid=rss_feed&awCollectionId=dbf86dbd-6a9d-4db2-a354-45de08471376&awEpisodeId=8b1e3f07-0752-4918-9994-e7aa5e386e57&feed=wjQvYtdl,69433112,7d8ed8fb-37a1-4b7b-a344-2e20a07cc660
MBMBaM 621: Face 2 Face: That’s Not My Orb,2022-08-01,3660,https://claritaspod.com/measure/prfx.byspotify.com/e/pscrb.fm/rss/p/mgln.ai/e/31/afp-9384.calisto.simplecastaudio.com/dbf86dbd-6a9d-4db2-a354-45de08471376/episodes/7e08fbf5-618d-43d3-ad30-bdb413d8e361/audio/128/default.mp3?aid=rss_feed&awCollectionId=dbf86dbd-6a9d-4db2-a354-45de08471376&awEpisodeId=7e08fbf5-618d-43d3-ad30-bdb413d8e361&feed=wjQvYtdl,65442155,87f9465c-25b4-47b9-ad25-542ddfa8fa72
"MBMBaM 622: Face 2 Face: Leave the Cannoli, Take the Gun",2022-08-08,4510,https://claritaspod.com/measure/prfx.byspotify.com/e/pscrb.fm/rss/p/mgln.ai/e/31/afp-9384.calisto.simplecastaudio.com/dbf86dbd-6a9d-4db2-a354-45de08471376/episodes/9c8f27b4-1b9c-4050-949f-f257887e434c/audio/128/default.mp3?aid=rss_feed&awCollectionId=dbf86dbd-6a9d-4db2-a354-45de08471376&awEpisodeId=9c8f27b4-1b9c-4050-949f-f257887e434c&feed=wjQvYtdl,79054263,d15cabdf-5ca6-4f53-9580-3017bbfa39e2
MBMBaM 623: GooMail Me,2022-08-15,4003,https://claritaspod.com/measure/prfx.byspotify.com/e/pscrb.fm/rss/p/mgln.ai/e/31/afp-9384.calisto.simplecastaudio.com/dbf86dbd-6a9d-4db2-a354-45de08471376/episodes/18e70a49-0159-46e2-ae5c-fe4dcff92e8a/audio/128/default.mp3?aid=rss_feed&awCollectionId=dbf86dbd-6a9d-4db2-a354-45de08471376&awEpisodeId=18e70a49-0159-46e2-ae5c-fe4dcff92e8a&feed=wjQvYtdl,70938714,a86f363a-5bb8-4329-81b0-25b16b98b509
MBMBaM 624: Reince Your Own Priebus,2022-08-22,3915,https://claritaspod.com/measure/prfx.byspotify.com/e/pscrb.fm/rss/p/mgln.ai/e/31/afp-9384.calisto.simplecastaudio.com/dbf86dbd-6a9d-4db2-a354-45de08471376/episodes/6292596e-78a7-4bb8-8c4f-555472a7cb41/audio/128/default.mp3?aid=rss_feed&awCollectionId=dbf86dbd-6a9d-4db2-a354-45de08471376&awEpisodeId=6292596e-78a7-4bb8-8c4f-555472a7cb41&feed=wjQvYtdl,69523755,75a4c364-57ce-4d5e-899a-1326072d9583
MBMBaM 625: Contact High,2022-08-29,3416,https://claritaspod.com/measure/prfx.byspotify.com/e/pscrb.fm/rss/p/mgln.ai/e/31/afp-9384.calisto.simplecastaudio.com/dbf86dbd-6a9d-4db2-a354-45de08471376/episodes/cf09149e-20bb-41a0-802f-83b2f709449f/audio/128/default.mp3?aid=rss_feed&awCollectionId=dbf86dbd-6a9d-4db2-a354-45de08471376&awEpisodeId=cf09149e-20bb-41a0-802f-83b2f709449f&feed=wjQvYtdl,61541798,26209247-ffc7-48e3-844b-cc97b0c844dd
MBMBaM 626: Blunder Gigglin,2022-09-05,3429,https://claritaspod.com/measure/prfx.byspotify.com/e/pscrb.fm/rss/p/mgln.ai/e/31/afp-9384.calisto.simplecastaudio.com/dbf86dbd-6a9d-4db2-a354-45de08471376/episodes/c7350a1b-d13c-42ca-b559-2bb8a3da23f8/audio/128/default.mp3?aid=rss_feed&awCollectionId=dbf86dbd-6a9d-4db2-a354-45de08471376&awEpisodeId=c7350a1b-d13c-42ca-b559-2bb8a3da23f8&feed=wjQvYtdl,61748325,c6720591-5be9-43b5-a074-f3785b74d05e
MBMBaM 627: Brush Your Teeth Because Coyotes,2022-09-12,3563,https://claritaspod.com/measure/prfx.byspotify.com/e/pscrb.fm/rss/p/mgln.ai/e/31/afp-9384.calisto.simplecastaudio.com/dbf86dbd-6a9d-4db2-a354-45de08471376/episodes/fb800dc1-64ce-416c-8ca7-0d07ced956f6/audio/128/default.mp3?aid=rss_feed&awCollectionId=dbf86dbd-6a9d-4db2-a354-45de08471376&awEpisodeId=fb800dc1-64ce-416c-8ca7-0d07ced956f6&feed=wjQvYtdl,63887037,675aee84-0262-4a7d-82fe-fbd3fdc6e113
MBMBaM 628: Don’t Say Scoobity,2022-09-19,3909,https://claritaspod.com/measure/prfx.byspotify.com/e/pscrb.fm/rss/p/mgln.ai/e/31/afp-9384.calisto.simplecastaudio.com/dbf86dbd-6a9d-4db2-a354-45de08471376/episodes/2a048420-2f95-42e3-b081-ddcd3cf34ed8/audio/128/default.mp3?aid=rss_feed&awCollectionId=dbf86dbd-6a9d-4db2-a354-45de08471376&awEpisodeId=2a048420-2f95-42e3-b081-ddcd3cf34ed8&feed=wjQvYtdl,69429020,97fc04d1-6608-48a8-bbcb-7a5374ac88c9
MBMBaM 629: Millennial Seinfeld,2022-09-26,3773,https://claritaspod.com/measure/prfx.byspotify.com/e/pscrb.fm/rss/p/mgln.ai/e/31/afp-9384.calisto.simplecastaudio.com/dbf86dbd-6a9d-4db2-a354-45de08471376/episodes/3e39fc4c-ffc3-40e8-9a9a-b53bb1db8dd5/audio/128/default.mp3?aid=rss_feed&awCollectionId=dbf86dbd-6a9d-4db2-a354-45de08471376&awEpisodeId=3e39fc4c-ffc3-40e8-9a9a-b53bb1db8dd5&feed=wjQvYtdl,67242144,ee35b2ec-b5ef-4d85-a131-11cd18f67c85
"MBMBaM 630: Face 2 Face: Alabaster Hawk, Governor of the Thirteenth",2022-10-03,4384,https://claritaspod.com/measure/prfx.byspotify.com/e/pscrb.fm/rss/p/mgln.ai/e/31/afp-9384.calisto.simplecastaudio.com/dbf86dbd-6a9d-4db2-a354-45de08471376/episodes/a5e50f45-31f6-44b6-912e-c54e712b08c4/audio/128/default.mp3?aid=rss_feed&awCollectionId=dbf86dbd-6a9d-4db2-a354-45de08471376&awEpisodeId=a5e50f45-31f6-44b6-912e-c54e712b08c4&feed=wjQvYtdl,77029155,6dd62e68-62ba-45e9-afa6-5585e5f4c64f
MBMBaM 631: Blastoise is My Dad,2022-10-10,3748,https://claritaspod.com/measure/prfx.byspotify.com/e/pscrb.fm/rss/p/mgln.ai/e/31/afp-9384.calisto.simplecastaudio.com/dbf86dbd-6a9d-4db2-a354-45de08471376/episodes/22c1e304-9e52-4baf-9199-d09faf209865/audio/128/default.mp3?aid=rss_feed&awCollectionId=dbf86dbd-6a9d-4db2-a354-45de08471376&awEpisodeId=22c1e304-9e52-4baf-9199-d09faf209865&feed=wjQvYtdl,66856578,fd9e0dc2-66cf-4775-a66d-8c3326758fd3
MBMBaM 632: Thank You Monster God for My Rockin’ Bod,2022-10-17,3589,https://claritaspod.com/measure/prfx.byspotify.com/e/pscrb.fm/rss/p/mgln.ai/e/31/afp-9384.calisto.simplecastaudio.com/dbf86dbd-6a9d-4db2-a354-45de08471376/episodes/5d8005b3-d597-420d-9070-05a85ae04cb8/audio/128/default.mp3?aid=rss_feed&awCollectionId=dbf86dbd-6a9d-4db2-a354-45de08471376&awEpisodeId=5d8005b3-d597-420d-9070-05a85ae04cb8&feed=wjQvYtdl,64301615,eb90aa07-dc2e-4345-af66-79afaf308701
MBMBaM 633: And it Was Fingers,2022-10-24,3742,https://claritaspod.com/measure/prfx.byspotify.com/e/pscrb.fm/rss/p/mgln.ai/e/31/afp-9384.calisto.simplecastaudio.com/dbf86dbd-6a9d-4db2-a354-45de08471376/episodes/0b9f043e-1e29-4d51-b1f1-f5ec42a9c74c/audio/128/default.mp3?aid=rss_feed&awCollectionId=dbf86dbd-6a9d-4db2-a354-45de08471376&awEpisodeId=0b9f043e-1e29-4d51-b1f1-f5ec42a9c74c&feed=wjQvYtdl,66763597,164ba983-0fe1-4a50-b6bb-b410cb388d93
MBMBaM 634: Universally Unpleasant Gestures,2022-10-31,3979,https://claritaspod.com/measure/prfx.byspotify.com/e/pscrb.fm/rss/p/mgln.ai/e/31/afp-9384.calisto.simplecastaudio.com/dbf86dbd-6a9d-4db2-a354-45de08471376/episodes/06e58f78-addd-431c-a074-0b278984b9b7/audio/128/default.mp3?aid=rss_feed&awCollectionId=dbf86dbd-6a9d-4db2-a354-45de08471376&awEpisodeId=06e58f78-addd-431c-a074-0b278984b9b7&feed=wjQvYtdl,70550149,dbf97d08-aedd-4726-bddc-2f99bac36c88
MBMBaM 635: Batman v Pennywise Dawn of Justice,2022-11-07,4309,https://claritaspod.com/measure/prfx.byspotify.com/e/pscrb.fm/rss/p/mgln.ai/e/31/afp-9384.calisto.simplecastaudio.com/dbf86dbd-6a9d-4db2-a354-45de08471376/episodes/f50ff0cb-1014-4d30-9ba3-f4af79372ad2/audio/128/default.mp3?aid=rss_feed&awCollectionId=dbf86dbd-6a9d-4db2-a354-45de08471376&awEpisodeId=f50ff0cb-1014-4d30-9ba3-f4af79372ad2&feed=wjQvYtdl,75834676,e986aac6-9869-459b-9c3b-f424ffd50cee
MBMBaM 636: Millie Vanilli Bobby Flay,2022-11-21,3615,https://claritaspod.com/measure/prfx.byspotify.com/e/pscrb.fm/rss/p/mgln.ai/e/31/afp-9384.calisto.simplecastaudio.com/dbf86dbd-6a9d-4db2-a354-45de08471376/episodes/0b2f4928-f65d-4eec-a35c-85c8c118a8c9/audio/128/default.mp3?aid=rss_feed&awCollectionId=dbf86dbd-6a9d-4db2-a354-45de08471376&awEpisodeId=0b2f4928-f65d-4eec-a35c-85c8c118a8c9&feed=wjQvYtdl,64725567,0ccc1157-94f4-4460-b410-c48e7843d0e7
MBMBaM 637: Face 2 Face: The Hairy Food that Everyone Eats,2022-11-28,3723,https://claritaspod.com/measure/prfx.byspotify.com/e/pscrb.fm/rss/p/mgln.ai/e/31/afp-9384.calisto.simplecastaudio.com/dbf86dbd-6a9d-4db2-a354-45de08471376/episodes/cbb6911b-4f96-4467-a67b-ed85204a7c3b/audio/128/default.mp3?aid=rss_feed&awCollectionId=dbf86dbd-6a9d-4db2-a354-45de08471376&awEpisodeId=cbb6911b-4f96-4467-a67b-ed85204a7c3b&feed=wjQvYtdl,66451905,8adacfeb-d3e0-4097-96f6-7c2bec832619
MBMBaM 638: Great?! Expectations,2022-12-05,3730,https://claritaspod.com/measure/prfx.byspotify.com/e/pscrb.fm/rss/p/mgln.ai/e/31/afp-9384.calisto.simplecastaudio.com/dbf86dbd-6a9d-4db2-a354-45de08471376/episodes/2c65b5ef-618e-41f3-945e-15c0a78f6ee7/audio/128/default.mp3?aid=rss_feed&awCollectionId=dbf86dbd-6a9d-4db2-a354-45de08471376&awEpisodeId=2c65b5ef-618e-41f3-945e-15c0a78f6ee7&feed=wjQvYtdl,66558991,a24248d7-92b9-471c-8498-f1216c3f8f58
MBMBaM 639: 62 Minutes of Three Men Gnawing,2022-12-12,3746,https://claritaspod.com/measure/prfx.byspotify.com/e/pscrb.fm/rss/p/mgln.ai/e/31/afp-9384.calisto.simplecastaudio.com/dbf86dbd-6a9d-4db2-a354-45de08471376/episodes/2d338190-4e71-400d-a7ab-b27080dd44c4/audio/128/default.mp3?aid=rss_feed&awCollectionId=dbf86dbd-6a9d-4db2-a354-45de08471376&awEpisodeId=2d338190-4e71-400d-a7ab-b27080dd44c4&feed=wjQvYtdl,66826302,bb1c5bbd-90da-494c-8174-d802f6a06d92
MBMBaM 640: Playing the Gravy Card,2022-12-19,3509,https://claritaspod.com/measure/prfx.byspotify.com/e/pscrb.fm/rss/p/mgln.ai/e/31/afp-9384.calisto.simplecastaudio.com/dbf86dbd-6a9d-4db2-a354-45de08471376/episodes/4d4bd0be-2e95-42ac-b57f-ea8e904312f7/audio/128/default.mp3?aid=rss_feed&awCollectionId=dbf86dbd-6a9d-4db2-a354-45de08471376&awEpisodeId=4d4bd0be-2e95-42ac-b57f-ea8e904312f7&feed=wjQvYtdl,63024835,deb194d6-f293-4d3d-9a04-cc01e6698c45
MBMBaM 641: The Naming of 2023,2023-01-02,5154,https://claritaspod.com/measure/prfx.byspotify.com/e/pscrb.fm/rss/p/mgln.ai/e/31/afp-9384.calisto.simplecastaudio.com/dbf86dbd-6a9d-4db2-a354-45de08471376/episodes/3709b0ce-46d6-462a-8d0b-9d64489dbdc1/audio/128/default.mp3?aid=rss_feed&awCollectionId=dbf86dbd-6a9d-4db2-a354-45de08471376&awEpisodeId=3709b0ce-46d6-462a-8d0b-9d64489dbdc1&feed=wjQvYtdl,89344371,434aec98-7b32-4909-bdb9-4f5bac7488c3
MBMBaM 642: Snort the Pod,2023-01-09,3598,https://claritaspod.com/measure/prfx.byspotify.com/e/pscrb.fm/rss/p/mgln.ai/e/31/afp-9384.calisto.simplecastaudio.com/dbf86dbd-6a9d-4db2-a354-45de08471376/episodes/9452adb9-b152-489c-ba23-08a138da4bc7/audio/128/default.mp3?aid=rss_feed&awCollectionId=dbf86dbd-6a9d-4db2-a354-45de08471376&awEpisodeId=9452adb9-b152-489c-ba23-08a138da4bc7&feed=wjQvYtdl,64450812,de7fcd0e-fd26-4fee-9a32-442c2c29529a
MBMBaM 643: Wet Out of 100,2023-01-16,3715,https://claritaspod.com/measure/prfx.byspotify.com/e/pscrb.fm/rss/p/mgln.ai/e/31/afp-9384.calisto.simplecastaudio.com/dbf86dbd-6a9d-4db2-a354-45de08471376/episodes/6ef50456-eae3-4d74-ae2c-4b5ba164fa31/audio/128/default.mp3?aid=rss_feed&awCollectionId=dbf86dbd-6a9d-4db2-a354-45de08471376&awEpisodeId=6ef50456-eae3-4d74-ae2c-4b5ba164fa31&feed=wjQvYtdl,66323238,b05ea25c-e3f1-43b6-8355-90bb02d2f0bb
MBMBaM 644: Which One is the Old Man,2023-01-23,3668,https://claritaspod.com/measure/prfx.byspotify.com/e/pscrb.fm/rss/p/mgln.ai/e/31/afp-9384.calisto.simplecastaudio.com/dbf86dbd-6a9d-4db2-a354-45de08471376/episodes/f60a7306-34a2-4271-916d-90561b82f274/audio/128/default.mp3?aid=rss_feed&awCollectionId=dbf86dbd-6a9d-4db2-a354-45de08471376&awEpisodeId=f60a7306-34a2-4271-916d-90561b82f274&feed=wjQvYtdl,65572359,00ed2a33-4957-4b98-92e9-aeefd2207dc5
MBMBaM 645: Pawn Time Boys,2023-01-30,3545,https://claritaspod.com/measure/prfx.byspotify.com/e/pscrb.fm/rss/p/mgln.ai/e/31/afp-9384.calisto.simplecastaudio.com/dbf86dbd-6a9d-4db2-a354-45de08471376/episodes/4c1c751b-29c2-475a-9862-e8417401e33a/audio/128/default.mp3?aid=rss_feed&awCollectionId=dbf86dbd-6a9d-4db2-a354-45de08471376&awEpisodeId=4c1c751b-29c2-475a-9862-e8417401e33a&feed=wjQvYtdl,63613083,705082e6-1de7-40b3-a9fc-a4d7a6ac901c
MBMBaM 646: Fart Power to the Max,2023-02-06,3600,https://claritaspod.com/measure/prfx.byspotify.com/e/pscrb.fm/rss/p/mgln.ai/e/31/afp-9384.calisto.simplecastaudio.com/dbf86dbd-6a9d-4db2-a354-45de08471376/episodes/67114d2c-ef9e-446e-9f9c-8ab695fc7d2b/audio/128/default.mp3?aid=rss_feed&awCollectionId=dbf86dbd-6a9d-4db2-a354-45de08471376&awEpisodeId=67114d2c-ef9e-446e-9f9c-8ab695fc7d2b&feed=wjQvYtdl,64489910,a87816c1-41b8-4dbb-98ee-6b5b5ddf23fd
MBMBaM 647: Share the Holes,2023-02-13,3283,https://claritaspod.com/measure/prfx.byspotify.com/e/pscrb.fm/rss/p/mgln.ai/e/31/afp-9384.calisto.simplecastaudio.com/dbf86dbd-6a9d-4db2-a354-45de08471376/episodes/eeb5f0d3-72b4-46c1-b67a-34f191309bba/audio/128/default.mp3?aid=rss_feed&awCollectionId=dbf86dbd-6a9d-4db2-a354-45de08471376&awEpisodeId=eeb5f0d3-72b4-46c1-b67a-34f191309bba&feed=wjQvYtdl,59409503,5e7f67cb-5533-4e20-959d-23577c46c583
MBMBaM 648: 200-250 Catchphrases Per Episode,2023-02-20,3439,https://claritaspod.com/measure/prfx.byspotify.com/e/pscrb.fm/rss/p/mgln.ai/e/31/afp-9384.calisto.simplecastaudio.com/dbf86dbd-6a9d-4db2-a354-45de08471376/episodes/af628888-137f-4d96-adea-72dc1f3cc33b/audio/128/default.mp3?aid=rss_feed&awCollectionId=dbf86dbd-6a9d-4db2-a354-45de08471376&awEpisodeId=af628888-137f-4d96-adea-72dc1f3cc33b&feed=wjQvYtdl,61909717,f7de737d-6570-4fc4-8944-8e01db0d7399
MBMBaM 649: Truly Random Nudity,2023-02-27,3617,https://claritaspod.com/measure/prfx.byspotify.com/e/pscrb.fm/rss/p/mgln.ai/e/31/afp-9384.calisto.simplecastaudio.com/dbf86dbd-6a9d-4db2-a354-45de08471376/episodes/432d822e-a82d-4d3e-9583-adf6c1e773b0/audio/128/default.mp3?aid=rss_feed&awCollectionId=dbf86dbd-6a9d-4db2-a354-45de08471376&awEpisodeId=432d822e-a82d-4d3e-9583-adf6c1e773b0&feed=wjQvYtdl,64764539,98315e7f-1a5e-4daf-ae42-b4c19733dc3a
MBMBaM 650: Dadfishing,2023-03-06,3610,https://claritaspod.com/measure/prfx.byspotify.com/e/pscrb.fm/rss/p/mgln.ai/e/31/afp-9384.calisto.simplecastaudio.com/dbf86dbd-6a9d-4db2-a354-45de08471376/episodes/d5c997fe-ad04-4767-881e-22c274a79a94/audio/128/default.mp3?aid=rss_feed&awCollectionId=dbf86dbd-6a9d-4db2-a354-45de08471376&awEpisodeId=d5c997fe-ad04-4767-881e-22c274a79a94&feed=wjQvYtdl,64645292,3194f34b-ff84-4fb8-be64-ea4b25c381a4
MBMBaM 651: Face 2 Face: Structural Xboxes,2023-03-13,3738,https://claritaspod.com/measure/prfx.byspotify.com/e/pscrb.fm/rss/p/mgln.ai/e/31/afp-9384.calisto.simplecastaudio.com/dbf86dbd-6a9d-4db2-a354-45de08471376/episodes/7d0a6b91-5a19-41ed-9d13-89f118ac1a7d/audio/128/default.mp3?aid=rss_feed&awCollectionId=dbf86dbd-6a9d-4db2-a354-45de08471376&awEpisodeId=7d0a6b91-5a19-41ed-9d13-89f118ac1a7d&feed=wjQvYtdl,66615943,f12ec00d-687b-4eeb-b983-85f4f0fb9793
MBMBaM 652: Travis's Fast Soup Cup for Boys,2023-03-20,4104,https://claritaspod.com/measure/prfx.byspotify.com/e/pscrb.fm/rss/p/mgln.ai/e/31/afp-9384.calisto.simplecastaudio.com/dbf86dbd-6a9d-4db2-a354-45de08471376/episodes/cfd34bfa-c134-4839-8321-5c085f449743/audio/128/default.mp3?aid=rss_feed&awCollectionId=dbf86dbd-6a9d-4db2-a354-45de08471376&awEpisodeId=cfd34bfa-c134-4839-8321-5c085f449743&feed=wjQvYtdl,72555959,184fdadb-52fb-42f6-a396-e8fc53a63643
2023 BoCo Teaser - Episode 400 Remix featuring Matt Doyle!,2023-03-24,238,https://claritaspod.com/measure/prfx.byspotify.com/e/pscrb.fm/rss/p/mgln.ai/e/31/afp-9384.calisto.simplecastaudio.com/dbf86dbd-6a9d-4db2-a354-45de08471376/episodes/e528a966-ffd9-43da-ba8e-26e6ab79c194/audio/128/default.mp3?aid=rss_feed&awCollectionId=dbf86dbd-6a9d-4db2-a354-45de08471376&awEpisodeId=e528a966-ffd9-43da-ba8e-26e6ab79c194&feed=wjQvYtdl,10692762,79414f62-35f3-41ff-ba02-056f62079ca3
MBMBaM 653: Mardi Gras Hades,2023-03-27,4141,https://claritaspod.com/measure/prfx.byspotify.com/e/pscrb.fm/rss/p/mgln.ai/e/31/afp-9384.calisto.simplecastaudio.com/dbf86dbd-6a9d-4db2-a354-45de08471376/episodes/d7e307ac-2637-4c92-b978-e9db166abd43/audio/128/default.mp3?aid=rss_feed&awCollectionId=dbf86dbd-6a9d-4db2-a354-45de08471376&awEpisodeId=d7e307ac-2637-4c92-b978-e9db166abd43&feed=wjQvYtdl,73138395,5863245c-4d89-4736-a963-67caade7dea5
MBMBaM 654: With Great Car Comes Great Babeability,2023-04-03,3534,https://claritaspod.com/measure/prfx.byspotify.com/e/pscrb.fm/rss/p/mgln.ai/e/31/afp-9384.calisto.simplecastaudio.com/dbf86dbd-6a9d-4db2-a354-45de08471376/episodes/55abe451-1bde-4c93-9948-be77d17cadeb/audio/128/default.mp3?aid=rss_feed&awCollectionId=dbf86dbd-6a9d-4db2-a354-45de08471376&awEpisodeId=55abe451-1bde-4c93-9948-be77d17cadeb&feed=wjQvYtdl,63436029,3a73b9c5-59a0-472a-98ee-07891da52b7a
MBMBaM 655: Did Robotnik Send You?,2023-04-10,3239,https://claritaspod.com/measure/prfx.byspotify.com/e/pscrb.fm/rss/p/mgln.ai/e/31/afp-9384.calisto.simplecastaudio.com/dbf86dbd-6a9d-4db2-a354-45de08471376/episodes/6cb4d6b6-f141-476e-b551-e02c39d40694/audio/128/default.mp3?aid=rss_feed&awCollectionId=dbf86dbd-6a9d-4db2-a354-45de08471376&awEpisodeId=6cb4d6b6-f141-476e-b551-e02c39d40694&feed=wjQvYtdl,58719144,a6b7df20-3b43-4241-8fbf-ceb5e7503cab
MBMBaM 656: Shagworth Boombastic,2023-04-17,3547,https://claritaspod.com/measure/prfx.byspotify.com/e/pscrb.fm/rss/p/mgln.ai/e/31/afp-9384.calisto.simplecastaudio.com/dbf86dbd-6a9d-4db2-a354-45de08471376/episodes/f5c4a684-5b4e-478d-b03f-74b3438bd12c/audio/128/default.mp3?aid=rss_feed&awCollectionId=dbf86dbd-6a9d-4db2-a354-45de08471376&awEpisodeId=f5c4a684-5b4e-478d-b03f-74b3438bd12c&feed=wjQvYtdl,63652954,ea519166-0650-4676-9de7-4a1fd7b15361
MBMBaM 657: Face 2 Face: We Stan the Target Tortillas,2023-04-24,4475,https://claritaspod.com/measure/prfx.byspotify.com/e/pscrb.fm/rss/p/mgln.ai/e/31/afp-9384.calisto.simplecastaudio.com/dbf86dbd-6a9d-4db2-a354-45de08471376/episodes/8b22af7c-414e-41ae-9cac-3321b628620e/audio/128/default.mp3?aid=rss_feed&awCollectionId=dbf86dbd-6a9d-4db2-a354-45de08471376&awEpisodeId=8b22af7c-414e-41ae-9cac-3321b628620e&feed=wjQvYtdl,78503127,16aad1aa-a4b6-4d56-a177-858fe5126393
"MBMBaM 658: Bro's Better, Bro's Best: Ch. 231-243",2023-05-01,4020,https://claritaspod.com/measure/prfx.byspotify.com/e/pscrb.fm/rss/p/mgln.ai/e/31/afp-9384.calisto.simplecastaudio.com/dbf86dbd-6a9d-4db2-a354-45de08471376/episodes/50754350-cf25-4c7e-96de-5645af0c33f3/audio/128/default.mp3?aid=rss_feed&awCollectionId=dbf86dbd-6a9d-4db2-a354-45de08471376&awEpisodeId=50754350-cf25-4c7e-96de-5645af0c33f3&feed=wjQvYtdl,71218400,a2403a1b-a268-4f89-a474-e82bcae7880d
MBMBaM 659: Dom Jeans,2023-05-08,3699,https://claritaspod.com/measure/prfx.byspotify.com/e/pscrb.fm/rss/p/mgln.ai/e/31/afp-9384.calisto.simplecastaudio.com/dbf86dbd-6a9d-4db2-a354-45de08471376/episodes/1a01832d-e3a8-4ea9-acec-b1fd9fc752c7/audio/128/default.mp3?aid=rss_feed&awCollectionId=dbf86dbd-6a9d-4db2-a354-45de08471376&awEpisodeId=1a01832d-e3a8-4ea9-acec-b1fd9fc752c7&feed=wjQvYtdl,66072229,6cb31bcb-a02a-4415-b96d-3d2f44d4e18c
MBMBaM 660: Non-Fungible Tote Bags,2023-05-15,3414,https://claritaspod.com/measure/prfx.byspotify.com/e/pscrb.fm/rss/p/mgln.ai/e/31/afp-9384.calisto.simplecastaudio.com/dbf86dbd-6a9d-4db2-a354-45de08471376/episodes/a53c6c43-eab0-4019-bcc9-7363e8f77add/audio/128/default.mp3?aid=rss_feed&awCollectionId=dbf86dbd-6a9d-4db2-a354-45de08471376&awEpisodeId=a53c6c43-eab0-4019-bcc9-7363e8f77add&feed=wjQvYtdl,61509212,6b7ddd00-352c-4744-bfc8-e1adf9ac3cbc
MBMBaM 661: Billionaire Beyblades,2023-05-22,3462,https://claritaspod.com/measure/prfx.byspotify.com/e/pscrb.fm/rss/p/mgln.ai/e/31/afp-9384.calisto.simplecastaudio.com/dbf86dbd-6a9d-4db2-a354-45de08471376/episodes/6714d1d4-fcda-4b6c-bff3-be6296d52289/audio/128/default.mp3?aid=rss_feed&awCollectionId=dbf86dbd-6a9d-4db2-a354-45de08471376&awEpisodeId=6714d1d4-fcda-4b6c-bff3-be6296d52289&feed=wjQvYtdl,62274501,5a359791-c15e-4e47-86ac-f9c63b907f53
MBMBaM 662: The Consequence Rate,2023-05-29,3522,https://claritaspod.com/measure/prfx.byspotify.com/e/pscrb.fm/rss/p/mgln.ai/e/31/afp-9384.calisto.simplecastaudio.com/dbf86dbd-6a9d-4db2-a354-45de08471376/episodes/7f637bdf-5a54-4332-b5db-19a692d5b664/audio/128/default.mp3?aid=rss_feed&awCollectionId=dbf86dbd-6a9d-4db2-a354-45de08471376&awEpisodeId=7f637bdf-5a54-4332-b5db-19a692d5b664&feed=wjQvYtdl,63241552,cce59f97-5b3c-4f61-ab74-8b2739e02d99
MBMBaM 663: Comedy Comes from the Balls,2023-06-05,3628,https://claritaspod.com/measure/prfx.byspotify.com/e/pscrb.fm/rss/p/mgln.ai/e/31/afp-9384.calisto.simplecastaudio.com/dbf86dbd-6a9d-4db2-a354-45de08471376/episodes/9a118333-52a4-488e-a332-33b1cefcc8be/audio/128/default.mp3?aid=rss_feed&awCollectionId=dbf86dbd-6a9d-4db2-a354-45de08471376&awEpisodeId=9a118333-52a4-488e-a332-33b1cefcc8be&feed=wjQvYtdl,64933171,34a11c29-fa42-4feb-b912-1ab97a42c250
MBMBaM 664: Great Ass Wonkabater,2023-06-12,3575,https://claritaspod.com/measure/prfx.byspotify.com/e/pscrb.fm/rss/p/mgln.ai/e/31/afp-9384.calisto.simplecastaudio.com/dbf86dbd-6a9d-4db2-a354-45de08471376/episodes/c3bae413-95f8-4341-bfdb-b288aa86f1b7/audio/128/default.mp3?aid=rss_feed&awCollectionId=dbf86dbd-6a9d-4db2-a354-45de08471376&awEpisodeId=c3bae413-95f8-4341-bfdb-b288aa86f1b7&feed=wjQvYtdl,64081201,622eea59-355c-4441-bf22-dffb991fdf5a
MBMBaM 665: Face 2 Face: Cody-Pendant,2023-06-19,4660,https://claritaspod.com/measure/prfx.byspotify.com/e/pscrb.fm/rss/p/mgln.ai/e/31/afp-9384.calisto.simplecastaudio.com/dbf86dbd-6a9d-4db2-a354-45de08471376/episodes/df09bf91-b654-4510-9684-128fb0be33c1/audio/128/default.mp3?aid=rss_feed&awCollectionId=dbf86dbd-6a9d-4db2-a354-45de08471376&awEpisodeId=df09bf91-b654-4510-9684-128fb0be33c1&feed=wjQvYtdl,81451473,dee03246-78e6-45b2-8664-6f3b8313a80a
MBMBaM 666: It's Your Mouth,2023-06-26,3358,https://claritaspod.com/measure/prfx.byspotify.com/e/pscrb.fm/rss/p/mgln.ai/e/31/afp-9384.calisto.simplecastaudio.com/dbf86dbd-6a9d-4db2-a354-45de08471376/episodes/1e1bf973-c0fd-4039-a2a8-6a351956645f/audio/128/default.mp3?aid=rss_feed&awCollectionId=dbf86dbd-6a9d-4db2-a354-45de08471376&awEpisodeId=1e1bf973-c0fd-4039-a2a8-6a351956645f&feed=wjQvYtdl,60616905,bac0a343-2b70-482b-b0a8-4c0f0bfee309
"MBMBaM 667: Face 2 Face: I’ll Miss You, Little Sailor Man",2023-07-03,4156,https://claritaspod.com/measure/prfx.byspotify.com/e/pscrb.fm/rss/p/mgln.ai/e/31/afp-9384.calisto.simplecastaudio.com/dbf86dbd-6a9d-4db2-a354-45de08471376/episodes/ff84a7fb-eae9-4454-b376-fb090125eb16/audio/128/default.mp3?aid=rss_feed&awCollectionId=dbf86dbd-6a9d-4db2-a354-45de08471376&awEpisodeId=ff84a7fb-eae9-4454-b376-fb090125eb16&feed=wjQvYtdl,73388156,9bd625b7-2474-4790-89a4-6c89912f3ebb
MBMBaM 668: A Honeypot for Rita Repulsa,2023-07-10,3637,https://claritaspod.com/measure/prfx.byspotify.com/e/pscrb.fm/rss/p/mgln.ai/e/31/afp-9384.calisto.simplecastaudio.com/dbf86dbd-6a9d-4db2-a354-45de08471376/episodes/61229df7-0c16-4fba-9b68-5da30661b5a2/audio/128/default.mp3?aid=rss_feed&awCollectionId=dbf86dbd-6a9d-4db2-a354-45de08471376&awEpisodeId=61229df7-0c16-4fba-9b68-5da30661b5a2&feed=wjQvYtdl,65078064,d7cae13e-5d86-4610-b555-0615db604242
"MBMBaM 669: Oomp, There It Is!",2023-07-17,3722,https://claritaspod.com/measure/prfx.byspotify.com/e/pscrb.fm/rss/p/mgln.ai/e/31/afp-9384.calisto.simplecastaudio.com/dbf86dbd-6a9d-4db2-a354-45de08471376/episodes/b568e46c-b4e5-4d3f-9095-488ed6b363ac/audio/128/default.mp3?aid=rss_feed&awCollectionId=dbf86dbd-6a9d-4db2-a354-45de08471376&awEpisodeId=b568e46c-b4e5-4d3f-9095-488ed6b363ac&feed=wjQvYtdl,66439568,dec93ec5-50ea-4575-8a5d-e8028c80b7e5
"MBMBaM 670: Face 2 Face: Hey You, Learn How to Juggle!",2023-07-24,4762,https://claritaspod.com/measure/prfx.byspotify.com/e/pscrb.fm/rss/p/mgln.ai/e/31/afp-9384.calisto.simplecastaudio.com/dbf86dbd-6a9d-4db2-a354-45de08471376/episodes/ce594215-3254-4472-8c3d-edf87d61190d/audio/128/default.mp3?aid=rss_feed&awCollectionId=dbf86dbd-6a9d-4db2-a354-45de08471376&awEpisodeId=ce594215-3254-4472-8c3d-edf87d61190d&feed=wjQvYtdl,83083297,ff3d6ee1-f486-48d5-89fd-6274eb5716e0
"MBMBaM 671: Sun's Out, Pits Up",2023-07-31,3540,https://claritaspod.com/measure/prfx.byspotify.com/e/pscrb.fm/rss/p/mgln.ai/e/31/afp-9384.calisto.simplecastaudio.com/dbf86dbd-6a9d-4db2-a354-45de08471376/episodes/2bdb11b8-3647-42af-8bc1-a234e1365a6f/audio/128/default.mp3?aid=rss_feed&awCollectionId=dbf86dbd-6a9d-4db2-a354-45de08471376&awEpisodeId=2bdb11b8-3647-42af-8bc1-a234e1365a6f&feed=wjQvYtdl,63520917,43057a7e-ba20-40e2-b41b-f3f49b2f094c
"MBMBaM 672: Sure Thing, Dave Matthews",2023-08-07,2841,https://claritaspod.com/measure/prfx.byspotify.com/e/pscrb.fm/rss/p/mgln.ai/e/31/afp-9384.calisto.simplecastaudio.com/dbf86dbd-6a9d-4db2-a354-45de08471376/episodes/2dc7e07e-1897-44fa-a51d-def46a123410/audio/128/default.mp3?aid=rss_feed&awCollectionId=dbf86dbd-6a9d-4db2-a354-45de08471376&awEpisodeId=2dc7e07e-1897-44fa-a51d-def46a123410&feed=wjQvYtdl,52341752,96c0e8c0-80ca-4af6-aeb1-fe5ac83fef75
MBMBaM 673: Face 2 Face: You Will Pass Your Stones,2023-08-14,3787,https://claritaspod.com/measure/prfx.byspotify.com/e/pscrb.fm/rss/p/mgln.ai/e/31/afp-9384.calisto.simplecastaudio.com/dbf86dbd-6a9d-4db2-a354-45de08471376/episodes/219d0bca-dcd2-4d67-9e72-ad6778b5edd5/audio/128/default.mp3?aid=rss_feed&awCollectionId=dbf86dbd-6a9d-4db2-a354-45de08471376&awEpisodeId=219d0bca-dcd2-4d67-9e72-ad6778b5edd5&feed=wjQvYtdl,67494424,dd92c450-e445-47e6-87cc-176daf67206d
MBMBaM 674: Plato's Rave,2023-08-21,4675,https://claritaspod.com/measure/prfx.byspotify.com/e/pscrb.fm/rss/p/mgln.ai/e/31/afp-9384.calisto.simplecastaudio.com/dbf86dbd-6a9d-4db2-a354-45de08471376/episodes/224db600-3dd9-4322-8a05-f0689247f814/audio/128/default.mp3?aid=rss_feed&awCollectionId=dbf86dbd-6a9d-4db2-a354-45de08471376&awEpisodeId=224db600-3dd9-4322-8a05-f0689247f814&feed=wjQvYtdl,81698266,c8f398d0-c2e5-414c-a842-97c4a30e544d
MBMBaM 675: A Great Lay But a Real Wet Hug,2023-08-28,3326,https://claritaspod.com/measure/prfx.byspotify.com/e/pscrb.fm/rss/p/mgln.ai/e/31/afp-9384.calisto.simplecastaudio.com/dbf86dbd-6a9d-4db2-a354-45de08471376/episodes/bd276e7f-2d2b-4586-80ca-50155bdc8f35/audio/128/default.mp3?aid=rss_feed&awCollectionId=dbf86dbd-6a9d-4db2-a354-45de08471376&awEpisodeId=bd276e7f-2d2b-4586-80ca-50155bdc8f35&feed=wjQvYtdl,60105572,d52d8f73-cf02-4a89-bbdd-29d7ad393057
MBMBaM 676: Face 2 Face: Teddy Laid it Down Sideways,2023-09-04,4072,https://claritaspod.com/measure/prfx.byspotify.com/e/pscrb.fm/rss/p/mgln.ai/e/31/afp-9384.calisto.simplecastaudio.com/dbf86dbd-6a9d-4db2-a354-45de08471376/episodes/0b84fa9e-c9d3-4eaa-bed5-5a1b04597fc1/audio/128/default.mp3?aid=rss_feed&awCollectionId=dbf86dbd-6a9d-4db2-a354-45de08471376&awEpisodeId=0b84fa9e-c9d3-4eaa-bed5-5a1b04597fc1&feed=wjQvYtdl,72056720,5c1a3bbe-a7de-4c58-a8ef-501cbd421af8
MBMBaM 677: Am I the Sphincter?,2023-09-11,4229,https://claritaspod.com/measure/prfx.byspotify.com/e/pscrb.fm/rss/p/mgln.ai/e/31/afp-9384.calisto.simplecastaudio.com/dbf86dbd-6a9d-4db2-a354-45de08471376/episodes/e339ab78-cdf0-4c51-8903-671a8ccfc408/audio/128/default.mp3?aid=rss_feed&awCollectionId=dbf86dbd-6a9d-4db2-a354-45de08471376&awEpisodeId=e339ab78-cdf0-4c51-8903-671a8ccfc408&feed=wjQvYtdl,74553681,82d42859-75c4-4a1e-a9a2-c5e17a7c7c0b
MBMBaM 678: Travis-Level Funny,2023-09-18,3675,https://claritaspod.com/measure/prfx.byspotify.com/e/pscrb.fm/rss/p/mgln.ai/e/31/afp-9384.calisto.simplecastaudio.com/dbf86dbd-6a9d-4db2-a354-45de08471376/episodes/7b70cf38-3da9-4d1f-99f7-25bedc770e8d/audio/128/default.mp3?aid=rss_feed&awCollectionId=dbf86dbd-6a9d-4db2-a354-45de08471376&awEpisodeId=7b70cf38-3da9-4d1f-99f7-25bedc770e8d&feed=wjQvYtdl,65700318,922b52e9-8fbe-4ee8-bc7e-be9535ef1209
MBMBaM 679: Pizza Slice Emoji (Sexual),2023-09-25,3857,https://claritaspod.com/measure/prfx.byspotify.com/e/pscrb.fm/rss/p/mgln.ai/e/31/afp-9384.calisto.simplecastaudio.com/dbf86dbd-6a9d-4db2-a354-45de08471376/episodes/823fc7c4-cfa1-4409-86e8-34ebe39f3457/audio/128/default.mp3?aid=rss_feed&awCollectionId=dbf86dbd-6a9d-4db2-a354-45de08471376&awEpisodeId=823fc7c4-cfa1-4409-86e8-34ebe39f3457&feed=wjQvYtdl,68605212,19ddeee7-d30f-4914-92b0-e782de864236
MBMBaM 680: Wife Guy and Knife Guy,2023-10-02,3566,https://claritaspod.com/measure/prfx.byspotify.com/e/pscrb.fm/rss/p/mgln.ai/e/31/afp-9384.calisto.simplecastaudio.com/dbf86dbd-6a9d-4db2-a354-45de08471376/episodes/10e4e43f-ff14-457f-b9e5-330be3fa83c2/audio/128/default.mp3?aid=rss_feed&awCollectionId=dbf86dbd-6a9d-4db2-a354-45de08471376&awEpisodeId=10e4e43f-ff14-457f-b9e5-330be3fa83c2&feed=wjQvYtdl,63970285,49f2d3c3-5e1c-4bf2-9df3-d7b15de02d88
MBMBaM 681: Strawberry Banana Bonanza Testicle Festival Shake,2023-10-09,3152,https://claritaspod.com/measure/prfx.byspotify.com/e/pscrb.fm/rss/p/mgln.ai/e/31/afp-9384.calisto.simplecastaudio.com/dbf86dbd-6a9d-4db2-a354-45de08471376/episodes/25c3d15b-ba6f-41cb-8686-2941fe5640e5/audio/128/default.mp3?aid=rss_feed&awCollectionId=dbf86dbd-6a9d-4db2-a354-45de08471376&awEpisodeId=25c3d15b-ba6f-41cb-8686-2941fe5640e5&feed=wjQvYtdl,57315652,297063f4-e613-4782-8c29-18d0ac221210
MBMBaM 682: Face 2 Face: The Fourth Brother,2023-10-16,4760,https://claritaspod.com/measure/prfx.byspotify.com/e/pscrb.fm/rss/p/mgln.ai/e/31/afp-9384.calisto.simplecastaudio.com/dbf86dbd-6a9d-4db2-a354-45de08471376/episodes/534077b6-68c6-42c9-af16-746e5ed22366/audio/128/default.mp3?aid=rss_feed&awCollectionId=dbf86dbd-6a9d-4db2-a354-45de08471376&awEpisodeId=534077b6-68c6-42c9-af16-746e5ed22366&feed=wjQvYtdl,83078020,18dc8711-a685-4656-b87c-96f511c92187
"MBMBaM 683: Cool Ranch for Drama, Nacho Cheese for Comedy",2023-10-23,3866,https://claritaspod.com/measure/prfx.byspotify.com/e/pscrb.fm/rss/p/mgln.ai/e/31/afp-9384.calisto.simplecastaudio.com/dbf86dbd-6a9d-4db2-a354-45de08471376/episodes/db0a58cd-9337-4f53-9d38-6d1d4f6fe4ae/audio/128/default.mp3?aid=rss_feed&awCollectionId=dbf86dbd-6a9d-4db2-a354-45de08471376&awEpisodeId=db0a58cd-9337-4f53-9d38-6d1d4f6fe4ae&feed=wjQvYtdl,68751399,de88ce9f-6791-412a-811e-428f2293bd07
MBMBaM 684: Beta Bat Bet,2023-10-30,3832,https://claritaspod.com/measure/prfx.byspotify.com/e/pscrb.fm/rss/p/mgln.ai/e/31/afp-9384.calisto.simplecastaudio.com/dbf86dbd-6a9d-4db2-a354-45de08471376/episodes/54c8fb63-3ea3-4f80-8634-59936a463722/audio/128/default.mp3?aid=rss_feed&awCollectionId=dbf86dbd-6a9d-4db2-a354-45de08471376&awEpisodeId=54c8fb63-3ea3-4f80-8634-59936a463722&feed=wjQvYtdl,68202613,13568b93-256c-4199-8890-2a9bdf8025c5
MBMBaM 685: Take the Egg,2023-11-06,3740,https://claritaspod.com/measure/prfx.byspotify.com/e/pscrb.fm/rss/p/mgln.ai/e/31/afp-9384.calisto.simplecastaudio.com/dbf86dbd-6a9d-4db2-a354-45de08471376/episodes/4bb7c296-37e6-4884-954e-942062c7aa1a/audio/128/default.mp3?aid=rss_feed&awCollectionId=dbf86dbd-6a9d-4db2-a354-45de08471376&awEpisodeId=4bb7c296-37e6-4884-954e-942062c7aa1a&feed=wjQvYtdl,66721551,2b38fcc2-35ff-4f30-898a-b024bd2b9a47
MBMBaM 686: Oompa What Now,2023-11-13,3404,https://claritaspod.com/measure/prfx.byspotify.com/e/pscrb.fm/rss/p/mgln.ai/e/31/afp-9384.calisto.simplecastaudio.com/dbf86dbd-6a9d-4db2-a354-45de08471376/episodes/8f58c8c1-bc4c-411b-b687-10f7a4d1c4f2/audio/128/default.mp3?aid=rss_feed&awCollectionId=dbf86dbd-6a9d-4db2-a354-45de08471376&awEpisodeId=8f58c8c1-bc4c-411b-b687-10f7a4d1c4f2&feed=wjQvYtdl,61350368,582ab2c5-fe73-4212-852d-d3849805e679
"MBMBaM 687: Trunchbull on the Phone, Temple Guards Behind Me",2023-11-20,3873,https://claritaspod.com/measure/prfx.byspotify.com/e/pscrb.fm/rss/p/mgln.ai/e/31/afp-9384.calisto.simplecastaudio.com/dbf86dbd-6a9d-4db2-a354-45de08471376/episodes/0c7e04d4-7264-4c3b-a0d1-3429d6c3c08f/audio/128/default.mp3?aid=rss_feed&awCollectionId=dbf86dbd-6a9d-4db2-a354-45de08471376&awEpisodeId=0c7e04d4-7264-4c3b-a0d1-3429d6c3c08f&feed=wjQvYtdl,68864358,a676af83-7d6f-4062-b45c-9639228d1bc6
MBMBaM 688: Face 2 Face: You Can’t Boo Through the Whole Thing,2023-11-27,4561,https://claritaspod.com/measure/prfx.byspotify.com/e/pscrb.fm/rss/p/mgln.ai/e/31/afp-9384.calisto.simplecastaudio.com/dbf86dbd-6a9d-4db2-a354-45de08471376/episodes/66af106d-07f5-4672-a249-29d879d76d21/audio/128/default.mp3?aid=rss_feed&awCollectionId=dbf86dbd-6a9d-4db2-a354-45de08471376&awEpisodeId=66af106d-07f5-4672-a249-29d879d76d21&feed=wjQvYtdl,79887979,bdd24dec-108a-4b28-a4cf-6b9b74d81b71
MBMBaM 689: I Live in the Walls of Downton Abbey,2023-12-04,3992,https://claritaspod.com/measure/prfx.byspotify.com/e/pscrb.fm/rss/p/mgln.ai/e/31/afp-9384.calisto.simplecastaudio.com/dbf86dbd-6a9d-4db2-a354-45de08471376/episodes/50616a75-b574-41d0-8b55-89ba02d0cb18/audio/128/default.mp3?aid=rss_feed&awCollectionId=dbf86dbd-6a9d-4db2-a354-45de08471376&awEpisodeId=50616a75-b574-41d0-8b55-89ba02d0cb18&feed=wjQvYtdl,70764213,c6d137b7-fb81-492b-b7b0-71ea6c8f99df
MBMBaM 690: Freewheeling Josh Types,2023-12-11,3642,https://claritaspod.com/measure/prfx.byspotify.com/e/pscrb.fm/rss/p/mgln.ai/e/31/afp-9384.calisto.simplecastaudio.com/dbf86dbd-6a9d-4db2-a354-45de08471376/episodes/eb5344df-5e12-429b-8a32-4fd46d4a31db/audio/128/default.mp3?aid=rss_feed&awCollectionId=dbf86dbd-6a9d-4db2-a354-45de08471376&awEpisodeId=eb5344df-5e12-429b-8a32-4fd46d4a31db&feed=wjQvYtdl,65168545,c470cb95-a582-41a7-adda-985f838be2b2
MBMBaM 691: The Sword of Good Grades,2023-12-18,3428,https://claritaspod.com/measure/prfx.byspotify.com/e/pscrb.fm/rss/p/mgln.ai/e/31/afp-9384.calisto.simplecastaudio.com/dbf86dbd-6a9d-4db2-a354-45de08471376/episodes/ca0e644e-bd86-4db3-8294-9c8dc6ab1980/audio/128/default.mp3?aid=rss_feed&awCollectionId=dbf86dbd-6a9d-4db2-a354-45de08471376&awEpisodeId=ca0e644e-bd86-4db3-8294-9c8dc6ab1980&feed=wjQvYtdl,61733147,fb0145e5-5bbf-4201-8f73-348cb9e334e8
MBMBaM 692: The Naming of 2024,2024-01-01,4694,https://claritaspod.com/measure/prfx.byspotify.com/e/pscrb.fm/rss/p/mgln.ai/e/31/afp-9384.calisto.simplecastaudio.com/dbf86dbd-6a9d-4db2-a354-45de08471376/episodes/05b94bb8-32cd-42ce-8c99-ffab72eda20e/audio/128/default.mp3?aid=rss_feed&awCollectionId=dbf86dbd-6a9d-4db2-a354-45de08471376&awEpisodeId=05b94bb8-32cd-42ce-8c99-ffab72eda20e&feed=wjQvYtdl,82004266,8f56ba86-9c4d-4e64-81ae-5bf33200fc86
"MBMBaM 693: Run, Don't Wonk",2024-01-08,3697,https://claritaspod.com/measure/prfx.byspotify.com/e/pscrb.fm/rss/p/mgln.ai/e/31/afp-9384.calisto.simplecastaudio.com/dbf86dbd-6a9d-4db2-a354-45de08471376/episodes/2133f872-45d9-4a22-8825-597e908ca94c/audio/128/default.mp3?aid=rss_feed&awCollectionId=dbf86dbd-6a9d-4db2-a354-45de08471376&awEpisodeId=2133f872-45d9-4a22-8825-597e908ca94c&feed=wjQvYtdl,66052898,abd360bb-0711-493b-acdd-1b45a4c0fc9a
MBMBaM 694: Pre-Show Pzizz,2024-01-15,3273,https://claritaspod.com/measure/prfx.byspotify.com/e/pscrb.fm/rss/p/mgln.ai/e/31/afp-9384.calisto.simplecastaudio.com/dbf86dbd-6a9d-4db2-a354-45de08471376/episodes/7a9f0397-f20f-4488-bda2-2020b9677ec3/audio/128/default.mp3?aid=rss_feed&awCollectionId=dbf86dbd-6a9d-4db2-a354-45de08471376&awEpisodeId=7a9f0397-f20f-4488-bda2-2020b9677ec3&feed=wjQvYtdl,59267166,15f02f85-716c-4792-8700-538c9e39d4cc
MBMBaM 695: Snuffling for Gubbins,2024-01-22,3937,https://claritaspod.com/measure/prfx.byspotify.com/e/pscrb.fm/rss/p/mgln.ai/e/31/afp-9384.calisto.simplecastaudio.com/dbf86dbd-6a9d-4db2-a354-45de08471376/episodes/8d68c1f5-333a-4e56-b947-21f6c830493c/audio/128/default.mp3?aid=rss_feed&awCollectionId=dbf86dbd-6a9d-4db2-a354-45de08471376&awEpisodeId=8d68c1f5-333a-4e56-b947-21f6c830493c&feed=wjQvYtdl,69892975,a09f7b68-7b57-407d-93c7-2fba9df47ffd
MBMBaM 696: Robo Wants an Oreo,2024-01-29,3972,https://claritaspod.com/measure/prfx.byspotify.com/e/pscrb.fm/rss/p/mgln.ai/e/31/afp-9384.calisto.simplecastaudio.com/dbf86dbd-6a9d-4db2-a354-45de08471376/episodes/aae42e72-06dc-4afa-9c78-dd7b09befa7a/audio/128/default.mp3?aid=rss_feed&awCollectionId=dbf86dbd-6a9d-4db2-a354-45de08471376&awEpisodeId=aae42e72-06dc-4afa-9c78-dd7b09befa7a&feed=wjQvYtdl,70450318,bee6eaa6-bded-42f3-916b-98b644b77183
MBMBaM 697: Vamples,2024-02-05,3773,https://claritaspod.com/measure/prfx.byspotify.com/e/pscrb.fm/rss/p/mgln.ai/e/31/afp-9384.calisto.simplecastaudio.com/dbf86dbd-6a9d-4db2-a354-45de08471376/episodes/ec501fdb-7ae4-425f-89b7-a6c350995618/audio/128/default.mp3?aid=rss_feed&awCollectionId=dbf86dbd-6a9d-4db2-a354-45de08471376&awEpisodeId=ec501fdb-7ae4-425f-89b7-a6c350995618&feed=wjQvYtdl,67260798,1b3f3522-b4b6-4138-9574-8d0405080db4
MBMBaM 698: Don't Piss on a Shark,2024-02-12,3903,https://claritaspod.com/measure/prfx.byspotify.com/e/pscrb.fm/rss/p/mgln.ai/e/31/afp-9384.calisto.simplecastaudio.com/dbf86dbd-6a9d-4db2-a354-45de08471376/episodes/adaeffe3-902c-4632-9744-56914fb11dee/audio/128/default.mp3?aid=rss_feed&awCollectionId=dbf86dbd-6a9d-4db2-a354-45de08471376&awEpisodeId=adaeffe3-902c-4632-9744-56914fb11dee&feed=wjQvYtdl,69351636,ce0c7198-9ab1-4a22-93f4-4f6d59661611
MBMBaM 699: The Platonic Dad,2024-02-19,3709,https://claritaspod.com/measure/prfx.byspotify.com/e/pscrb.fm/rss/p/mgln.ai/e/31/afp-9384.calisto.simplecastaudio.com/dbf86dbd-6a9d-4db2-a354-45de08471376/episodes/fd37de9b-9b7f-43ae-9313-cc45bd283e80/audio/128/default.mp3?aid=rss_feed&awCollectionId=dbf86dbd-6a9d-4db2-a354-45de08471376&awEpisodeId=fd37de9b-9b7f-43ae-9313-cc45bd283e80&feed=wjQvYtdl,66304161,95ef95d4-6151-46ef-8f64-4476d1d69012
"MBMBaM 700: Good Choices Today, Business Man",2024-02-26,3514,https://claritaspod.com/measure/prfx.byspotify.com/e/pscrb.fm/rss/p/mgln.ai/e/31/afp-9384.calisto.simplecastaudio.com/dbf86dbd-6a9d-4db2-a354-45de08471376/episodes/5181b645-3a3e-4626-bd19-c4be5babcbd4/audio/128/default.mp3?aid=rss_feed&awCollectionId=dbf86dbd-6a9d-4db2-a354-45de08471376&awEpisodeId=5181b645-3a3e-4626-bd19-c4be5babcbd4&feed=wjQvYtdl,63188370,f7c56079-683c-4d52-ab81-b10c623a56b1
MBMBaM 701: Party Panda,2024-03-04,3556,https://claritaspod.com/measure/prfx.byspotify.com/e/pscrb.fm/rss/p/mgln.ai/e/31/afp-9384.calisto.simplecastaudio.com/dbf86dbd-6a9d-4db2-a354-45de08471376/episodes/1e8c53e8-832f-45b6-8689-4db517d19a8e/audio/128/default.mp3?aid=rss_feed&awCollectionId=dbf86dbd-6a9d-4db2-a354-45de08471376&awEpisodeId=1e8c53e8-832f-45b6-8689-4db517d19a8e&feed=wjQvYtdl,63850632,28d86c3c-5d38-4390-b18a-bafbb25cba84
MBMBaM 702: Accountability For Crazy Puffs,2024-03-11,4073,https://claritaspod.com/measure/prfx.byspotify.com/e/pscrb.fm/rss/p/mgln.ai/e/31/afp-9384.calisto.simplecastaudio.com/dbf86dbd-6a9d-4db2-a354-45de08471376/episodes/0e6f7e2b-03d8-45b2-bb85-620d67e17663/audio/128/default.mp3?aid=rss_feed&awCollectionId=dbf86dbd-6a9d-4db2-a354-45de08471376&awEpisodeId=0e6f7e2b-03d8-45b2-bb85-620d67e17663&feed=wjQvYtdl,72128903,9f708d4d-cd4c-4d45-b477-13889a0b4c80
MBMBaM 703: GDP: Good Darn Podcasts,2024-03-18,3821,https://claritaspod.com/measure/prfx.byspotify.com/e/pscrb.fm/rss/p/mgln.ai/e/31/afp-9384.calisto.simplecastaudio.com/dbf86dbd-6a9d-4db2-a354-45de08471376/episodes/4838c787-f9f4-49e1-b1f9-c89c502a0f13/audio/128/default.mp3?aid=rss_feed&awCollectionId=dbf86dbd-6a9d-4db2-a354-45de08471376&awEpisodeId=4838c787-f9f4-49e1-b1f9-c89c502a0f13&feed=wjQvYtdl,68094353,221173f8-5311-4a1b-a073-53835c977f31
MaxFunDrive 2024: BoCo Highlights!,2024-03-22,910,https://claritaspod.com/measure/prfx.byspotify.com/e/pscrb.fm/rss/p/mgln.ai/e/31/afp-9384.calisto.simplecastaudio.com/dbf86dbd-6a9d-4db2-a354-45de08471376/episodes/bdbd6981-2cd6-4f28-aecd-310386108fd1/audio/128/default.mp3?aid=rss_feed&awCollectionId=dbf86dbd-6a9d-4db2-a354-45de08471376&awEpisodeId=bdbd6981-2cd6-4f28-aecd-310386108fd1&feed=wjQvYtdl,15016953,3d3c0362-6951-41dd-906a-7a57ec37f911
MBMBaM 704: Cheques Mix,2024-03-25,3721,https://claritaspod.com/measure/prfx.byspotify.com/e/pscrb.fm/rss/p/mgln.ai/e/31/afp-9384.calisto.simplecastaudio.com/dbf86dbd-6a9d-4db2-a354-45de08471376/episodes/76d6f691-43c6-43fe-bbee-fa578afe799c/audio/128/default.mp3?aid=rss_feed&awCollectionId=dbf86dbd-6a9d-4db2-a354-45de08471376&awEpisodeId=76d6f691-43c6-43fe-bbee-fa578afe799c&feed=wjQvYtdl,66504464,2d4ea167-13de-4486-9f81-867063e00dd3
MBMBaM 705: Crispy Cuppy Puppies,2024-04-01,3729,https://claritaspod.com/measure/prfx.byspotify.com/e/pscrb.fm/rss/p/mgln.ai/e/31/afp-9384.calisto.simplecastaudio.com/dbf86dbd-6a9d-4db2-a354-45de08471376/episodes/852a47b1-ffa2-484f-bb2f-a29f527b928a/audio/128/default.mp3?aid=rss_feed&awCollectionId=dbf86dbd-6a9d-4db2-a354-45de08471376&awEpisodeId=852a47b1-ffa2-484f-bb2f-a29f527b928a&feed=wjQvYtdl,66619950,75ee6dc2-6a46-417b-b646-e7381aae747f
"MBMBaM 706: Climax, Denouement, Spider-Man Test",2024-04-08,3456,https://claritaspod.com/measure/prfx.byspotify.com/e/pscrb.fm/rss/p/mgln.ai/e/31/afp-9384.calisto.simplecastaudio.com/dbf86dbd-6a9d-4db2-a354-45de08471376/episodes/f66ad313-8295-454e-9c07-97644e327567/audio/128/default.mp3?aid=rss_feed&awCollectionId=dbf86dbd-6a9d-4db2-a354-45de08471376&awEpisodeId=f66ad313-8295-454e-9c07-97644e327567&feed=wjQvYtdl,62246993,fbed3536-3868-4c9f-bb1f-920b0b6a4a46
MBMBaM 707: Beef Me Down to Beefy Town,2024-04-15,3392,https://claritaspod.com/measure/prfx.byspotify.com/e/pscrb.fm/rss/p/mgln.ai/e/31/afp-9384.calisto.simplecastaudio.com/dbf86dbd-6a9d-4db2-a354-45de08471376/episodes/57e9130a-5762-42cb-ba5f-40ba083a1560/audio/128/default.mp3?aid=rss_feed&awCollectionId=dbf86dbd-6a9d-4db2-a354-45de08471376&awEpisodeId=57e9130a-5762-42cb-ba5f-40ba083a1560&feed=wjQvYtdl,61229926,e2e17e94-f425-44d6-8a4c-2ff5959afc05
MBMBaM 708: Make those Bills Rainable,2024-04-22,3924,https://claritaspod.com/measure/prfx.byspotify.com/e/pscrb.fm/rss/p/mgln.ai/e/31/afp-9384.calisto.simplecastaudio.com/dbf86dbd-6a9d-4db2-a354-45de08471376/episodes/71ea07c5-ce70-46ee-b72f-0dfcb75ccc77/audio/128/default.mp3?aid=rss_feed&awCollectionId=dbf86dbd-6a9d-4db2-a354-45de08471376&awEpisodeId=71ea07c5-ce70-46ee-b72f-0dfcb75ccc77&feed=wjQvYtdl,69745067,e4b59619-8386-4eb9-9f2c-9db461ecf3be
MBMBaM 709: Face 2 Face: Personal Hot Dog Thermos,2024-04-29,4720,https://claritaspod.com/measure/prfx.byspotify.com/e/pscrb.fm/rss/p/mgln.ai/e/31/afp-9384.calisto.simplecastaudio.com/dbf86dbd-6a9d-4db2-a354-45de08471376/episodes/bd54ca14-cb0c-4d37-996f-7986da46ec1b/audio/128/default.mp3?aid=rss_feed&awCollectionId=dbf86dbd-6a9d-4db2-a354-45de08471376&awEpisodeId=bd54ca14-cb0c-4d37-996f-7986da46ec1b&feed=wjQvYtdl,82504180,79f3b464-d760-4280-a4cc-673db812c209
MBMBaM 710: Colin from Secret Garden Energy,2024-05-06,3286,https://claritaspod.com/measure/prfx.byspotify.com/e/pscrb.fm/rss/p/mgln.ai/e/31/afp-9384.calisto.simplecastaudio.com/dbf86dbd-6a9d-4db2-a354-45de08471376/episodes/ddc3451a-d7a0-4b2a-8a09-05102fe6b11b/audio/128/default.mp3?aid=rss_feed&awCollectionId=dbf86dbd-6a9d-4db2-a354-45de08471376&awEpisodeId=ddc3451a-d7a0-4b2a-8a09-05102fe6b11b&feed=wjQvYtdl,59533825,2cb17583-a03f-4a09-b722-a393ed2dd63b
"MBMBaM 711: Notice Me, Jerry Senpai",2024-05-13,3549,https://claritaspod.com/measure/prfx.byspotify.com/e/pscrb.fm/rss/p/mgln.ai/e/31/afp-9384.calisto.simplecastaudio.com/dbf86dbd-6a9d-4db2-a354-45de08471376/episodes/f7adf547-f28b-4c7e-b5e0-7ffa841d0bbb/audio/128/default.mp3?aid=rss_feed&awCollectionId=dbf86dbd-6a9d-4db2-a354-45de08471376&awEpisodeId=f7adf547-f28b-4c7e-b5e0-7ffa841d0bbb&feed=wjQvYtdl,63739707,1c5d8300-2440-4696-9643-05e9411d2589
MBMBaM 712: Face 2 Face: Pay the Mustard Forward,2024-05-20,4723,https://claritaspod.com/measure/prfx.byspotify.com/e/pscrb.fm/rss/p/mgln.ai/e/31/afp-9384.calisto.simplecastaudio.com/dbf86dbd-6a9d-4db2-a354-45de08471376/episodes/c7901fc6-a36e-4a33-9802-9b56efbf37e9/audio/128/default.mp3?aid=rss_feed&awCollectionId=dbf86dbd-6a9d-4db2-a354-45de08471376&awEpisodeId=c7901fc6-a36e-4a33-9802-9b56efbf37e9&feed=wjQvYtdl,82548187,e2c62467-0e94-4e88-b870-c6ab1cf71133
MBMBaM 713: Speed Force Bear,2024-05-27,3710,https://claritaspod.com/measure/prfx.byspotify.com/e/pscrb.fm/rss/p/mgln.ai/e/31/afp-9384.calisto.simplecastaudio.com/dbf86dbd-6a9d-4db2-a354-45de08471376/episodes/6509e761-dd5f-4917-8383-7510d92f2d6c/audio/128/default.mp3?aid=rss_feed&awCollectionId=dbf86dbd-6a9d-4db2-a354-45de08471376&awEpisodeId=6509e761-dd5f-4917-8383-7510d92f2d6c&feed=wjQvYtdl,66251321,c07222a2-a5a9-4e1e-81ae-20fccd760705
MBMBaM 714: Snoopy’s Boy Chuck,2024-06-03,3772,https://claritaspod.com/measure/prfx.byspotify.com/e/pscrb.fm/rss/p/mgln.ai/e/31/afp-9384.calisto.simplecastaudio.com/dbf86dbd-6a9d-4db2-a354-45de08471376/episodes/ba4ecdbb-7d9f-4aaf-b710-5d3b4a6ba572/audio/128/default.mp3?aid=rss_feed&awCollectionId=dbf86dbd-6a9d-4db2-a354-45de08471376&awEpisodeId=ba4ecdbb-7d9f-4aaf-b710-5d3b4a6ba572&feed=wjQvYtdl,67241002,b0850756-fc8d-410b-8778-c36e873427d6
MBMBaM 715: What if it IS Piss Man?,2024-06-10,3551,https://claritaspod.com/measure/prfx.byspotify.com/e/pscrb.fm/rss/p/mgln.ai/e/31/afp-9384.calisto.simplecastaudio.com/dbf86dbd-6a9d-4db2-a354-45de08471376/episodes/f72e1628-b7d2-41f9-9bf9-be2bbbb8ff72/audio/128/default.mp3?aid=rss_feed&awCollectionId=dbf86dbd-6a9d-4db2-a354-45de08471376&awEpisodeId=f72e1628-b7d2-41f9-9bf9-be2bbbb8ff72&feed=wjQvYtdl,63712761,5cb518e9-0e5b-45a4-a8af-fb72770ebdf9
MBMBaM 716: Fresh Cold Not Dogs,2024-06-17,3592,https://claritaspod.com/measure/prfx.byspotify.com/e/pscrb.fm/rss/p/mgln.ai/e/31/afp-9384.calisto.simplecastaudio.com/dbf86dbd-6a9d-4db2-a354-45de08471376/episodes/cca6c184-85db-49ae-ba0c-050c3c0232f6/audio/128/default.mp3?aid=rss_feed&awCollectionId=dbf86dbd-6a9d-4db2-a354-45de08471376&awEpisodeId=cca6c184-85db-49ae-ba0c-050c3c0232f6&feed=wjQvYtdl,64367588,8f7188e7-1911-4b3e-9e1d-e8e828efe4bd
MBMBaM 717: Face 2 Face: Spectral Gentleman Caller James Griffin,2024-06-24,5569,https://claritaspod.com/measure/prfx.byspotify.com/e/pscrb.fm/rss/p/mgln.ai/e/31/afp-9384.calisto.simplecastaudio.com/dbf86dbd-6a9d-4db2-a354-45de08471376/episodes/7b7a0c26-c279-46b0-bee7-cdb6bab1ef75/audio/128/default.mp3?aid=rss_feed&awCollectionId=dbf86dbd-6a9d-4db2-a354-45de08471376&awEpisodeId=7b7a0c26-c279-46b0-bee7-cdb6bab1ef75&feed=wjQvYtdl,95999393,6a3b9770-e87b-40fd-8d0e-0c6d6f3b352a
MBMBaM 718: Shaq-cuse!,2024-07-01,3544,https://claritaspod.com/measure/prfx.byspotify.com/e/pscrb.fm/rss/p/mgln.ai/e/31/afp-9384.calisto.simplecastaudio.com/dbf86dbd-6a9d-4db2-a354-45de08471376/episodes/d4aea059-e121-4ea0-9096-5a503bfb43e1/audio/128/default.mp3?aid=rss_feed&awCollectionId=dbf86dbd-6a9d-4db2-a354-45de08471376&awEpisodeId=d4aea059-e121-4ea0-9096-5a503bfb43e1&feed=wjQvYtdl,63592516,ba8af6d1-7ca7-4982-a740-a7ffd8b19a7f
MBMBaM 719: Neon Grimacis Evangelion,2024-07-08,3425,https://claritaspod.com/measure/prfx.byspotify.com/e/pscrb.fm/rss/p/mgln.ai/e/31/afp-9384.calisto.simplecastaudio.com/dbf86dbd-6a9d-4db2-a354-45de08471376/episodes/e2d39a66-22ca-484c-aa40-b1c384c766a0/audio/128/default.mp3?aid=rss_feed&awCollectionId=dbf86dbd-6a9d-4db2-a354-45de08471376&awEpisodeId=e2d39a66-22ca-484c-aa40-b1c384c766a0&feed=wjQvYtdl,61700663,e8d9ea0b-4b48-46dd-9610-c8876e067c0c
MBMBaM 720: Mariana Trench Warfare,2024-07-15,3275,https://claritaspod.com/measure/prfx.byspotify.com/e/pscrb.fm/rss/p/mgln.ai/e/31/afp-9384.calisto.simplecastaudio.com/dbf86dbd-6a9d-4db2-a354-45de08471376/episodes/617b758a-4cc8-4dd7-8f4e-c9c17c43ad5a/audio/128/default.mp3?aid=rss_feed&awCollectionId=dbf86dbd-6a9d-4db2-a354-45de08471376&awEpisodeId=617b758a-4cc8-4dd7-8f4e-c9c17c43ad5a&feed=wjQvYtdl,59304628,06f1572d-9822-4959-8b18-fde42991b1c5
MBMBaM 721: Face 2 Face: Cotton Candy Cenneth,2024-07-22,3774,https://claritaspod.com/measure/prfx.byspotify.com/e/pscrb.fm/rss/p/mgln.ai/e/31/afp-9384.calisto.simplecastaudio.com/dbf86dbd-6a9d-4db2-a354-45de08471376/episodes/3bc89ae9-113b-4648-a400-7e5352dabaf7/audio/128/default.mp3?aid=rss_feed&awCollectionId=dbf86dbd-6a9d-4db2-a354-45de08471376&awEpisodeId=3bc89ae9-113b-4648-a400-7e5352dabaf7&feed=wjQvYtdl,67289741,5e84d807-020a-48ba-909c-595fcb3a3982
MBMBaM 722: Are You Public Speaking?,2024-07-29,4058,https://claritaspod.com/measure/prfx.byspotify.com/e/pscrb.fm/rss/p/mgln.ai/e/31/afp-9384.calisto.simplecastaudio.com/dbf86dbd-6a9d-4db2-a354-45de08471376/episodes/20ca7ccb-7f3d-4bdc-ae54-15784661abd8/audio/128/default.mp3?aid=rss_feed&awCollectionId=dbf86dbd-6a9d-4db2-a354-45de08471376&awEpisodeId=20ca7ccb-7f3d-4bdc-ae54-15784661abd8&feed=wjQvYtdl,71831123,511032b1-9128-45ee-a197-948e63ad5799
MBMBaM 723: Face 2 Face: Cuck Cuck Goose,2024-08-05,4318,https://claritaspod.com/measure/prfx.byspotify.com/e/pscrb.fm/rss/p/mgln.ai/e/31/afp-9384.calisto.simplecastaudio.com/dbf86dbd-6a9d-4db2-a354-45de08471376/episodes/60fd224c-e66e-4374-944f-b5b1d33d9b36/audio/128/default.mp3?aid=rss_feed&awCollectionId=dbf86dbd-6a9d-4db2-a354-45de08471376&awEpisodeId=60fd224c-e66e-4374-944f-b5b1d33d9b36&feed=wjQvYtdl,75991966,43f075ac-5f0c-4bd5-a346-e886bdefcd70
MBMBaM 724: This Mouth Sound is Gonna Change Your Life,2024-08-12,3385,https://claritaspod.com/measure/prfx.byspotify.com/e/pscrb.fm/rss/p/mgln.ai/e/31/afp-9384.calisto.simplecastaudio.com/dbf86dbd-6a9d-4db2-a354-45de08471376/episodes/8672e8f3-5850-4de0-9d1f-cbc1df733377/audio/128/default.mp3?aid=rss_feed&awCollectionId=dbf86dbd-6a9d-4db2-a354-45de08471376&awEpisodeId=8672e8f3-5850-4de0-9d1f-cbc1df733377&feed=wjQvYtdl,60973178,6d6fb904-cac7-4056-81c2-69de60f7420e
MBMBaM 725: Fevers Named After Colors,2024-08-19,3474,https://claritaspod.com/measure/prfx.byspotify.com/e/pscrb.fm/rss/p/mgln.ai/e/31/afp-9384.calisto.simplecastaudio.com/dbf86dbd-6a9d-4db2-a354-45de08471376/episodes/b665069f-b063-48e5-a82b-9fd87ea0e909/audio/128/default.mp3?aid=rss_feed&awCollectionId=dbf86dbd-6a9d-4db2-a354-45de08471376&awEpisodeId=b665069f-b063-48e5-a82b-9fd87ea0e909&feed=wjQvYtdl,62481159,2553278f-3344-4049-821a-51166d35512d
MBMBaM 726: Hot Dog Think Appointment,2024-08-26,3647,https://claritaspod.com/measure/prfx.byspotify.com/e/pscrb.fm/rss/p/mgln.ai/e/31/afp-9384.calisto.simplecastaudio.com/dbf86dbd-6a9d-4db2-a354-45de08471376/episodes/29af8b4f-5802-4b2f-9763-485585c35b8c/audio/128/default.mp3?aid=rss_feed&awCollectionId=dbf86dbd-6a9d-4db2-a354-45de08471376&awEpisodeId=29af8b4f-5802-4b2f-9763-485585c35b8c&feed=wjQvYtdl,65245278,7b060d8c-964d-4d37-8c44-c236f3aa0134
MBMBaM 727: A Great Day for Brotherhood,2024-09-02,3556,https://claritaspod.com/measure/prfx.byspotify.com/e/pscrb.fm/rss/p/mgln.ai/e/31/afp-9384.calisto.simplecastaudio.com/dbf86dbd-6a9d-4db2-a354-45de08471376/episodes/a9944934-2775-4bc2-86ca-64d55b1304d1/audio/128/default.mp3?aid=rss_feed&awCollectionId=dbf86dbd-6a9d-4db2-a354-45de08471376&awEpisodeId=a9944934-2775-4bc2-86ca-64d55b1304d1&feed=wjQvYtdl,63697365,ace97ac5-c5b4-4df6-94be-3ce9ad9d5a63
MBMBaM 728: Hold-You-Down Christian Rock 'n' Roll Daddy,2024-09-09,3319,https://claritaspod.com/measure/prfx.byspotify.com/e/pscrb.fm/rss/p/mgln.ai/e/31/afp-9384.calisto.simplecastaudio.com/dbf86dbd-6a9d-4db2-a354-45de08471376/episodes/a022c9d7-e794-455a-af7f-c743d63cb837/audio/128/default.mp3?aid=rss_feed&awCollectionId=dbf86dbd-6a9d-4db2-a354-45de08471376&awEpisodeId=a022c9d7-e794-455a-af7f-c743d63cb837&feed=wjQvYtdl,60011556,c9e96dad-8870-41fc-a456-45b3367407d8
MBMBaM 729: Put a Slim Jim in My Coin Hole,2024-09-16,3397,https://claritaspod.com/measure/prfx.byspotify.com/e/pscrb.fm/rss/p/mgln.ai/e/31/afp-9384.calisto.simplecastaudio.com/dbf86dbd-6a9d-4db2-a354-45de08471376/episodes/5a111e3d-a809-4ea7-9f5d-95062ed6a37d/audio/128/default.mp3?aid=rss_feed&awCollectionId=dbf86dbd-6a9d-4db2-a354-45de08471376&awEpisodeId=5a111e3d-a809-4ea7-9f5d-95062ed6a37d&feed=wjQvYtdl,61260707,9340bf44-74df-4679-aa54-058bd7b9debf
MBMBaM 730: Reverse Liar Liar,2024-09-23,3589,https://claritaspod.com/measure/prfx.byspotify.com/e/pscrb.fm/rss/p/mgln.ai/e/31/afp-9384.calisto.simplecastaudio.com/dbf86dbd-6a9d-4db2-a354-45de08471376/episodes/5dd75c4d-2217-447d-81d0-2fdc85029c42/audio/128/default.mp3?aid=rss_feed&awCollectionId=dbf86dbd-6a9d-4db2-a354-45de08471376&awEpisodeId=5dd75c4d-2217-447d-81d0-2fdc85029c42&feed=wjQvYtdl,64322841,ac24c0a0-175b-45b5-8b52-a115d624f27b
MBMBaM 731: Face 2 Face: Good Face Holes,2024-09-30,4217,https://claritaspod.com/measure/prfx.byspotify.com/e/pscrb.fm/rss/p/mgln.ai/e/31/afp-9384.calisto.simplecastaudio.com/dbf86dbd-6a9d-4db2-a354-45de08471376/episodes/36b08daf-5662-4b66-8a98-af1a2bee7bec/audio/128/default.mp3?aid=rss_feed&awCollectionId=dbf86dbd-6a9d-4db2-a354-45de08471376&awEpisodeId=36b08daf-5662-4b66-8a98-af1a2bee7bec&feed=wjQvYtdl,74371484,07f9cadc-2843-4b33-83bb-d674f9861a42
MBMBaM 732: Museum of Grandma Promises,2024-10-07,3432,https://claritaspod.com/measure/prfx.byspotify.com/e/pscrb.fm/rss/p/mgln.ai/e/31/afp-9384.calisto.simplecastaudio.com/dbf86dbd-6a9d-4db2-a354-45de08471376/episodes/f865cf61-4cb6-41c5-9604-34166514d154/audio/128/default.mp3?aid=rss_feed&awCollectionId=dbf86dbd-6a9d-4db2-a354-45de08471376&awEpisodeId=f865cf61-4cb6-41c5-9604-34166514d154&feed=wjQvYtdl,51402492,02f80b20-2a7d-4ea5-8342-add76b8ff203
MBMBaM 733: Congratulations on Your Powerful Trunk,2024-10-14,3488,https://claritaspod.com/measure/prfx.byspotify.com/e/pscrb.fm/rss/p/mgln.ai/e/31/afp-9384.calisto.simplecastaudio.com/dbf86dbd-6a9d-4db2-a354-45de08471376/episodes/73735d53-2cbe-42ff-a94b-b0b18dd8a2bd/audio/128/default.mp3?aid=rss_feed&awCollectionId=dbf86dbd-6a9d-4db2-a354-45de08471376&awEpisodeId=73735d53-2cbe-42ff-a94b-b0b18dd8a2bd&feed=wjQvYtdl,62713154,b50f74a3-89a4-44b6-9126-f86ff547e8bc
MBMBaM 734: Twelve Volumes of Ichor,2024-10-21,3567,https://claritaspod.com/measure/prfx.byspotify.com/e/pscrb.fm/rss/p/mgln.ai/e/31/afp-9384.calisto.simplecastaudio.com/dbf86dbd-6a9d-4db2-a354-45de08471376/episodes/7d019b23-0d42-430c-b175-8429438b8953/audio/128/default.mp3?aid=rss_feed&awCollectionId=dbf86dbd-6a9d-4db2-a354-45de08471376&awEpisodeId=7d019b23-0d42-430c-b175-8429438b8953&feed=wjQvYtdl,63970907,93fd260c-a96d-4a40-bc31-cb060299638e
"MBMBaM 735: Face 2 Face: Take Me to Monster World, Pregnant Sully",2024-10-28,4927,https://claritaspod.com/measure/prfx.byspotify.com/e/pscrb.fm/rss/p/mgln.ai/e/31/afp-9384.calisto.simplecastaudio.com/dbf86dbd-6a9d-4db2-a354-45de08471376/episodes/21e950de-6d74-4418-a1e5-cf60de1b1a58/audio/128/default.mp3?aid=rss_feed&awCollectionId=dbf86dbd-6a9d-4db2-a354-45de08471376&awEpisodeId=21e950de-6d74-4418-a1e5-cf60de1b1a58&feed=wjQvYtdl,85733513,4d7a3e01-f012-4b6d-ba0c-c4aa9955159f
MBMBaM 736: School You're Allowed to Drink At,2024-11-04,3497,https://claritaspod.com/measure/prfx.byspotify.com/e/pscrb.fm/rss/p/mgln.ai/e/31/afp-9384.calisto.simplecastaudio.com/dbf86dbd-6a9d-4db2-a354-45de08471376/episodes/5e9ceb94-7205-4ac5-9be3-13f39c21049b/audio/128/default.mp3?aid=rss_feed&awCollectionId=dbf86dbd-6a9d-4db2-a354-45de08471376&awEpisodeId=5e9ceb94-7205-4ac5-9be3-13f39c21049b&feed=wjQvYtdl,62844011,011e2f13-8e22-455f-b575-f91f929219c2
MBMBaM 737: Face 2 Face: Amble Down to Dumpster Party,2024-11-11,4794,https://claritaspod.com/measure/prfx.byspotify.com/e/pscrb.fm/rss/p/mgln.ai/e/31/afp-9384.calisto.simplecastaudio.com/dbf86dbd-6a9d-4db2-a354-45de08471376/episodes/f79e75ef-8ac1-4996-8345-07f863df2004/audio/128/default.mp3?aid=rss_feed&awCollectionId=dbf86dbd-6a9d-4db2-a354-45de08471376&awEpisodeId=f79e75ef-8ac1-4996-8345-07f863df2004&feed=wjQvYtdl,83600419,abcfbdd1-859d-471e-b5ac-82e3ba249168
MBMBaM 738: My Unfinished Business is Mr. Holland's Opus,2024-11-18,3409,https://claritaspod.com/measure/prfx.byspotify.com/e/pscrb.fm/rss/p/mgln.ai/e/31/afp-9384.calisto.simplecastaudio.com/dbf86dbd-6a9d-4db2-a354-45de08471376/episodes/ee056c17-ba41-4447-9aea-5b668abee524/audio/128/default.mp3?aid=rss_feed&awCollectionId=dbf86dbd-6a9d-4db2-a354-45de08471376&awEpisodeId=ee056c17-ba41-4447-9aea-5b668abee524&feed=wjQvYtdl,61443313,517e9042-9974-4c5a-acf2-0586bd3064c9
MBMBaM 739: Face 2 Face: Munch Squad Works For Me Now,2024-11-25,4243,https://claritaspod.com/measure/prfx.byspotify.com/e/pscrb.fm/rss/p/mgln.ai/e/31/afp-9384.calisto.simplecastaudio.com/dbf86dbd-6a9d-4db2-a354-45de08471376/episodes/a10c073e-2717-4a5f-afbc-f4c85026d55e/audio/128/default.mp3?aid=rss_feed&awCollectionId=dbf86dbd-6a9d-4db2-a354-45de08471376&awEpisodeId=a10c073e-2717-4a5f-afbc-f4c85026d55e&feed=wjQvYtdl,74799837,a5f0f8d6-a363-406d-8470-82a8ddaffc7b
MBMBaM 740: Ten Percent Kissy Face,2024-12-02,3268,https://claritaspod.com/measure/prfx.byspotify.com/e/pscrb.fm/rss/p/mgln.ai/e/31/afp-9384.calisto.simplecastaudio.com/dbf86dbd-6a9d-4db2-a354-45de08471376/episodes/ab831da6-c944-4bc7-a97d-6b53b4a943d1/audio/128/default.mp3?aid=rss_feed&awCollectionId=dbf86dbd-6a9d-4db2-a354-45de08471376&awEpisodeId=ab831da6-c944-4bc7-a97d-6b53b4a943d1&feed=wjQvYtdl,59195382,e22422ce-8542-4712-a5f2-6df399906359
MBMBaM 741: Face 2 Face: 50-Way Pasta for Big Kisses,2024-12-09,5138,https://claritaspod.com/measure/prfx.byspotify.com/e/pscrb.fm/rss/p/mgln.ai/e/31/afp-9384.calisto.simplecastaudio.com/dbf86dbd-6a9d-4db2-a354-45de08471376/episodes/8fa753da-86ac-4939-9f3b-72a8933bbd73/audio/128/default.mp3?aid=rss_feed&awCollectionId=dbf86dbd-6a9d-4db2-a354-45de08471376&awEpisodeId=8fa753da-86ac-4939-9f3b-72a8933bbd73&feed=wjQvYtdl,89101287,a87da44c-bc6a-4d8d-916a-9aa56f96a4af
MBMBaM 742: Vesecticon Seven,2024-12-16,3402,https://claritaspod.com/measure/prfx.byspotify.com/e/pscrb.fm/rss/p/mgln.ai/e/31/afp-9384.calisto.simplecastaudio.com/dbf86dbd-6a9d-4db2-a354-45de08471376/episodes/d312aeb5-5a08-44dd-ba06-869da9ef9fa9/audio/128/default.mp3?aid=rss_feed&awCollectionId=dbf86dbd-6a9d-4db2-a354-45de08471376&awEpisodeId=d312aeb5-5a08-44dd-ba06-869da9ef9fa9&feed=wjQvYtdl,61336941,70328e4c-b290-4d04-8366-a1e04218e9a7
MBMBaM 743: Combination Taco Bell and Travis House,2024-12-23,3320,https://claritaspod.com/measure/prfx.byspotify.com/e/pscrb.fm/rss/p/mgln.ai/e/31/afp-9384.calisto.simplecastaudio.com/dbf86dbd-6a9d-4db2-a354-45de08471376/episodes/91646d7b-35ed-47de-8c1c-6e12d96b3ea0/audio/128/default.mp3?aid=rss_feed&awCollectionId=dbf86dbd-6a9d-4db2-a354-45de08471376&awEpisodeId=91646d7b-35ed-47de-8c1c-6e12d96b3ea0&feed=wjQvYtdl,60014150,9f120b56-eec7-4b75-89cd-ab935f216e3c
MBMBaM 744: The Naming of 2025,2025-01-06,7481,https://claritaspod.com/measure/prfx.byspotify.com/e/pscrb.fm/rss/p/mgln.ai/e/31/afp-9384.calisto.simplecastaudio.com/dbf86dbd-6a9d-4db2-a354-45de08471376/episodes/8136398f-394a-4241-a251-a8c8e54ff1d9/audio/128/default.mp3?aid=rss_feed&awCollectionId=dbf86dbd-6a9d-4db2-a354-45de08471376&awEpisodeId=8136398f-394a-4241-a251-a8c8e54ff1d9&feed=wjQvYtdl,126597147,0cc13bdb-2d1e-42fa-8827-f8a66bc28ce0
MBMBaM 745: 2 Year 2 Naming,2025-01-13,3515,https://claritaspod.com/measure/prfx.byspotify.com/e/pscrb.fm/rss/p/mgln.ai/e/31/afp-9384.calisto.simplecastaudio.com/dbf86dbd-6a9d-4db2-a354-45de08471376/episodes/2ff42d30-9d24-41a8-b5e3-105ef0561ef9/audio/128/default.mp3?aid=rss_feed&awCollectionId=dbf86dbd-6a9d-4db2-a354-45de08471376&awEpisodeId=2ff42d30-9d24-41a8-b5e3-105ef0561ef9&feed=wjQvYtdl,63145948,aff3f740-a33d-4b7a-8c7d-d07b2d96a8d2
MBMBaM 746: Long Gone Daddy with Fists of Steel,2025-01-20,3956,https://claritaspod.com/measure/prfx.byspotify.com/e/pscrb.fm/rss/p/mgln.ai/e/31/afp-9384.calisto.simplecastaudio.com/dbf86dbd-6a9d-4db2-a354-45de08471376/episodes/547665f5-8af9-4228-9ed8-0efffae85853/audio/128/default.mp3?aid=rss_feed&awCollectionId=dbf86dbd-6a9d-4db2-a354-45de08471376&awEpisodeId=547665f5-8af9-4228-9ed8-0efffae85853&feed=wjQvYtdl,70188622,1d718aee-4eb1-425a-ad8f-53bfd60ab4a9
"MBMBaM 747: How You 'Dune, a Friends-Fremen Podcast",2025-01-27,3322,https://claritaspod.com/measure/prfx.byspotify.com/e/pscrb.fm/rss/p/mgln.ai/e/31/afp-9384.calisto.simplecastaudio.com/dbf86dbd-6a9d-4db2-a354-45de08471376/episodes/527e98f5-66a4-4b3f-b9c4-0dc4761435ce/audio/128/default.mp3?aid=rss_feed&awCollectionId=dbf86dbd-6a9d-4db2-a354-45de08471376&awEpisodeId=527e98f5-66a4-4b3f-b9c4-0dc4761435ce&feed=wjQvYtdl,60049604,7f11046e-d764-43a7-86b5-66991ceec685
"MBMBaM 748: Gooped and Gagged, Dad",2025-02-03,3497,https://claritaspod.com/measure/prfx.byspotify.com/e/pscrb.fm/rss/p/mgln.ai/e/31/afp-9384.calisto.simplecastaudio.com/dbf86dbd-6a9d-4db2-a354-45de08471376/episodes/2d6e57ef-ea93-444f-bbc3-ed3b27599d82/audio/128/default.mp3?aid=rss_feed&awCollectionId=dbf86dbd-6a9d-4db2-a354-45de08471376&awEpisodeId=2d6e57ef-ea93-444f-bbc3-ed3b27599d82&feed=wjQvYtdl,62852323,d8170e5f-4a83-4d33-b133-00509205ac6c
MBMBaM 749: Christmas for Consumers,2025-02-10,3381,https://claritaspod.com/measure/prfx.byspotify.com/e/pscrb.fm/rss/p/mgln.ai/e/31/afp-9384.calisto.simplecastaudio.com/dbf86dbd-6a9d-4db2-a354-45de08471376/episodes/6244d22f-292a-48e9-ac25-81b8c4d0cd62/audio/128/default.mp3?aid=rss_feed&awCollectionId=dbf86dbd-6a9d-4db2-a354-45de08471376&awEpisodeId=6244d22f-292a-48e9-ac25-81b8c4d0cd62&feed=wjQvYtdl,60996293,16db0a56-b3a8-4c4c-ae6e-74f5b39626b3
MBMBaM 750: A Thrupence and Nine,2025-02-17,3757,https://claritaspod.com/measure/prfx.byspotify.com/e/pscrb.fm/rss/p/mgln.ai/e/31/afp-9384.calisto.simplecastaudio.com/dbf86dbd-6a9d-4db2-a354-45de08471376/episodes/07e63cdf-4441-4231-9343-0718b8d5e3c7/audio/128/default.mp3?aid=rss_feed&awCollectionId=dbf86dbd-6a9d-4db2-a354-45de08471376&awEpisodeId=07e63cdf-4441-4231-9343-0718b8d5e3c7&feed=wjQvYtdl,67012702,ae932398-ba9f-4b36-b294-e865ddc22985
MBMBaM 751: Face 2 Face: Tragic Mike Tour,2025-02-24,4680,https://claritaspod.com/measure/prfx.byspotify.com/e/pscrb.fm/rss/p/mgln.ai/e/31/afp-9384.calisto.simplecastaudio.com/dbf86dbd-6a9d-4db2-a354-45de08471376/episodes/a0d07578-6633-4ac7-ad69-bbcd2cf328b7/audio/128/default.mp3?aid=rss_feed&awCollectionId=dbf86dbd-6a9d-4db2-a354-45de08471376&awEpisodeId=a0d07578-6633-4ac7-ad69-bbcd2cf328b7&feed=wjQvYtdl,81786673,3e23aa40-7f12-4533-9221-5d657af031da
MBMBaM 752: A Complex Story About Beans,2025-03-03,3434,https://claritaspod.com/measure/prfx.byspotify.com/e/pscrb.fm/rss/p/mgln.ai/e/31/afp-9384.calisto.simplecastaudio.com/dbf86dbd-6a9d-4db2-a354-45de08471376/episodes/511c2705-b7f2-4cba-af88-620b68e2a18b/audio/128/default.mp3?aid=rss_feed&awCollectionId=dbf86dbd-6a9d-4db2-a354-45de08471376&awEpisodeId=511c2705-b7f2-4cba-af88-620b68e2a18b&feed=wjQvYtdl,61845022,eae20823-8176-4958-bae0-2abda9397a3b
MBMBaM 753: The Dicktine Chapel,2025-03-10,3388,https://claritaspod.com/measure/prfx.byspotify.com/e/pscrb.fm/rss/p/mgln.ai/e/31/afp-9384.calisto.simplecastaudio.com/dbf86dbd-6a9d-4db2-a354-45de08471376/episodes/323d49ca-b664-46ca-a34c-e93da0700733/audio/128/default.mp3?aid=rss_feed&awCollectionId=dbf86dbd-6a9d-4db2-a354-45de08471376&awEpisodeId=323d49ca-b664-46ca-a34c-e93da0700733&feed=wjQvYtdl,61108223,7bfac06d-5f1a-4ce7-a9fc-2157041cd9c1
MBMBaM 754: Dinglebuff Hufferbuff,2025-03-17,3818,https://claritaspod.com/measure/prfx.byspotify.com/e/pscrb.fm/rss/p/mgln.ai/e/31/afp-9384.calisto.simplecastaudio.com/dbf86dbd-6a9d-4db2-a354-45de08471376/episodes/dc933a85-52f4-47c4-86e2-829245f9155a/audio/128/default.mp3?aid=rss_feed&awCollectionId=dbf86dbd-6a9d-4db2-a354-45de08471376&awEpisodeId=dc933a85-52f4-47c4-86e2-829245f9155a&feed=wjQvYtdl,67994875,9e86ae0b-d41e-4f81-b501-008042c8732b
MBMBaM 755: Getting Crowded at Funny Beach,2025-03-24,3881,https://claritaspod.com/measure/prfx.byspotify.com/e/pscrb.fm/rss/p/mgln.ai/e/31/afp-9384.calisto.simplecastaudio.com/dbf86dbd-6a9d-4db2-a354-45de08471376/episodes/79ad24f2-ebc5-47d0-926b-d69fd83f5813/audio/128/default.mp3?aid=rss_feed&awCollectionId=dbf86dbd-6a9d-4db2-a354-45de08471376&awEpisodeId=79ad24f2-ebc5-47d0-926b-d69fd83f5813&feed=wjQvYtdl,68994117,dda9a830-9535-455b-951d-5202ac45d545
MBMBaM 756: King Fuck of Bastard Mountain,2025-03-31,3371,https://claritaspod.com/measure/prfx.byspotify.com/e/pscrb.fm/rss/p/mgln.ai/e/31/afp-9384.calisto.simplecastaudio.com/dbf86dbd-6a9d-4db2-a354-45de08471376/episodes/904f8078-e394-4fcf-b1d2-a538488e5159/audio/128/default.mp3?aid=rss_feed&awCollectionId=dbf86dbd-6a9d-4db2-a354-45de08471376&awEpisodeId=904f8078-e394-4fcf-b1d2-a538488e5159&feed=wjQvYtdl,60840704,baf8b2d5-baa7-420a-877a-124b5ed31e85
MBMBaM 757: Face 2 Face: Ain’t No Horny Like Goose Horny,2025-04-07,4676,https://claritaspod.com/measure/prfx.byspotify.com/e/pscrb.fm/rss/p/mgln.ai/e/31/afp-9384.calisto.simplecastaudio.com/dbf86dbd-6a9d-4db2-a354-45de08471376/episodes/96fce216-3eeb-44c3-8132-7515828880f6/audio/128/default.mp3?aid=rss_feed&awCollectionId=dbf86dbd-6a9d-4db2-a354-45de08471376&awEpisodeId=96fce216-3eeb-44c3-8132-7515828880f6&feed=wjQvYtdl,81717409,47bc66ad-73ec-4896-8d7d-3fd5abc4aafe
MBMBaM 758: Ostrichhood,2025-04-14,3145,https://claritaspod.com/measure/prfx.byspotify.com/e/pscrb.fm/rss/p/mgln.ai/e/31/afp-9384.calisto.simplecastaudio.com/dbf86dbd-6a9d-4db2-a354-45de08471376/episodes/bb1cb8cf-64b5-4374-934c-1d32f181f754/audio/128/default.mp3?aid=rss_feed&awCollectionId=dbf86dbd-6a9d-4db2-a354-45de08471376&awEpisodeId=bb1cb8cf-64b5-4374-934c-1d32f181f754&feed=wjQvYtdl,57220751,a27bc7ec-b9a5-4710-ac7b-94647acd9140
MBMBaM 759: Face 2 Face: Mommy’s Special Sweets For Good Business Boys,2025-04-21,4350,https://claritaspod.com/measure/prfx.byspotify.com/e/pscrb.fm/rss/p/mgln.ai/e/31/afp-9384.calisto.simplecastaudio.com/dbf86dbd-6a9d-4db2-a354-45de08471376/episodes/e8aeb6e7-c4ca-483a-beb4-a2f91aa25b25/audio/128/default.mp3?aid=rss_feed&awCollectionId=dbf86dbd-6a9d-4db2-a354-45de08471376&awEpisodeId=e8aeb6e7-c4ca-483a-beb4-a2f91aa25b25&feed=wjQvYtdl,76499491,275986a9-6a32-4481-bb72-53fc388b7521
MBMBaM 760: ImMaxulate Conception,2025-04-28,3157,https://claritaspod.com/measure/prfx.byspotify.com/e/pscrb.fm/rss/p/mgln.ai/e/31/afp-9384.calisto.simplecastaudio.com/dbf86dbd-6a9d-4db2-a354-45de08471376/episodes/00a87131-4eef-47e1-8b0b-a0b92d1720cd/audio/128/default.mp3?aid=rss_feed&awCollectionId=dbf86dbd-6a9d-4db2-a354-45de08471376&awEpisodeId=00a87131-4eef-47e1-8b0b-a0b92d1720cd&feed=wjQvYtdl,57410664,137d78d6-3988-4094-a84f-7fe9ae4f6652
MBMBaM 761: My Other Dad is a Helicopter,2025-05-05,3266,https://claritaspod.com/measure/prfx.byspotify.com/e/pscrb.fm/rss/p/mgln.ai/e/31/afp-9384.calisto.simplecastaudio.com/dbf86dbd-6a9d-4db2-a354-45de08471376/episodes/5cd1f0e1-212f-46d1-9aa4-1615416bd888/audio/128/default.mp3?aid=rss_feed&awCollectionId=dbf86dbd-6a9d-4db2-a354-45de08471376&awEpisodeId=5cd1f0e1-212f-46d1-9aa4-1615416bd888&feed=wjQvYtdl,59165390,d5058670-7d8f-4d06-adf9-e7535902809c
"MBMBaM 762: Mozzarella Stickz, Never Eaten",2025-05-12,3287,https://claritaspod.com/measure/prfx.byspotify.com/e/pscrb.fm/rss/p/mgln.ai/e/31/afp-9384.calisto.simplecastaudio.com/dbf86dbd-6a9d-4db2-a354-45de08471376/episodes/98707afc-63c5-4fe2-9daf-9cf2b5aa4968/audio/128/default.mp3?aid=rss_feed&awCollectionId=dbf86dbd-6a9d-4db2-a354-45de08471376&awEpisodeId=98707afc-63c5-4fe2-9daf-9cf2b5aa4968&feed=wjQvYtdl,59492935,bc836503-7bb9-4b6d-9fc7-b1edf19748de
MBMBaM 763: The Revenge Pope,2025-05-19,3702,https://claritaspod.com/measure/prfx.byspotify.com/e/pscrb.fm/rss/p/mgln.ai/e/31/afp-9384.calisto.simplecastaudio.com/dbf86dbd-6a9d-4db2-a354-45de08471376/episodes/9db2c553-d8f1-4d86-9e2b-ed7b32ccdcfe/audio/128/default.mp3?aid=rss_feed&awCollectionId=dbf86dbd-6a9d-4db2-a354-45de08471376&awEpisodeId=9db2c553-d8f1-4d86-9e2b-ed7b32ccdcfe&feed=wjQvYtdl,66126337,add50d18-6d6b-4823-8873-561c3faf3e65
MBMBaM 764: Sneak a Pi in that Mobo,2025-05-26,3007,https://claritaspod.com/measure/prfx.byspotify.com/e/pscrb.fm/rss/p/mgln.ai/e/31/afp-9384.calisto.simplecastaudio.com/dbf86dbd-6a9d-4db2-a354-45de08471376/episodes/fe4ab738-486c-4e14-9d88-f073e314b12c/audio/128/default.mp3?aid=rss_feed&awCollectionId=dbf86dbd-6a9d-4db2-a354-45de08471376&awEpisodeId=fe4ab738-486c-4e14-9d88-f073e314b12c&feed=wjQvYtdl,55011611,e701d240-7e66-4c96-9758-e51dc8a0cf05
MBMBaM 765: Face 2 Face: Ethics of Pissin' in Da Car,2025-06-02,4963,https://claritaspod.com/measure/prfx.byspotify.com/e/pscrb.fm/rss/p/mgln.ai/e/31/afp-9384.calisto.simplecastaudio.com/dbf86dbd-6a9d-4db2-a354-45de08471376/episodes/42362077-8574-4f05-81e1-80c8bc7710fc/audio/128/default.mp3?aid=rss_feed&awCollectionId=dbf86dbd-6a9d-4db2-a354-45de08471376&awEpisodeId=42362077-8574-4f05-81e1-80c8bc7710fc&feed=wjQvYtdl,86315773,393df531-5743-40cb-adce-d6d27c1e9fe0
MBMBaM 766: A Different Breed of Pervert,2025-06-09,3361,https://claritaspod.com/measure/prfx.byspotify.com/e/pscrb.fm/rss/p/mgln.ai/e/31/afp-9384.calisto.simplecastaudio.com/dbf86dbd-6a9d-4db2-a354-45de08471376/episodes/681bea69-9dad-49d7-92e6-e0625c3a49e7/audio/128/default.mp3?aid=rss_feed&awCollectionId=dbf86dbd-6a9d-4db2-a354-45de08471376&awEpisodeId=681bea69-9dad-49d7-92e6-e0625c3a49e7&feed=wjQvYtdl,60669443,0687ba17-9d5d-43d4-b046-5c13a27614dd
"MBMBaM 767: Look at Me, An Outdoor Kid",2025-06-16,3404,https://claritaspod.com/measure/prfx.byspotify.com/e/pscrb.fm/rss/p/mgln.ai/e/31/afp-9384.calisto.simplecastaudio.com/dbf86dbd-6a9d-4db2-a354-45de08471376/episodes/315bbe66-1f07-4a8a-b659-b9f0d5cc1643/audio/128/default.mp3?aid=rss_feed&awCollectionId=dbf86dbd-6a9d-4db2-a354-45de08471376&awEpisodeId=315bbe66-1f07-4a8a-b659-b9f0d5cc1643&feed=wjQvYtdl,61364981,c6be20e7-b3b9-4a4e-8a84-ec0f97523dbb
MBMBaM 768: Face 2 Face: No Toes as a General Rule,2025-06-23,3848,https://claritaspod.com/measure/prfx.byspotify.com/e/pscrb.fm/rss/p/mgln.ai/e/31/afp-9384.calisto.simplecastaudio.com/dbf86dbd-6a9d-4db2-a354-45de08471376/episodes/4eea7571-1288-4239-962e-8e54e77d9fc9/audio/128/default.mp3?aid=rss_feed&awCollectionId=dbf86dbd-6a9d-4db2-a354-45de08471376&awEpisodeId=4eea7571-1288-4239-962e-8e54e77d9fc9&feed=wjQvYtdl,68464635,00cfa0cd-5a06-47f9-8a3f-59a447a28a22
MBMBaM 769: The Good Time McElroy Hang Time,2025-06-30,3542,https://claritaspod.com/measure/prfx.byspotify.com/e/pscrb.fm/rss/p/mgln.ai/e/31/afp-9384.calisto.simplecastaudio.com/dbf86dbd-6a9d-4db2-a354-45de08471376/episodes/fe0c4df9-536b-463b-949c-bf069fc361db/audio/128/default.mp3?aid=rss_feed&awCollectionId=dbf86dbd-6a9d-4db2-a354-45de08471376&awEpisodeId=fe0c4df9-536b-463b-949c-bf069fc361db&feed=wjQvYtdl,63563893,0b69542f-df2b-4302-96f7-69903cedc019
MBMBaM 770: Hy-paw-thesis,2025-07-07,3470,https://claritaspod.com/measure/prfx.byspotify.com/e/pscrb.fm/rss/p/mgln.ai/e/31/afp-9384.calisto.simplecastaudio.com/dbf86dbd-6a9d-4db2-a354-45de08471376/episodes/a3cac0b1-4929-40b2-b4fe-28b68536b0e1/audio/128/default.mp3?aid=rss_feed&awCollectionId=dbf86dbd-6a9d-4db2-a354-45de08471376&awEpisodeId=a3cac0b1-4929-40b2-b4fe-28b68536b0e1&feed=wjQvYtdl,62418969,ee101a2b-b0f2-4272-8bac-330bd4467771
MBMBaM 771: Face 2 Face: Le Oink,2025-07-14,4523,https://claritaspod.com/measure/prfx.byspotify.com/e/pscrb.fm/rss/p/mgln.ai/e/31/afp-9384.calisto.simplecastaudio.com/dbf86dbd-6a9d-4db2-a354-45de08471376/episodes/330ea90f-a431-4aa5-a950-17e543ed88f4/audio/128/default.mp3?aid=rss_feed&awCollectionId=dbf86dbd-6a9d-4db2-a354-45de08471376&awEpisodeId=330ea90f-a431-4aa5-a950-17e543ed88f4&feed=wjQvYtdl,79271754,93779455-b091-4816-813f-8ea750f7fb2e
MBMBaM 772: Spiders Are Writing and God Is Real,2025-07-21,3173,https://claritaspod.com/measure/prfx.byspotify.com/e/pscrb.fm/rss/p/mgln.ai/e/31/afp-9384.calisto.simplecastaudio.com/dbf86dbd-6a9d-4db2-a354-45de08471376/episodes/fd5df2b6-d110-4657-8ffc-31b3bb69d528/audio/128/default.mp3?aid=rss_feed&awCollectionId=dbf86dbd-6a9d-4db2-a354-45de08471376&awEpisodeId=fd5df2b6-d110-4657-8ffc-31b3bb69d528&feed=wjQvYtdl,57662455,a072ce26-0d3a-40eb-9028-57fb34ea3f52
MBMBaM 773: Face 2 Face: Callioucifer,2025-07-28,4334,https://claritaspod.com/measure/prfx.byspotify.com/e/pscrb.fm/rss/p/mgln.ai/e/31/afp-9384.calisto.simplecastaudio.com/dbf86dbd-6a9d-4db2-a354-45de08471376/episodes/5ac53058-0e4c-4a17-9fc8-91196e9df200/audio/128/default.mp3?aid=rss_feed&awCollectionId=dbf86dbd-6a9d-4db2-a354-45de08471376&awEpisodeId=5ac53058-0e4c-4a17-9fc8-91196e9df200&feed=wjQvYtdl,76254305,663840b3-2725-4d26-ac36-1b5335b1c728
MBMBaM 774: Bear No Skyver,2025-08-04,3378,https://claritaspod.com/measure/prfx.byspotify.com/e/pscrb.fm/rss/p/mgln.ai/e/31/afp-9384.calisto.simplecastaudio.com/dbf86dbd-6a9d-4db2-a354-45de08471376/episodes/2d2def6f-e679-4861-8e2c-563a4d9dc88d/audio/128/default.mp3?aid=rss_feed&awCollectionId=dbf86dbd-6a9d-4db2-a354-45de08471376&awEpisodeId=2d2def6f-e679-4861-8e2c-563a4d9dc88d&feed=wjQvYtdl,60956073,7476a24a-118b-48c0-8e64-c3e66cff7dab
MBMBaM 775: Face 2 Face: Cookies and Clam,2025-08-11,4382,https://claritaspod.com/measure/prfx.byspotify.com/e/pscrb.fm/rss/p/mgln.ai/e/31/afp-9384.calisto.simplecastaudio.com/dbf86dbd-6a9d-4db2-a354-45de08471376/episodes/ee50d42d-99f8-49d8-ae7f-c4cc40c11af9/audio/128/default.mp3?aid=rss_feed&awCollectionId=dbf86dbd-6a9d-4db2-a354-45de08471376&awEpisodeId=ee50d42d-99f8-49d8-ae7f-c4cc40c11af9&feed=wjQvYtdl,77013370,5798f6e7-682e-457d-8f2e-06fbafb30fff
MBMBaM 776: The Great Brother Spiral of 2025,2025-08-18,3399,https://claritaspod.com/measure/prfx.byspotify.com/e/pscrb.fm/rss/p/mgln.ai/e/31/afp-9384.calisto.simplecastaudio.com/dbf86dbd-6a9d-4db2-a354-45de08471376/episodes/d7d7d0f4-ba04-46b4-a6b1-cc6778ef34f3/audio/128/default.mp3?aid=rss_feed&awCollectionId=dbf86dbd-6a9d-4db2-a354-45de08471376&awEpisodeId=d7d7d0f4-ba04-46b4-a6b1-cc6778ef34f3&feed=wjQvYtdl,61278989,947ef819-eead-40bb-a0c6-d1b4978a2aa7
MBMBaM 777: Preparation Hoops,2025-08-25,3500,https://claritaspod.com/measure/prfx.byspotify.com/e/pscrb.fm/rss/p/mgln.ai/e/31/afp-9384.calisto.simplecastaudio.com/dbf86dbd-6a9d-4db2-a354-45de08471376/episodes/57094af2-44c3-4791-9c47-ddb29c828357/audio/128/default.mp3?aid=rss_feed&awCollectionId=dbf86dbd-6a9d-4db2-a354-45de08471376&awEpisodeId=57094af2-44c3-4791-9c47-ddb29c828357&feed=wjQvYtdl,62903038,444e4141-51e8-43c4-b7b3-ddb481c451be
MBMBaM 778: Face 2 Face: Yellin’ at the Kellen Felons,2025-09-01,4690,https://claritaspod.com/measure/prfx.byspotify.com/e/pscrb.fm/rss/p/mgln.ai/e/31/afp-9384.calisto.simplecastaudio.com/dbf86dbd-6a9d-4db2-a354-45de08471376/episodes/aa8ce48d-bd3d-4176-8c10-7d348e1f2faf/audio/128/default.mp3?aid=rss_feed&awCollectionId=dbf86dbd-6a9d-4db2-a354-45de08471376&awEpisodeId=aa8ce48d-bd3d-4176-8c10-7d348e1f2faf&feed=wjQvYtdl,81932911,9e8bb608-f808-433b-92f3-e6f125fe33d0
MBMBaM 779: Bugbag Mode,2025-09-08,3152,https://claritaspod.com/measure/prfx.byspotify.com/e/pscrb.fm/rss/p/mgln.ai/e/31/afp-9384.calisto.simplecastaudio.com/dbf86dbd-6a9d-4db2-a354-45de08471376/episodes/27fc6260-c5c7-413f-a3f7-31ab0f17edbd/audio/128/default.mp3?aid=rss_feed&awCollectionId=dbf86dbd-6a9d-4db2-a354-45de08471376&awEpisodeId=27fc6260-c5c7-413f-a3f7-31ab0f17edbd&feed=wjQvYtdl,57332825,500d4db7-1375-4dca-96cf-5882d0030616
MBMBaM 780: Face 2 Face: Good Will Horsing,2025-09-16,3533,https://claritaspod.com/measure/prfx.byspotify.com/e/pscrb.fm/rss/p/mgln.ai/e/31/afp-9384.calisto.simplecastaudio.com/dbf86dbd-6a9d-4db2-a354-45de08471376/episodes/ca21605f-b916-4842-9d18-09b74e15fa5a/audio/128/default.mp3?aid=rss_feed&awCollectionId=dbf86dbd-6a9d-4db2-a354-45de08471376&awEpisodeId=ca21605f-b916-4842-9d18-09b74e15fa5a&feed=wjQvYtdl,63429205,f98c986c-661b-4400-8b90-a994f70cc88b
MBMBaM 781: Jolly Green Gundam,2025-09-22,3428,https://claritaspod.com/measure/prfx.byspotify.com/e/pscrb.fm/rss/p/mgln.ai/e/31/afp-9384.calisto.simplecastaudio.com/dbf86dbd-6a9d-4db2-a354-45de08471376/episodes/afdbf87d-4726-4ce3-852d-d8143166f3bf/audio/128/default.mp3?aid=rss_feed&awCollectionId=dbf86dbd-6a9d-4db2-a354-45de08471376&awEpisodeId=afdbf87d-4726-4ce3-852d-d8143166f3bf&feed=wjQvYtdl,61754594,c22b4163-0448-4707-85e4-5dde38ed8e83
MBMBaM 782: A Net Full of Screaming Butterflies,2025-09-29,3377,https://claritaspod.com/measure/prfx.byspotify.com/e/pscrb.fm/rss/p/mgln.ai/e/31/afp-9384.calisto.simplecastaudio.com/dbf86dbd-6a9d-4db2-a354-45de08471376/episodes/003c41f7-a49c-4f34-a373-d0ad474d5b0a/audio/128/default.mp3?aid=rss_feed&awCollectionId=dbf86dbd-6a9d-4db2-a354-45de08471376&awEpisodeId=003c41f7-a49c-4f34-a373-d0ad474d5b0a&feed=wjQvYtdl,60931794,bdcd8522-e570-4a94-be2a-9d5019bf4e6a
MBMBaM 783: Spidey Spaghetti,2025-10-06,3268,https://claritaspod.com/measure/prfx.byspotify.com/e/pscrb.fm/rss/p/mgln.ai/e/31/afp-9384.calisto.simplecastaudio.com/dbf86dbd-6a9d-4db2-a354-45de08471376/episodes/350ebf60-3af9-4899-b74b-8b1aa6e9d098/audio/128/default.mp3?aid=rss_feed&awCollectionId=dbf86dbd-6a9d-4db2-a354-45de08471376&awEpisodeId=350ebf60-3af9-4899-b74b-8b1aa6e9d098&feed=wjQvYtdl,59177915,6dae87e6-7738-48bc-8aed-d576fbf5d055
MBMBaM 784: Can You Escape Hatred Cove?,2025-10-13,3329,https://claritaspod.com/measure/prfx.byspotify.com/e/pscrb.fm/rss/p/mgln.ai/e/31/afp-9384.calisto.simplecastaudio.com/dbf86dbd-6a9d-4db2-a354-45de08471376/episodes/b1862d04-c0d3-487f-9f1e-bd7d0718abda/audio/128/default.mp3?aid=rss_feed&awCollectionId=dbf86dbd-6a9d-4db2-a354-45de08471376&awEpisodeId=b1862d04-c0d3-487f-9f1e-bd7d0718abda&feed=wjQvYtdl,60168769,1b45ba0d-2fa2-437c-87ef-64c8f5d01607
MBMBaM 785: Face 2 Face: Freelance Body Inspector,2025-10-20,5001,https://claritaspod.com/measure/prfx.byspotify.com/e/pscrb.fm/rss/p/mgln.ai/e/31/afp-9384.calisto.simplecastaudio.com/dbf86dbd-6a9d-4db2-a354-45de08471376/episodes/975b0c97-af4f-4d46-83c8-d8033916b3f9/audio/128/default.mp3?aid=rss_feed&awCollectionId=dbf86dbd-6a9d-4db2-a354-45de08471376&awEpisodeId=975b0c97-af4f-4d46-83c8-d8033916b3f9&feed=wjQvYtdl,86912394,22d26dee-ebec-41b3-b078-3edc58a4fdb3
MBMBaM 786: Flatman,2025-10-27,3451,https://claritaspod.com/measure/prfx.byspotify.com/e/pscrb.fm/rss/p/mgln.ai/e/31/afp-9384.calisto.simplecastaudio.com/dbf86dbd-6a9d-4db2-a354-45de08471376/episodes/395aa66b-bc02-4109-a930-6fe432ca130a/audio/128/default.mp3?aid=rss_feed&awCollectionId=dbf86dbd-6a9d-4db2-a354-45de08471376&awEpisodeId=395aa66b-bc02-4109-a930-6fe432ca130a&feed=wjQvYtdl,62117977,e7bc5588-2f9e-4668-bfec-891ad6b990f2
MBMBaM 787: Man Vs Kramer Vs Wild Vs Predator,2025-11-03,3513,https://claritaspod.com/measure/prfx.byspotify.com/e/pscrb.fm/rss/p/mgln.ai/e/31/afp-9384.calisto.simplecastaudio.com/dbf86dbd-6a9d-4db2-a354-45de08471376/episodes/269cb69f-8d2d-42ae-a9fd-b8afc39b9bfd/audio/128/default.mp3?aid=rss_feed&awCollectionId=dbf86dbd-6a9d-4db2-a354-45de08471376&awEpisodeId=269cb69f-8d2d-42ae-a9fd-b8afc39b9bfd&feed=wjQvYtdl,63115001,36f05633-debb-46c5-8aa8-ed0b895dc848
MBMBaM 788: Blame It On the Full Beaver Supermoon,2025-11-10,3245,https://claritaspod.com/measure/prfx.byspotify.com/e/pscrb.fm/rss/p/mgln.ai/e/31/afp-9384.calisto.simplecastaudio.com/dbf86dbd-6a9d-4db2-a354-45de08471376/episodes/0fd0a7b0-3c99-4e22-8048-cd7dfe515c2c/audio/128/default.mp3?aid=rss_feed&awCollectionId=dbf86dbd-6a9d-4db2-a354-45de08471376&awEpisodeId=0fd0a7b0-3c99-4e22-8048-cd7dfe515c2c&feed=wjQvYtdl,58828221,c56b00ca-2f6e-46fb-9d7b-ab9157b0777d
MBMBaM 789: Meditations on Bean,2025-11-17,3434,https://claritaspod.com/measure/prfx.byspotify.com/e/pscrb.fm/rss/p/mgln.ai/e/31/afp-9384.calisto.simplecastaudio.com/dbf86dbd-6a9d-4db2-a354-45de08471376/episodes/128bcf04-348d-4066-8e45-603ed010bb48/audio/128/default.mp3?aid=rss_feed&awCollectionId=dbf86dbd-6a9d-4db2-a354-45de08471376&awEpisodeId=128bcf04-348d-4066-8e45-603ed010bb48&feed=wjQvYtdl,61841486,2e889b5a-943a-4172-bbef-6d99bf8d0c2b
MBMBaM 790: Face 2 Face: Frogspotting,2025-11-24,4347,https://claritaspod.com/measure/prfx.byspotify.com/e/pscrb.fm/rss/p/mgln.ai/e/31/afp-9384.calisto.simplecastaudio.com/dbf86dbd-6a9d-4db2-a354-45de08471376/episodes/505746de-ee99-4a93-83c5-8cc766562c5d/audio/128/default.mp3?aid=rss_feed&awCollectionId=dbf86dbd-6a9d-4db2-a354-45de08471376&awEpisodeId=505746de-ee99-4a93-83c5-8cc766562c5d&feed=wjQvYtdl,76465020,43b9dbf2-691c-4f82-8580-088d3e956a90
MBMBaM 791: A Safe Space to Hurt Travis's Feelings,2025-12-01,4041,https://claritaspod.com/measure/prfx.byspotify.com/e/pscrb.fm/rss/p/mgln.ai/e/31/afp-9384.calisto.simplecastaudio.com/dbf86dbd-6a9d-4db2-a354-45de08471376/episodes/5f102040-a3e3-4e30-9a3e-69aba27d9ee3/audio/128/default.mp3?aid=rss_feed&awCollectionId=dbf86dbd-6a9d-4db2-a354-45de08471376&awEpisodeId=5f102040-a3e3-4e30-9a3e-69aba27d9ee3&feed=wjQvYtdl,71553393,3a23b124-2575-451f-a3f4-47baaefafb82
"MBMBaM 792: They're Not Drunk, They're Just Fighting",2025-12-08,3085,https://claritaspod.com/measure/prfx.byspotify.com/e/pscrb.fm/rss/p/mgln.ai/e/31/afp-9384.calisto.simplecastaudio.com/dbf86dbd-6a9d-4db2-a354-45de08471376/episodes/9899b3d5-9b7e-4e47-ab1c-35012b73fe37/audio/128/default.mp3?aid=rss_feed&awCollectionId=dbf86dbd-6a9d-4db2-a354-45de08471376&awEpisodeId=9899b3d5-9b7e-4e47-ab1c-35012b73fe37&feed=wjQvYtdl,56263592,b9a01d79-6813-470e-ba9e-706b3626ebe2
MBMBaM 793: Fruit of the Loam,2025-12-15,3117,https://claritaspod.com/measure/prfx.byspotify.com/e/pscrb.fm/rss/p/mgln.ai/e/31/afp-9384.calisto.simplecastaudio.com/dbf86dbd-6a9d-4db2-a354-45de08471376/episodes/f894318d-1ca4-4e32-a724-0231f0130b84/audio/128/default.mp3?aid=rss_feed&awCollectionId=dbf86dbd-6a9d-4db2-a354-45de08471376&awEpisodeId=f894318d-1ca4-4e32-a724-0231f0130b84&feed=wjQvYtdl,56765863,63ce9508-4677-4789-b4a2-b957920c5996
MBMBaM 794: Candlenights XXX,2025-12-22,3341,https://claritaspod.com/measure/prfx.byspotify.com/e/pscrb.fm/rss/p/mgln.ai/e/31/afp-9384.calisto.simplecastaudio.com/dbf86dbd-6a9d-4db2-a354-45de08471376/episodes/dbaff386-6fad-4bbe-89fe-66ba51d46f21/audio/128/default.mp3?aid=rss_feed&awCollectionId=dbf86dbd-6a9d-4db2-a354-45de08471376&awEpisodeId=dbaff386-6fad-4bbe-89fe-66ba51d46f21&feed=wjQvYtdl,60363800,a49c7900-178c-475a-a23a-e07137ef3423
MBMBaM 795: The Naming of 2026,2026-01-05,5666,https://claritaspod.com/measure/prfx.byspotify.com/e/pscrb.fm/rss/p/mgln.ai/e/31/afp-9384.calisto.simplecastaudio.com/dbf86dbd-6a9d-4db2-a354-45de08471376/episodes/ea071283-e79b-47a7-a0bb-06f558295778/audio/128/default.mp3?aid=rss_feed&awCollectionId=dbf86dbd-6a9d-4db2-a354-45de08471376&awEpisodeId=ea071283-e79b-47a7-a0bb-06f558295778&feed=wjQvYtdl,97561849,ef1c4a02-6bee-403d-8bfd-71db067fa377
MBMBaM 796: Wire and Ass,2026-01-12,3117,https://claritaspod.com/measure/prfx.byspotify.com/e/pscrb.fm/rss/p/mgln.ai/e/31/afp-9384.calisto.simplecastaudio.com/dbf86dbd-6a9d-4db2-a354-45de08471376/episodes/2db6cb96-1fe1-4595-a496-34b4d4c251f1/audio/128/default.mp3?aid=rss_feed&awCollectionId=dbf86dbd-6a9d-4db2-a354-45de08471376&awEpisodeId=2db6cb96-1fe1-4595-a496-34b4d4c251f1&feed=wjQvYtdl,56783261,a91c26c8-3347-4ac7-8be3-3188f2ace5b8
MBMBaM 797: Safe and Full of Grubs,2026-01-19,3501,https://claritaspod.com/measure/prfx.byspotify.com/e/pscrb.fm/rss/p/mgln.ai/e/31/afp-9384.calisto.simplecastaudio.com/dbf86dbd-6a9d-4db2-a354-45de08471376/episodes/7bbb2801-67c2-4d6f-9115-d4ba153858ad/audio/128/default.mp3?aid=rss_feed&awCollectionId=dbf86dbd-6a9d-4db2-a354-45de08471376&awEpisodeId=7bbb2801-67c2-4d6f-9115-d4ba153858ad&feed=wjQvYtdl,62911460,58f4f72d-08c1-4238-ae92-01a8f8f9658e
MBMBaM 798: Round and Swallowable,2026-01-26,3619,https://claritaspod.com/measure/prfx.byspotify.com/e/pscrb.fm/rss/p/mgln.ai/e/31/afp-9384.calisto.simplecastaudio.com/dbf86dbd-6a9d-4db2-a354-45de08471376/episodes/116b3696-04fe-4df0-973d-f6872aff17d5/audio/128/default.mp3?aid=rss_feed&awCollectionId=dbf86dbd-6a9d-4db2-a354-45de08471376&awEpisodeId=116b3696-04fe-4df0-973d-f6872aff17d5&feed=wjQvYtdl,64875165,f072a8df-9185-42bc-90c7-2ebbcf8e8bfc
MBMBaM 799:  A Regular Human Footballman,2026-02-02,3292,https://claritaspod.com/measure/prfx.byspotify.com/e/pscrb.fm/rss/p/mgln.ai/e/31/afp-9384.calisto.simplecastaudio.com/dbf86dbd-6a9d-4db2-a354-45de08471376/episodes/276ba98d-3ece-4987-a9e5-3e8614cd5efc/audio/128/default.mp3?aid=rss_feed&awCollectionId=dbf86dbd-6a9d-4db2-a354-45de08471376&awEpisodeId=276ba98d-3ece-4987-a9e5-3e8614cd5efc&feed=wjQvYtdl,59570254,5f230555-f30d-4896-a18a-3d63592989ed
MBMBaM 800: Platonic Soapbox Sex Coffin,2026-02-09,3355,https://claritaspod.com/measure/prfx.byspotify.com/e/pscrb.fm/rss/p/mgln.ai/e/31/afp-9384.calisto.simplecastaudio.com/dbf86dbd-6a9d-4db2-a354-45de08471376/episodes/5899b294-5830-4b1a-a18c-6d1352b61800/audio/128/default.mp3?aid=rss_feed&awCollectionId=dbf86dbd-6a9d-4db2-a354-45de08471376&awEpisodeId=5899b294-5830-4b1a-a18c-6d1352b61800&feed=wjQvYtdl,60593896,e7ac36ec-71dc-401c-bff5-60c4d521a2f4
MBMBaM 801: Bad Idea Blanket,2026-02-16,3281,https://claritaspod.com/measure/prfx.byspotify.com/e/pscrb.fm/rss/p/mgln.ai/e/31/afp-9384.calisto.simplecastaudio.com/dbf86dbd-6a9d-4db2-a354-45de08471376/episodes/258627cf-0208-4519-8cde-0f639a5fea38/audio/128/default.mp3?aid=rss_feed&awCollectionId=dbf86dbd-6a9d-4db2-a354-45de08471376&awEpisodeId=258627cf-0208-4519-8cde-0f639a5fea38&feed=wjQvYtdl,59396300,bb738dc7-eaf9-4fc3-a6e9-88147882d8d6
MBMBaM 802: Assassinating the Moon Queen,2026-02-23,3249,https://claritaspod.com/measure/prfx.byspotify.com/e/pscrb.fm/rss/p/mgln.ai/e/31/afp-9384.calisto.simplecastaudio.com/dbf86dbd-6a9d-4db2-a354-45de08471376/episodes/3df8826e-d30c-4957-9206-4b83ed0857ad/audio/128/default.mp3?aid=rss_feed&awCollectionId=dbf86dbd-6a9d-4db2-a354-45de08471376&awEpisodeId=3df8826e-d30c-4957-9206-4b83ed0857ad&feed=wjQvYtdl,58882068,7d1abc46-687a-43f6-ae42-e3ca3164c7be
MBMBaM 803: Rango vs. Rango,2026-03-03,3587,https://claritaspod.com/measure/prfx.byspotify.com/e/pscrb.fm/rss/p/mgln.ai/e/31/afp-9384.calisto.simplecastaudio.com/dbf86dbd-6a9d-4db2-a354-45de08471376/episodes/e457835d-0469-4f9a-b41c-42b5ea6db437/audio/128/default.mp3?aid=rss_feed&awCollectionId=dbf86dbd-6a9d-4db2-a354-45de08471376&awEpisodeId=e457835d-0469-4f9a-b41c-42b5ea6db437&feed=wjQvYtdl,64297602,5aeefcb5-b12c-4b11-bda7-1ffa6cc82e4a
"MBMBaM 804: Aaron Space, Boy Astronaut",2026-03-09,3135,https://claritaspod.com/measure/prfx.byspotify.com/e/pscrb.fm/rss/p/mgln.ai/e/31/afp-9384.calisto.simplecastaudio.com/dbf86dbd-6a9d-4db2-a354-45de08471376/episodes/7145151f-8dac-4dc2-9e59-6a4c095e57cc/audio/128/default.mp3?aid=rss_feed&awCollectionId=dbf86dbd-6a9d-4db2-a354-45de08471376&awEpisodeId=7145151f-8dac-4dc2-9e59-6a4c095e57cc&feed=wjQvYtdl,57059154,ed39d749-6693-486b-b896-dff3ea5b0667
MBMBaM 805: The Most Forbidden Fritos,2026-03-16,3411,https://claritaspod.com/measure/prfx.byspotify.com/e/pscrb.fm/rss/p/mgln.ai/e/31/afp-9384.calisto.simplecastaudio.com/dbf86dbd-6a9d-4db2-a354-45de08471376/episodes/97b9a39c-ad3a-44cf-bb95-0c935ead0c57/audio/128/default.mp3?aid=rss_feed&awCollectionId=dbf86dbd-6a9d-4db2-a354-45de08471376&awEpisodeId=97b9a39c-ad3a-44cf-bb95-0c935ead0c57&feed=wjQvYtdl,61473818,da6a6915-c77d-4713-87db-a887197fab87
MBMBaM 806: Ad Daddies,2026-03-23,3599,https://claritaspod.com/measure/prfx.byspotify.com/e/pscrb.fm/rss/p/mgln.ai/e/31/afp-9384.calisto.simplecastaudio.com/dbf86dbd-6a9d-4db2-a354-45de08471376/episodes/c2db1852-b561-4065-ad25-2e0af24de5c8/audio/128/default.mp3?aid=rss_feed&awCollectionId=dbf86dbd-6a9d-4db2-a354-45de08471376&awEpisodeId=c2db1852-b561-4065-ad25-2e0af24de5c8&feed=wjQvYtdl,64478970,090b3d92-2ef4-4219-95fc-950d069b74e7
MBMBaM 807: Riding in Floors with Boys,2026-03-30,3332,https://claritaspod.com/measure/prfx.byspotify.com/e/pscrb.fm/rss/p/mgln.ai/e/31/afp-9384.calisto.simplecastaudio.com/dbf86dbd-6a9d-4db2-a354-45de08471376/episodes/0de4ddb6-0cbd-4445-9509-028464597f6c/audio/128/default.mp3?aid=rss_feed&awCollectionId=dbf86dbd-6a9d-4db2-a354-45de08471376&awEpisodeId=0de4ddb6-0cbd-4445-9509-028464597f6c&feed=wjQvYtdl,60224618,8c5b1548-ba4d-4643-bbcf-1f1a0984ae33
MBMBaM 808: Let Your Body Be the Dumpster,2026-04-06,3449,https://claritaspod.com/measure/prfx.byspotify.com/e/pscrb.fm/rss/p/mgln.ai/e/31/afp-9384.calisto.simplecastaudio.com/dbf86dbd-6a9d-4db2-a354-45de08471376/episodes/f7bc29bb-1029-4d07-aa42-1ba0579a1885/audio/128/default.mp3?aid=rss_feed&awCollectionId=dbf86dbd-6a9d-4db2-a354-45de08471376&awEpisodeId=f7bc29bb-1029-4d07-aa42-1ba0579a1885&feed=wjQvYtdl,59287275,ad610162-6544-41e4-81c5-971910cfce5c
MBMBaM 809: Lesser Luigi Model,2026-04-13,3229,https://claritaspod.com/measure/prfx.byspotify.com/e/pscrb.fm/rss/p/mgln.ai/e/31/afp-9384.calisto.simplecastaudio.com/dbf86dbd-6a9d-4db2-a354-45de08471376/episodes/89d8adf9-2702-4c9f-997c-412116248f07/audio/128/default.mp3?aid=rss_feed&awCollectionId=dbf86dbd-6a9d-4db2-a354-45de08471376&awEpisodeId=89d8adf9-2702-4c9f-997c-412116248f07&feed=wjQvYtdl,58577042,2321956b-f437-43ff-a324-8a3135c25fcd
MBMBaM 810: Shirtpants! Shirtpants!,2026-04-20,3946,https://claritaspod.com/measure/prfx.byspotify.com/e/pscrb.fm/rss/p/mgln.ai/e/31/afp-9384.calisto.simplecastaudio.com/dbf86dbd-6a9d-4db2-a354-45de08471376/episodes/8a6e5b87-a762-4b89-91b4-d979e1aa99c0/audio/128/default.mp3?aid=rss_feed&awCollectionId=dbf86dbd-6a9d-4db2-a354-45de08471376&awEpisodeId=8a6e5b87-a762-4b89-91b4-d979e1aa99c0&feed=wjQvYtdl,70047682,b6049d01-d394-40e8-9a87-625d20c6a506
MaxFunDrive 2026: Janet Varney Masterclass BoCo Teaser!,2026-04-23,248,https://claritaspod.com/measure/prfx.byspotify.com/e/pscrb.fm/rss/p/mgln.ai/e/31/afp-9384.calisto.simplecastaudio.com/dbf86dbd-6a9d-4db2-a354-45de08471376/episodes/cda0bb13-fefb-4f7f-aa6c-b0076fea5c80/audio/128/default.mp3?aid=rss_feed&awCollectionId=dbf86dbd-6a9d-4db2-a354-45de08471376&awEpisodeId=cda0bb13-fefb-4f7f-aa6c-b0076fea5c80&feed=wjQvYtdl,10863057,16de63a2-9181-4073-89ed-22fa2f5ba380
MBMBaM 811: New At Yeast,2026-04-27,4026,https://claritaspod.com/measure/prfx.byspotify.com/e/pscrb.fm/rss/p/mgln.ai/e/31/afp-9384.calisto.simplecastaudio.com/dbf86dbd-6a9d-4db2-a354-45de08471376/episodes/9fc4772a-9aea-498a-b84f-03b9c9a29ce8/audio/128/default.mp3?aid=rss_feed&awCollectionId=dbf86dbd-6a9d-4db2-a354-45de08471376&awEpisodeId=9fc4772a-9aea-498a-b84f-03b9c9a29ce8&feed=wjQvYtdl,71330569,7839e8e9-c39c-43e4-aa44-d1b79705e236
MBMBaM 812: ‘Cino Drops a Hoo,2026-05-04,3861,https://claritaspod.com/measure/prfx.byspotify.com/e/pscrb.fm/rss/p/mgln.ai/e/31/afp-9384.calisto.simplecastaudio.com/dbf86dbd-6a9d-4db2-a354-45de08471376/episodes/5c1b74fb-6315-4a5e-9023-34ccf886476e/audio/128/default.mp3?aid=rss_feed&awCollectionId=dbf86dbd-6a9d-4db2-a354-45de08471376&awEpisodeId=5c1b74fb-6315-4a5e-9023-34ccf886476e&feed=wjQvYtdl,68685345,ccc47ae6-7289-4bfb-8edc-764ded64ee7a
MBMBaM 813: Somebody Cream Me!,2026-05-11,3414,https://claritaspod.com/measure/prfx.byspotify.com/e/pscrb.fm/rss/p/mgln.ai/e/31/afp-9384.calisto.simplecastaudio.com/dbf86dbd-6a9d-4db2-a354-45de08471376/episodes/00748d79-c6a8-4caf-ac44-fabf14079bad/audio/128/default.mp3?aid=rss_feed&awCollectionId=dbf86dbd-6a9d-4db2-a354-45de08471376&awEpisodeId=00748d79-c6a8-4caf-ac44-fabf14079bad&feed=wjQvYtdl,61533280,7c2b4c03-3dbd-4af0-b71f-7451f54c830d
MBMBaM 814: Pibbonade,2026-05-18,4066,https://claritaspod.com/measure/prfx.byspotify.com/e/pscrb.fm/rss/p/mgln.ai/e/31/afp-9384.calisto.simplecastaudio.com/dbf86dbd-6a9d-4db2-a354-45de08471376/episodes/661067bd-cf3e-4529-89c9-ac8a8c5663d4/audio/128/default.mp3?aid=rss_feed&awCollectionId=dbf86dbd-6a9d-4db2-a354-45de08471376&awEpisodeId=661067bd-cf3e-4529-89c9-ac8a8c5663d4&feed=wjQvYtdl,69065414,346c6372-8ae2-42aa-a094-addd6b926d2a
MBMBaM 815: Pain Is Funny Leaving The Body,2026-05-25,3422,https://claritaspod.com/measure/prfx.byspotify.com/e/pscrb.fm/rss/p/mgln.ai/e/31/afp-9384.calisto.simplecastaudio.com/dbf86dbd-6a9d-4db2-a354-45de08471376/episodes/3bfdd0fc-daac-4ac4-8625-4061cb1988d3/audio/128/default.mp3?aid=rss_feed&awCollectionId=dbf86dbd-6a9d-4db2-a354-45de08471376&awEpisodeId=3bfdd0fc-daac-4ac4-8625-4061cb1988d3&feed=wjQvYtdl,58826724,476253cc-7fbf-4dbb-9a7f-cd81e68acb39
MBMBaM 816: Ship of Vanilli,2026-06-01,3537,https://claritaspod.com/measure/prfx.byspotify.com/e/pscrb.fm/rss/p/mgln.ai/e/31/afp-9384.calisto.simplecastaudio.com/dbf86dbd-6a9d-4db2-a354-45de08471376/episodes/78b8fb0c-5d7b-4e4f-94e2-cd6840c2f10f/audio/128/default.mp3?aid=rss_feed&awCollectionId=dbf86dbd-6a9d-4db2-a354-45de08471376&awEpisodeId=78b8fb0c-5d7b-4e4f-94e2-cd6840c2f10f&feed=wjQvYtdl,63507872,4aa977e5-16ac-4e1d-aacc-2f1aacf89ced
MBMBaM 817: Shabby Dabby Doug,2026-06-08,3433,https://claritaspod.com/measure/prfx.byspotify.com/e/pscrb.fm/rss/p/mgln.ai/e/31/afp-9384.calisto.simplecastaudio.com/dbf86dbd-6a9d-4db2-a354-45de08471376/episodes/6f26e655-5f9b-4a90-8822-9b29814cf5bc/audio/128/default.mp3?aid=rss_feed&awCollectionId=dbf86dbd-6a9d-4db2-a354-45de08471376&awEpisodeId=6f26e655-5f9b-4a90-8822-9b29814cf5bc&feed=wjQvYtdl,61842600,a8a3dcd3-ffff-4484-b8b1-d81534f83d9e
MBMBaM 818: Announcing: Utilidrink,2026-06-15,3399,https://claritaspod.com/measure/prfx.byspotify.com/e/pscrb.fm/rss/p/mgln.ai/e/31/afp-9384.calisto.simplecastaudio.com/dbf86dbd-6a9d-4db2-a354-45de08471376/episodes/8462c5bf-0069-4f60-b95c-1ef095a7a6c9/audio/128/default.mp3?aid=rss_feed&awCollectionId=dbf86dbd-6a9d-4db2-a354-45de08471376&awEpisodeId=8462c5bf-0069-4f60-b95c-1ef095a7a6c9&feed=wjQvYtdl,61288080,6af4aaf2-c678-427e-8d6d-d12a697c6228
MBMBaM 819: Real Guys Real Eyes Realize Real Lies,2026-06-22,3436,https://claritaspod.com/measure/prfx.byspotify.com/e/pscrb.fm/rss/p/mgln.ai/e/31/afp-9384.calisto.simplecastaudio.com/dbf86dbd-6a9d-4db2-a354-45de08471376/episodes/a63144bc-c05c-460b-ab43-8d2a84d21d14/audio/128/default.mp3?aid=rss_feed&awCollectionId=dbf86dbd-6a9d-4db2-a354-45de08471376&awEpisodeId=a63144bc-c05c-460b-ab43-8d2a84d21d14&feed=wjQvYtdl,61892768,72224d41-3145-461c-bf93-c375a8f3780e
MBMBaM 820: More Baubles!,2026-06-29,4375,https://claritaspod.com/measure/prfx.byspotify.com/e/pscrb.fm/rss/p/mgln.ai/e/31/afp-9384.calisto.simplecastaudio.com/dbf86dbd-6a9d-4db2-a354-45de08471376/episodes/93d686b3-8bef-4c28-9393-b460bb81834d/audio/128/default.mp3?aid=rss_feed&awCollectionId=dbf86dbd-6a9d-4db2-a354-45de08471376&awEpisodeId=93d686b3-8bef-4c28-9393-b460bb81834d&feed=wjQvYtdl,76912176,a8312fa5-bbfa-4cce-93bf-ec8c9f602a89
MBMBaM 821: Time Lost is Cool Lost,2026-07-06,3671,https://claritaspod.com/measure/prfx.byspotify.com/e/pscrb.fm/rss/p/mgln.ai/e/31/afp-9384.calisto.simplecastaudio.com/dbf86dbd-6a9d-4db2-a354-45de08471376/episodes/e4b081b9-f0cb-4706-9e4a-91a6fb648f08/audio/128/default.mp3?aid=rss_feed&awCollectionId=dbf86dbd-6a9d-4db2-a354-45de08471376&awEpisodeId=e4b081b9-f0cb-4706-9e4a-91a6fb648f08&feed=wjQvYtdl,65656562,d94f3bd2-9ae9-413e-8dcb-bdb782cf1840
MBMBaM 822: Cheddars Never Win,2026-07-13,3399,https://claritaspod.com/measure/prfx.byspotify.com/e/pscrb.fm/rss/p/mgln.ai/e/31/afp-9384.calisto.simplecastaudio.com/dbf86dbd-6a9d-4db2-a354-45de08471376/episodes/4e899e67-974c-4ceb-b806-1332263373fc/audio/128/default.mp3?aid=rss_feed&awCollectionId=dbf86dbd-6a9d-4db2-a354-45de08471376&awEpisodeId=4e899e67-974c-4ceb-b806-1332263373fc&feed=wjQvYtdl,61297205,791d9221-2edf-42a7-bb15-783353d36764
MBMBaM 823: Seasonably Effective,2026-07-20,3429,https://claritaspod.com/measure/prfx.byspotify.com/e/pscrb.fm/rss/p/mgln.ai/e/31/afp-9384.calisto.simplecastaudio.com/dbf86dbd-6a9d-4db2-a354-45de08471376/episodes/85754f2f-420a-4eb6-95b6-77d81d789e63/audio/128/default.mp3?aid=rss_feed&awCollectionId=dbf86dbd-6a9d-4db2-a354-45de08471376&awEpisodeId=85754f2f-420a-4eb6-95b6-77d81d789e63&feed=wjQvYtdl,61780531,4756a997-7a41-48f2-a3ef-070013c8a652
"MBMBaM 824: Chaddy, Not Daddy",2026-07-27,3604,https://claritaspod.com/measure/prfx.byspotify.com/e/pscrb.fm/rss/p/mgln.ai/e/31/afp-9384.calisto.simplecastaudio.com/dbf86dbd-6a9d-4db2-a354-45de08471376/episodes/33230041-8bcc-4945-beb7-6d3d9476abb4/audio/128/default.mp3?aid=rss_feed&awCollectionId=dbf86dbd-6a9d-4db2-a354-45de08471376&awEpisodeId=33230041-8bcc-4945-beb7-6d3d9476abb4&feed=wjQvYtdl,64576881,1d517b39-6c78-4fc7-be00-cb96b19c27a2
